mean,std,rms,peak,peak_to_peak,crest_factor,skewness,kurtosis,energy,dominant_freq,dominant_amp,spectral_centroid,band_0_100,band_100_300,band_300_1000,harmonic_150_amp,harmonic_250_amp,transient_800_amp,stft_mean,stft_max,stft_low_energy,stft_mid_energy,stft_high_energy,dwt_cA4_energy,dwt_cA4_std,dwt_cD4_energy,dwt_cD4_std,dwt_cD3_energy,dwt_cD3_std,dwt_cD2_energy,dwt_cD2_std,dwt_cD1_energy,dwt_cD1_std,label,sample_id
-1.1102230246251566e-17,0.7264783991546468,0.7264783991546468,1.0273188419942365,2.0546376839884726,1.4141078980300625,7.2390590870765e-18,-1.5,675.5467064810218,50.0,1.0273956048555966,50.00000000001327,1.0555417288765971,3.166066871061949e-31,2.2463977839629558e-30,9.636748402194423e-17,7.355123255614369e-17,4.8254226100256443e-17,0.007964307014384556,0.5136978024277984,6.729078521588305,2.189354398031086e-30,1.3618008607906029e-29,676.1098698144864,2.8037944783716617,0.30629671032871336,0.05965730331718711,0.10133401792711878,0.02466126337514746,0.010588716587797121,0.005706198038608235,3.303215851014878e-05,0.0002266537925874306,Normal,normal_000
3.3306690738754695e-17,0.7324634832754204,0.7324634832754204,1.035811922816418,2.071623845632836,1.414148208703967,-7.063050389224387e-18,-1.5,686.7235255449116,50.0,1.0358597919911383,50.00000000001384,1.0730055086639243,3.643525496651685e-31,2.290708997894852e-30,7.133493237496538e-17,8.801948231842623e-17,7.592436520884411e-17,0.008029920868148448,0.5179298959955693,6.840410117732519,2.67049773130838e-30,1.3952733968813888e-29,688.3747871664721,2.828956903385116,0.3066830611569105,0.05969392099620565,0.10184512353378047,0.024723513898456936,0.010740572031125998,0.0057469630261586324,3.3616608061014204e-05,0.0002286501332911011,Normal,normal_001
6.106226635438361e-17,0.6784107862597722,0.6784107862597724,0.9594132714222915,1.918826542844583,1.4142069832207906,-3.822438099724992e-16,-1.4999999999999998,589.1087294894112,50.0,0.9594177347887648,50.00000000000998,0.9204823898272047,3.186315701451395e-31,1.989353289205787e-30,6.502268472945721e-17,1.1094924417397184e-16,5.684055227834156e-17,0.0074373467813083375,0.47970886739438257,5.868075235148431,2.2677840246976227e-30,1.198710888177234e-29,592.0279338593302,2.6232919287137504,0.25751131384169285,0.0546985005804043,0.08578827987798807,0.02269116172807354,0.009137454097313962,0.0053007433840019744,2.8701138675790904e-05,0.00021127303789334538,Normal,normal_002
-5.551115123125783e-18,0.7255721465979889,0.7255721465979889,1.0260800966405712,2.0521601932811424,1.4141668770640776,-1.4532436245684553e-17,-1.5,673.8623230960811,50.0,1.0261139701990356,50.00000000001321,1.0529098798376273,3.0115930358319358e-31,2.2545939922969034e-30,7.842715523573467e-17,1.0026880746914488e-16,5.295705180374785e-17,0.007954371862008112,0.5130569850995178,6.7123004839648726,2.1291288200092752e-30,1.3673843610416653e-29,675.9661684119269,2.8032739073496384,0.2990639092990783,0.058947406185720176,0.0994256270187898,0.024428122294091914,0.010518592952326402,0.005687263575103457,3.2959179312405873e-05,0.00022640327674459417,Normal,normal_003
5.551115123125783e-17,0.6808104439699523,0.6808104439699522,0.9627639633909229,1.9255279267818457,1.4141439396484945,-1.4073158950658302e-16,-1.5000000000000002,593.2836615917612,50.0,0.9628113632675547,50.00000000000989,0.9270057212371271,3.2184036436416847e-31,1.9534126884622708e-30,7.949879378481643e-17,7.542693699694242e-17,6.099087282669959e-17,0.007463653978818337,0.4814056816337774,5.909661472886684,2.368924523627559e-30,1.200274565777835e-29,593.8098682002937,2.6276071761577344,0.26884285998367846,0.05589093636213496,0.08895932138458104,0.023106465854566056,0.009299460485141048,0.005347539895007759,2.9014506332746896e-05,0.0002124232780066687,Normal,normal_004
4.9960036108132046e-17,0.6979708218657633,0.6979708218657633,0.9869986666341829,1.9739973332683658,1.4140973171262345,2.4488359385122787e-17,-1.5,623.5689832652404,50.0,0.9870798024232581,50.00000000001155,0.9743265363519382,3.3379999065235735e-31,2.0745047586245015e-30,1.0121180712803193e-16,8.326348776032973e-17,7.861820678132745e-17,0.0076517814141338686,0.4935399012116291,6.211331669243606,2.3933424759592687e-30,1.2654690382283436e-29,626.3401930375351,2.6982881886716648,0.2737081071319361,0.0563926499415583,0.09113938507301944,0.023388120341367384,0.009690475377916476,0.005458795300054448,3.0419110366007875e-05,0.00021750426021797202,Normal,normal_005
5.551115123125783e-18,0.717279581385073,0.717279581385073,1.0142652119106443,2.0285304238212887,1.4140444510502803,0.0,-1.4999999999999998,658.5471972760902,50.0,1.0143865120080666,50.00000000001337,1.0289799957438914,2.8518462813947396e-31,2.2162429794992524e-30,5.683052280779866e-17,8.731129221999201e-17,6.399347770682686e-17,0.00786346133339595,0.5071932560040332,6.559747472867304,2.071994515735981e-30,1.3428271611464348e-29,660.8160623331768,2.771650654357244,0.2914658620829969,0.058193636804252845,0.09694164653872667,0.024121064115876903,0.010269226886909023,0.005619443867283677,3.2192920659076414e-05,0.0002237560069276309,Normal,normal_006
-1.1102230246251566e-17,0.7031055608137406,0.7031055608137406,0.9943265720114801,1.98865314402296,1.4141924448148016,-3.194100902856366e-17,-1.4999999999999996,632.7775099484221,50.0,0.9943414198827332,50.00000000001153,0.9887148592944098,2.8807801695748143e-31,2.107110953990996e-30,7.345551228985901e-17,1.1348162627184107e-16,6.219576317686816e-17,0.007708073022346853,0.49717070994136664,6.303057228001863,2.130886704272199e-30,1.2769795155559438e-29,632.8614383041913,2.7127041418635662,0.28950476568516453,0.05799975406575885,0.0954287990382644,0.023931808818566748,0.009896505958495318,0.00551653676035923,3.0789327543777765e-05,0.0002188238301698382,Normal,normal_007
4.4408920985006264e-17,0.7109665084913995,0.7109665084913995,1.0053983304159022,2.0107966608318044,1.4141289616410255,3.861649156260673e-17,-1.5000000000000002,647.0059215314576,50.0,1.0054584787015837,50.00000000001176,1.010946752392903,3.655645406681298e-31,2.15085207083544e-30,7.284852082447008e-17,1.034882854070428e-16,4.629618777163623e-17,0.007794251772880578,0.5027292393507918,6.444785546504753,2.66694218917069e-30,1.3173224369383957e-29,646.9771598381589,2.74280695963015,0.29746668572776486,0.05879249978997931,0.09774232049631987,0.024220086365014264,0.010077045622849804,0.005566631695124059,3.128526023869291e-05,0.00022057911984532322,Normal,normal_008
0.0,0.7302738035309525,0.7302738035309525,1.032495763138541,2.064991526277082,1.4138474612465886,1.425355082189001e-17,-1.4999999999999993,682.6237799981623,50.0,1.0327631171992582,50.00000000001424,1.0665996562471287,4.548987166109722e-31,2.3273947042863158e-30,6.22624721942959e-17,1.1059695693249398e-16,5.197499071422368e-17,0.008005915637203641,0.5163815585996292,6.799572808575446,2.3215554511472147e-30,1.3956686631690906e-29,683.9422500342494,2.8198804546884024,0.30616066912668527,0.05964331357224765,0.10158171206133455,0.02469148588032359,0.010687758182794074,0.005732817664322789,3.342325854195852e-05,0.00022799163220909893,Normal,normal_009
5.551115123125783e-18,0.7253563403020954,0.7253563403020954,1.0256037713078332,2.0512075426156664,1.4139309389358579,2.181811660938832e-17,-1.5000000000000002,673.461530133055,50.0,1.0258087740085373,50.00000000001339,1.0522836408328984,3.2457875341030516e-31,2.242901805426812e-30,8.903865878978766e-17,1.0075221567190114e-16,4.835592431737967e-17,0.00795200600006627,0.5129043870042688,6.7083082103097285,2.1796928782648098e-30,1.3540732532004864e-29,673.7919695987711,2.7990176002221845,0.3065626157282063,0.059683513985452685,0.10128039853495342,0.02465469474203923,0.01055129779341334,0.005696108785137945,3.287998228066601e-05,0.0002261311029180569,Normal,normal_010
3.3306690738754695e-17,0.7403901576806222,0.7403901576806222,1.046869701284975,2.09373940256995,1.4139432978998934,6.8386177299892344e-18,-1.4999999999999996,701.6673095556309,50.0,1.0470698024394904,50.000000000014154,1.0963551711806736,3.7433379319260434e-31,2.342727428214e-30,8.121392387921416e-17,8.617724693842631e-17,6.1881153411344e-17,0.008116820173949631,0.5235349012197453,6.989264216276794,2.7109315194299923e-30,1.4256956353743718e-29,704.5495101383325,2.8618311129914704,0.30884012748271383,0.059902714136650194,0.10280115471949222,0.02483939089914791,0.010917301548769765,0.005794046603106402,3.425542225588068e-05,0.00023081242091420093,Normal,normal_011
-6.661338147750939e-17,0.7267914670416757,0.7267914670416757,1.02776453268683,2.05552906537366,1.4141119967585996,2.5303979289390197e-16,-1.4999999999999996,676.1290708026768,50.0,1.0278383497073764,50.00000000001352,1.056451673129183,4.435818662901229e-31,2.2706550866619002e-30,1.2290088196608997e-16,9.826307801919178e-17,5.22512198236658e-17,0.007967739145018509,0.5139191748536882,6.73487941619854,2.4257802842389998e-30,1.3708454549032733e-29,676.1776902829728,2.804009280112842,0.30968542610111827,0.0599873353669783,0.10201873720592985,0.02474431751661489,0.010567556117634755,0.0057004995182815925,3.286331466919489e-05,0.00022607378014765034,Normal,normal_012
1.6653345369377347e-17,0.7047536007929779,0.7047536007929779,0.9966481297635706,1.9932962595271413,1.4141795496195313,1.5858727024386243e-17,-1.4999999999999996,635.747376423255,50.0,0.9966721003727035,50.000000000012605,0.9933552756613363,2.8954835668917514e-31,2.1445879360150438e-30,8.657377394275362e-17,8.695687497052257e-17,5.929340536486193e-17,0.00772614031296678,0.4983360501863518,6.332639882341017,2.183864519667449e-30,1.317302055657209e-29,635.7192366597195,2.7188386714624078,0.2924295104518675,0.0582926638361349,0.09604780037824741,0.024009211807269462,0.009895193829584106,0.005516175383404586,3.0712758896083494e-05,0.00021855156902948688,Normal,normal_013
-5.551115123125783e-18,0.6826613567378992,0.6826613567378992,0.9653537961885398,1.9307075923770796,1.4141034740857075,-8.724374101634573e-18,-1.4999999999999998,596.5139558185334,50.0,0.9654289492067546,50.00000000001118,0.9320530559664584,2.7159731114970337e-31,2.0012923045092e-30,6.209713940411517e-17,9.52973216886989e-17,4.0127617008488924e-17,0.007483945342688103,0.4827144746033774,5.941838231786173,1.8771582239084942e-30,1.2070813169579405e-29,597.8842659728369,2.636477279152476,0.266651972415493,0.055661898674565946,0.0885346678443231,0.023051363705037256,0.009332093575698674,0.0053569089668155725,2.9202911264086355e-05,0.00021311184449580373,Normal,normal_014
0.0,0.7244140792085734,0.7244140792085734,1.024465030746803,2.048930061493606,1.4141981225221671,-2.920448705274569e-17,-1.5000000000000007,671.7129704391746,50.0,1.0244762155907818,50.00000000001303,1.0495515163112101,3.247158857367539e-31,2.2517901710276614e-30,1.071418594555513e-16,1.0739835201948129e-16,5.437393148274636e-17,0.007941676089851111,0.512238107795391,6.690890916483964,2.4350242071510928e-30,1.3621749674406107e-29,674.9832494866716,2.8010658695425654,0.2938250625205938,0.05842812059056744,0.09787819636213699,0.02423737880181799,0.010422148047284266,0.005661125857006499,3.273300526941094e-05,0.00022562512182296583,Normal,normal_015
4.9960036108132046e-17,0.6947907741494224,0.6947907741494224,0.9823185860832377,1.9646371721664755,1.41383366421985,5.792768188691249e-17,-1.4999999999999991,617.8998013992366,50.0,0.9825825358138152,50.000000000011006,0.9654684396863074,3.4781830622572302e-31,2.0840535917124305e-30,8.668613158094596e-17,8.732915445157639e-17,5.4831909469235386e-17,0.007616918882277722,0.4912912679069077,6.15486130300021,2.486832849512303e-30,1.2519598150044661e-29,618.239031080816,2.681143404625645,0.28107079435395893,0.05714815430445127,0.0928836444439773,0.023610582172705744,0.009682040370382746,0.00545643203045263,3.0177344017296393e-05,0.00021663819095373582,Normal,normal_016
2.2204460492503132e-17,0.7049540519570876,0.7049540519570876,0.9968711016737253,1.9937422033474506,1.4140937255482195,1.5845202753713896e-17,-1.4999999999999998,636.1090756745166,50.0,0.9969555811275805,50.00000000001265,0.9939204307414318,3.7444016563049574e-31,2.123425141832395e-30,8.312654835674023e-17,9.035379797661702e-17,4.491291611015988e-17,0.007728337838198386,0.4984777905637905,6.33624274597663,2.1904265294429488e-30,1.2800705773938966e-29,636.1494332452753,2.7197483845052726,0.2914049996097773,0.058189929093167427,0.09598729518381267,0.024001718593174484,0.00994094862151073,0.0055289104535222846,3.0912622164008035e-05,0.00021926152802168727,Normal,normal_017
0.0,0.6809382798716878,0.6809382798716878,0.9629807824218345,1.925961564843669,1.414196867595517,1.7581542959931802e-17,-1.5,593.5064844731046,50.0,0.962992150533547,50.00000000001012,0.9273538819892257,2.625428160877283e-31,1.9687169371132522e-30,6.077509362631765e-17,1.011321518152359e-16,5.2662039116826303e-17,0.007465055430492696,0.4814960752667737,5.911880997681315,1.890519838966781e-30,1.1998065795625792e-29,594.105745117838,2.6282505124230067,0.26859377075934154,0.05586494763797292,0.08891246190080371,0.023100391620669795,0.009302956022487163,0.005348544253948632,2.90347947233269e-05,0.00021249753350614228,Normal,normal_018
4.4408920985006264e-17,0.6877963560700707,0.6877963560700707,0.9725796839876405,1.945159367975281,1.4140518125791623,1.7060848337129947e-17,-1.5,605.5216991017824,50.0,0.9726909349050883,50.00000000001068,0.9461276548465347,3.2432857792171186e-31,2.0190965312978722e-30,7.699493834106074e-17,7.445008641193449e-17,7.095103586657873e-17,0.0075402398054658865,0.48634546745254426,6.03156379964666,2.367047944381504e-30,1.236626550345503e-29,606.8538935116013,2.656189190608998,0.2709151442800789,0.05610513750553677,0.08993427317454698,0.023232847003002276,0.009475153976560872,0.005397813641160602,2.9645579793872247e-05,0.00021472098352962773,Normal,normal_019
2.2204460492503132e-17,0.7026627507515538,0.7026627507515538,0.9935639316193907,1.9871278632387814,1.4139982951355838,0.0,-1.5000000000000002,631.9807248559875,50.0,0.9937151918872331,50.00000000001156,0.9874698825874806,3.3981625916289004e-31,2.0945953005672096e-30,1.07916760697092e-16,8.163869583300418e-17,6.531957228758786e-17,0.007703218541761585,0.4968575959436166,6.295120501495187,2.463939105426576e-30,1.2806120011716039e-29,634.2149168849346,2.7152827986840626,0.2794959918528474,0.05698612949516632,0.09297110319942035,0.023621928708242836,0.009852101765160916,0.005504132610947345,3.088919871199254e-05,0.00021917844165815573,Normal,normal_020
0.0,0.7212676623526281,0.7212676623526281,1.0199583476386975,2.039916695277395,1.4141190585342303,1.4794178361733795e-17,-1.5,665.8906121671996,50.0,1.0200265102002246,50.00000000001302,1.0404540815112489,3.8125310734668036e-31,2.2029732054149213e-30,6.476015914895964e-17,7.252619848283511e-17,5.452166824245946e-17,0.007907182249614234,0.5100132551001125,6.632894769634214,2.2739383655410835e-30,1.346462537804123e-29,666.124194489422,2.7830590968218414,0.30366178475887035,0.059400626069268936,0.10024895455386812,0.024528809920500556,0.010428117605009017,0.0056627628363691675,3.2478616648961226e-05,0.00022474667490592458,Normal,normal_021
-5.551115123125783e-18,0.7306010970547716,0.7306010970547716,1.0331532471714855,2.066306494342971,1.4141140101417313,-7.117201776280736e-18,-1.499999999999999,683.2357926625739,50.0,1.03322598013952,50.00000000001347,1.0675559260352718,2.998492837412423e-31,2.286519103275048e-30,8.577917428263833e-17,9.057946145692725e-17,7.27657477383275e-17,0.00800950372201187,0.5166129900697601,6.805669028474859,2.145274114081563e-30,1.3800310406284814e-29,685.480114217665,2.8229165288490767,0.3028036036891213,0.05931474727364988,0.10069136494124369,0.024583131757762965,0.010659601508962023,0.005725256932418051,3.340900858996323e-05,0.00022794302509718505,Normal,normal_022
-4.4408920985006264e-17,0.699150301064761,0.699150301064761,0.9887252930103674,1.9774505860207348,1.4141813162394241,1.6243087624145317e-17,-1.5,625.6782636530506,50.0,0.9887478379030172,50.00000000001175,0.9776222869578912,4.509745165064581e-31,2.1036251881779683e-30,9.228923602447036e-17,9.538309663628127e-17,4.917955520547676e-17,0.007664711921728901,0.4943739189515088,6.232342079356559,2.192525534536746e-30,1.263701272920745e-29,625.853741863591,2.6976295588843215,0.285601275875744,0.057607189287783654,0.0942465460261859,0.02378313269082405,0.00979530731427802,0.005488257640429418,3.049833362923377e-05,0.00021778730913091696,Normal,normal_023
-1.1102230246251566e-17,0.7200111620262236,0.7200111620262236,1.0179811216404373,2.035962243280874,1.4138407504326267,0.0,-1.4999999999999996,663.5725740062117,50.0,1.0182495503974978,50.00000000001285,1.0368321468847064,3.4352103453321602e-31,2.2148066597331102e-30,9.820611820168998e-17,8.707167899279823e-17,5.231169685408959e-17,0.007893407367422549,0.5091247751987489,6.60980493639,2.189926480590659e-30,1.3302865320375115e-29,663.5714158505908,2.777755199813686,0.3044585924139836,0.05947915719835943,0.10019130819862873,0.0245216703613291,0.010357820409820126,0.005643648050651329,3.2188385311336796e-05,0.00022374024495961295,Normal,normal_024
1.6653345369377347e-17,0.6858870866857164,0.6858870866857164,0.9699907598895214,1.9399815197790429,1.4142134743711414,8.601859789882086e-18,-1.4999999999999998,602.1646024732408,50.0,0.9699908202475106,50.000000000010914,0.9408821913644384,3.137971793460068e-31,2.0082275143635706e-30,1.18851563316658e-16,5.3631921689389473e-17,6.336863981746578e-17,0.007519308684089316,0.48499541012375547,5.998123969948297,2.378652379137276e-30,1.2232914390548951e-29,602.1455441067245,2.6460698411011934,0.27720294446369,0.05675488042918008,0.09097763675518504,0.023366905485355232,0.009360511520170702,0.00536507468672876,2.9039550757805252e-05,0.00021251493682658304,Normal,normal_025
1.6653345369377347e-17,0.7273953984884967,0.7273953984884967,1.0285588317110026,2.057117663422005,1.4140298850486261,2.884686231565352e-17,-1.5000000000000004,677.2532041500656,50.0,1.0286924377502136,50.00000000001366,1.0582081314844771,3.377724673765946e-31,2.2597920224987265e-30,9.355168854066745e-17,1.0406559020530866e-16,6.847742097002136e-17,0.007974359982559886,0.5143462188751071,6.746076838213545,2.542576713367058e-30,1.376120432609547e-29,678.7189012751348,2.8090692544106575,0.30310672036569786,0.0593449696826023,0.10061403153603565,0.02457361484177869,0.010598461974246826,0.0057088177756897075,3.315805126164145e-05,0.00022708529533065807,Normal,normal_026
6.661338147750939e-17,0.7216141642356861,0.7216141642356861,1.0204911162343635,2.040982232468727,1.4141783335334408,-2.8068466604458625e-16,-1.4999999999999993,666.5305625927269,50.0,1.0205165378626335,50.00000000001299,1.041454004051136,3.5753283022119684e-31,2.2295668034689667e-30,8.888457935102518e-17,7.448895823726094e-17,7.729678152023814e-17,0.007910980913663915,0.510258268931317,6.639269275825995,2.571139767637255e-30,1.3598479237309034e-29,668.5810515247304,2.787922995239102,0.29592581494025216,0.058637341875941384,0.09837601358315667,0.024298836311921455,0.010405572146240211,0.005656626760570391,3.260281308734585e-05,0.0002251759743410434,Normal,normal_027
6.106226635438361e-17,0.7042016878148845,0.7042016878148845,0.9957974602707311,1.9915949205414623,1.414079911337965,-3.6560900610126735e-16,-1.5,634.752021915305,50.0,0.9958915775538341,50.00000000001193,0.9918000342426643,3.4436771135192933e-31,2.1098525377964607e-30,5.852320400200751e-17,7.908810724273373e-17,7.678814856925533e-17,0.00772008974847942,0.49794578877691714,6.322725218296986,2.520030581668763e-30,1.2781121099319905e-29,635.7202617646674,2.7186927539907217,0.28578095220322375,0.05762427437875309,0.09473509246929665,0.02384483490072101,0.009945092529531966,0.005530053726598354,3.10757950684595e-05,0.00021983945459831526,Normal,normal_028
-1.1102230246251566e-17,0.6816365826637791,0.6816365826637791,0.9637655116958735,1.9275310233917469,1.4138993361068506,0.0,-1.5000000000000002,594.7243914567105,50.0,0.9639796998127655,50.00000000000989,0.9292568616511095,2.8160749638176506e-31,1.960260874533447e-30,8.083172630534039e-17,7.038779094849273e-17,4.4257854674045165e-17,0.007472710851261835,0.481989849906383,5.924012493025827,1.95767225575329e-30,1.1963203444267367e-29,594.7103826315293,2.6296819212251963,0.2730674858103866,0.05632956181282149,0.0898165975462791,0.023217374438556378,0.009276856221226624,0.005341044469578783,2.8819792186153125e-05,0.00021170929988469138,Normal,normal_029
2.7755575615628914e-17,0.7190146688119418,0.7190146688119418,1.0168233062628371,2.0336466125256742,1.4141899329280208,3.733421214270629e-17,-1.5000000000000004,661.7370802774353,50.0,1.0168402961790473,50.00000000001262,1.0339641879334927,3.5793888814435197e-31,2.2086435957488073e-30,6.254048111979216e-17,9.062618933946804e-17,4.2172267852254825e-17,0.007882482916116733,0.5084201480895237,6.591521698076017,2.2396381283829645e-30,1.340146549369716e-29,662.3900751754688,2.77518625363009,0.2995437838142505,0.05899588384907194,0.09915066305721969,0.024394155852465432,0.010372479944410285,0.005647632386026522,3.2370905536969373e-05,0.00022437369384334995,Normal,normal_030
-2.7755575615628914e-17,0.711719670513653,0.711719670513653,1.0065159073470868,2.0130318146941737,1.4142027388666427,-2.3096415622528462e-17,-1.4999999999999993,648.3774584269604,50.0,1.0065236106481188,50.00000000001423,1.0130897787921258,4.173142756554714e-31,2.2589652786633857e-30,7.511968072401414e-17,1.2104698492057797e-16,4.3011037060180765e-17,0.00780250860967543,0.5032618053240595,6.458447339799804,2.2695577260660263e-30,1.3691574838151956e-29,650.2859516785935,2.7495266090297177,0.2881952510439854,0.057866432112851425,0.0957877307751718,0.023977044992772714,0.010126123587802606,0.005580153973283688,3.172086259667637e-05,0.00022210943527681097,Normal,normal_031
0.0,0.7166328049487952,0.7166328049487952,1.0134136440275554,2.026827288055111,1.41413236601491,-3.016617009255644e-17,-1.4999999999999998,657.3600987248358,50.0,1.0134718320000593,50.00000000001262,1.0271251542575563,2.9841282367252658e-31,2.2037530965222894e-30,7.185099750048291e-17,9.748201413425066e-17,6.379141134973904e-17,0.007856370790698218,0.5067359160000297,6.547922858391919,2.0991171890181585e-30,1.333650396505135e-29,658.303037318172,2.7665683481523162,0.2962205961833695,0.05866740523104444,0.09817394845298165,0.024273749588390823,0.01030053242750188,0.00562800923780035,3.218022447849225e-05,0.0002237118803489343,Normal,normal_032
-3.8857805861880476e-17,0.7112933596723359,0.7112933596723359,1.0058716460886736,2.0117432921773473,1.4141445753839512,-1.5425312500895605e-17,-1.4999999999999998,647.6009516978675,50.0,1.0059207160745411,50.00000000001223,1.0118764870279175,3.994813674190335e-31,2.1681233195467868e-30,1.0189655855306423e-16,1.2109414998623778e-16,4.225290349858966e-17,0.007797835008329864,0.5029603580372708,6.450712604802977,2.3323798224442593e-30,1.3155253366622997e-29,647.8116683938638,2.744540164182254,0.295423032712393,0.05858930688137723,0.0975146402420077,0.024191978507486767,0.010140635318531602,0.00558416202680037,3.157984635425543e-05,0.00022161518759589025,Normal,normal_033
-5.551115123125783e-18,0.6739305921076677,0.6739305921076677,0.9530054485564327,1.9060108971128653,1.4141002941780179,1.813571662323024e-17,-1.5000000000000007,581.3535270125972,50.0,0.9530817834567943,50.00000000000967,0.9083648859571837,2.7576431239288603e-31,1.934023696965043e-30,7.990899611279104e-17,9.463391503710898e-17,5.0839217432711326e-17,0.007388230879510112,0.4765408917283971,5.790826147977043,1.8769489631729384e-30,1.1794320040441888e-29,581.8324493396323,2.600977863204597,0.26361731506994196,0.055345138439244664,0.08721109937413667,0.022878289483373632,0.009112265146169312,0.005293444403736077,2.8425492317855482e-05,0.0002102560548008726,Normal,normal_034
0.0,0.6869248698561586,0.6869248698561586,0.9712959077806744,1.9425918155613489,1.4139769142186522,-8.562932451113539e-18,-1.4999999999999998,603.9881943384325,50.0,0.9714584672819528,50.00000000001,0.943731553653801,2.8354109856644967e-31,2.008676608422272e-30,6.575484206938489e-17,1.0102905424060777e-16,5.1445073059646254e-17,0.007530685792883437,0.4857292336409765,6.016288654542982,1.9633966807398997e-30,1.2156749409282788e-29,604.411323740518,2.650976285073444,0.2742573074935663,0.0564510985795008,0.09068948156485093,0.02333006102428563,0.009466179932004205,0.005395262902121371,2.951889376986971e-05,0.00021426170306753167,Normal,normal_035
-3.8857805861880476e-17,0.7320961521465561,0.7320961521465561,1.0353315000640593,2.0706630001281185,1.4142015321716719,-4.244212461448461e-17,-1.5,686.0349132643756,50.0,1.0353403073268166,50.00000000001335,1.071929551975587,3.116535575533108e-31,2.282804580565438e-30,8.44125277869737e-17,9.488285355226033e-17,6.459422688573498e-17,0.008025893855246729,0.5176701536634083,6.833550893844366,2.3220780881810072e-30,1.3893579913401295e-29,686.1355432415463,2.824573371484496,0.31379574061917226,0.0603839656825558,0.10344857467924613,0.02491713530534948,0.010730779089615304,0.0057443538703596305,3.3387727218798815e-05,0.00022787041424326865,Normal,normal_036
-4.9960036108132046e-17,0.6758740685282307,0.6758740685282307,0.9558165225516231,1.9116330451032462,1.4141932159515678,1.7979718255175654e-17,-1.4999999999999998,584.7113683313964,50.0,0.9558302741689065,50.000000000010075,0.9136115130178071,3.6211179667306136e-31,1.9699862122083412e-30,1.0004200262132004e-16,1.164281641627884e-16,4.156456867347318e-17,0.007409537009061375,0.4779151370844533,5.824273395488521,2.0849996518253062e-30,1.1908924552580994e-29,584.8642255413974,2.607796517584193,0.2669742090275799,0.05569695593153972,0.08808882183697159,0.022993054902894876,0.009153042921632163,0.005305278903028707,2.849606873242533e-05,0.0002105169107739878,Normal,normal_037
7.771561172376095e-17,0.6925116558303064,0.6925116558303064,0.9792227454106459,1.9584454908212918,1.4140162655243185,-3.9279579861272663e-16,-1.5000000000000002,613.8526636298659,50.0,0.9793593757766683,50.00000000001066,0.9591447869216654,3.268004438236848e-31,2.0585401339814097e-30,8.146676918882043e-17,8.274148096984097e-17,5.976014157522093e-17,0.007591933145555654,0.4896796878883344,6.114548016625617,2.3754844543932177e-30,1.2437647745092704e-29,615.1682045517631,2.6743283761908763,0.27478411047615453,0.056504367803562994,0.09120894252824929,0.02339690729235885,0.009606746648013535,0.005435167490465365,3.0054272541570726e-05,0.00021619598469211116,Normal,normal_038
2.7755575615628914e-17,0.7111395633531657,0.7111395633531657,1.005673461243036,2.011346922486072,1.4141717224951875,2.3152983964647474e-17,-1.5,647.320932564648,50.0,1.0057032152341279,50.00000000001287,1.0114389571322626,3.2876740420118444e-31,2.1727186363740358e-30,9.816677368301668e-17,1.2796021864459492e-16,6.007864608698758e-17,0.007796148955303404,0.502851607617064,6.447923351718174,2.4155757621536906e-30,1.308863105449382e-29,649.3298758108773,2.7474894082443253,0.2873304050194678,0.05777946963353435,0.09552225837261033,0.02394380607716925,0.010104861616939659,0.005574292075753274,3.166190781991102e-05,0.0002219029386542044,Normal,normal_039
-1.6653345369377347e-17,0.718725503047174,0.718725503047174,1.016253210945382,2.032506421890764,1.4139657026714212,7.475858488237104e-18,-1.4999999999999996,661.2049263749291,50.0,1.016431354032739,50.000000000012875,1.0331326974608273,2.929824304044792e-31,2.205601293539369e-30,1.078819806674173e-16,9.047270051082851e-17,7.479224656670869e-17,0.007879312821959304,0.5082156770163695,6.586220946312773,2.1987911087381283e-30,1.333006340559442e-29,661.6622011543246,2.773689514402173,0.3002687773150858,0.059067479760336675,0.09928727606712293,0.02441092260840959,0.010362826782268776,0.00564500534882487,3.231407155254277e-05,0.00022417663952840834,Normal,normal_040
6.661338147750939e-17,0.7293113755293638,0.7293113755293638,1.0312437834613144,2.062487566922629,1.4139965699991748,-1.8603070148561856e-16,-1.4999999999999998,680.8257055699618,50.0,1.0314020384666034,50.0000000000137,1.0637901649530648,3.8147307223277454e-31,2.2714596893582243e-30,7.526145140654222e-17,8.609302952790818e-17,6.212797382648876e-17,0.007995364639276087,0.5157010192333019,6.781662301575789,2.7134062803798565e-30,1.3757968558657662e-29,680.8463330205686,2.8136767687888344,0.31211561796123394,0.06022234948492069,0.10276518584789639,0.024834662989512254,0.010634307866524686,0.005718475937127862,3.30591635581747e-05,0.00022674642270921968,Normal,normal_041
-5.551115123125783e-18,0.6733574282199959,0.6733574282199959,0.9521464944348611,1.904292988869722,1.414028351852334,2.7273101379176022e-17,-1.5,580.36508945798,50.0,0.9522712073133859,50.0000000000094,0.9068204522780936,2.705549584195865e-31,1.913061214835081e-30,7.337091341495303e-17,6.851406045015066e-17,5.457483379575165e-17,0.007381947343514703,0.4761356036566931,5.780980383272848,1.906415326574659e-30,1.1661695448590973e-29,580.3433418614867,2.5977249770731343,0.2666508130569465,0.05566388327301578,0.08766325614234766,0.022937357930465897,0.009046464802419515,0.005274305428268988,2.8095200395098926e-05,0.00020903094338386074,Normal,normal_042
4.9960036108132046e-17,0.7228299616532462,0.7228299616532463,1.0222062219621684,2.0444124439243367,1.414172455749868,4.409537607667772e-17,-1.5,668.7784364334509,50.0,1.0222359350596453,50.00000000001328,1.0449663069272672,3.6792720632610337e-31,2.238925444283089e-30,8.84799513414847e-17,9.192575900486572e-17,7.520472240883564e-17,0.007924309574105864,0.5111179675298225,6.661660206661325,2.651675801624988e-30,1.3527555564949678e-29,669.4082375603205,2.7898537264095173,0.30287539919013734,0.059323096572653396,0.10023888020253943,0.0245276534831316,0.010482875970382728,0.0056776074089101925,3.271158490574011e-05,0.00022555128559611064,Normal,normal_043
-3.8857805861880476e-17,0.6831550789840879,0.6831550789840879,0.9661271568117408,1.9322543136234815,1.4142135314971869,1.7410944441416796e-17,-1.4999999999999998,597.3771032854469,50.0,0.9661271779033601,50.00000000001089,0.9334017238835108,3.6512052464218164e-31,2.006108622694322e-30,8.353437438298815e-17,1.1006391595580468e-16,5.802103204924642e-17,0.007489357968243185,0.4830635889516801,5.9504359897573815,2.1254254956262657e-30,1.2174594937748056e-29,598.0581710970129,2.636966596665737,0.2699814736293214,0.05600898516422592,0.08940696363214065,0.023164553262200998,0.009363148508822642,0.005365818992534592,2.9232109528773906e-05,0.00021321835684500075,Normal,normal_044
2.7755575615628914e-17,0.6825215341957466,0.6825215341957466,0.965184639483513,1.930369278967026,1.414145328937394,2.618921121378789e-17,-1.5000000000000004,596.269625140372,50.0,0.965231210271317,50.00000000000976,0.9316712892818313,3.1610522405815862e-31,1.9722060411536785e-30,8.389994502645471e-17,7.787464584346577e-17,6.565567140447721e-17,0.007482412482723471,0.48261560513565854,5.9394044691716745,2.338918781276893e-30,1.2111116695796688e-29,597.6986545199388,2.636058915288596,0.26630616336226925,0.055625746237159435,0.08843531186209243,0.023038432257974324,0.009326027283209328,0.005355167259351074,2.918887451678864e-05,0.00021306062089301495,Normal,normal_045
0.0,0.7032994549199533,0.7032994549199533,0.994334046289816,1.988668092579632,1.413813190572675,7.9786496647796e-18,-1.5000000000000004,633.1265578121004,50.0,0.9946156275574032,50.00000000005495,0.989260246581407,3.2005597836352505e-31,2.4226124308940486e-30,2.1275481607330035e-17,7.365781454222241e-17,1.150559590029571e-16,0.007710198663235799,0.49730781377870165,6.3065340719564675,2.2360491225936707e-30,1.5595331634445869e-29,633.4996805840319,2.7140286326454195,0.28785874973204917,0.05783407226706394,0.09514369823040002,0.023896108488148948,0.009921365598519876,0.005523457443107141,3.0927454872740844e-05,0.000219314125510057,Normal,normal_046
2.7755575615628914e-17,0.6930715664118388,0.6930715664118388,0.9798912741027322,1.9597825482054643,1.4138385147934995,1.667423768521918e-17,-1.4999999999999998,614.8456910957566,50.0,0.9801512089147877,50.00000000001087,0.9606963923371198,3.2425998430841653e-31,2.044109511404712e-30,8.284122030861595e-17,6.825927078825238e-17,7.115610535050196e-17,0.007598071386936424,0.4900756044573939,6.124439501149139,2.4202818907427962e-30,1.2468583699491606e-29,616.0274623797727,2.6762159792635845,0.27578577465933896,0.05660737725204493,0.09150180753961533,0.023434424104556706,0.009626743390569046,0.00544082202331063,3.010467236956567e-05,0.00021637718482099135,Normal,normal_047
-5.551115123125783e-18,0.697335457171331,0.697335457171331,0.9860596480233945,1.972119296046789,1.414039165628877,1.6370237853220573e-17,-1.4999999999999998,622.4342269802871,50.0,0.9861812610553391,50.000000000011696,0.9725534796566989,2.7842724350433494e-31,2.0758456118801328e-30,7.757453196938074e-17,1.1710281912484605e-16,7.567797998026318e-17,0.007644815977173256,0.4930906305276696,6.200028432811456,2.0990717072050095e-30,1.2583716342360162e-29,622.4102936535958,2.6902278523158856,0.28599754366959557,0.0576478694777778,0.09401909601097366,0.02375432025979018,0.009701521342148469,0.005461925258284253,3.0128650243053118e-05,0.0002164633380848038,Normal,normal_048
1.1102230246251566e-17,0.6800957194881653,0.6800957194881653,0.9617844393276731,1.9235688786553462,1.4141898144133158,3.5293936954242294e-17,-1.5000000000000002,592.0386402126403,50.0,0.9618005902120516,50.00000000001056,0.9250603753322507,2.4760383549234113e-31,1.9803453936582867e-30,6.424582291204675e-17,9.221877579775531e-17,6.051200599269747e-17,0.007455818528775675,0.48090029510602583,5.897259892743099,1.830593503612144e-30,1.2038506987894e-29,594.885755429601,2.62962913099352,0.259098239927189,0.054866832862022444,0.08630530566916536,0.022759429098160436,0.009188014017897055,0.005315388668563803,2.8854860413006446e-05,0.0002118380657872358,Normal,normal_049
4.4408920985006264e-17,0.7359977988926707,0.7359977988926707,1.0408145362369918,2.0816290724739837,1.414154414322315,2.088535908931003e-17,-1.4999999999999996,693.366732767816,50.0,1.0408580690707607,50.000000000013905,1.0833855199497124,3.6499539035069133e-31,2.3187807644887173e-30,9.270703232739913e-17,7.13673265265024e-17,6.322303670092106e-17,0.00806866720209901,0.5204290345353805,6.906582689679416,2.690430398838749e-30,1.4063708233461665e-29,695.046283631217,2.842630746178157,0.30960094312244274,0.05997721325473309,0.10281725440074271,0.02484123021704664,0.010843996067824073,0.005774566251833835,3.394132593072943e-05,0.00022975179633041265,Normal,normal_050
5.551115123125783e-18,0.6905512873934033,0.6905512873934033,0.9765778009998206,1.9531556019996412,1.4142002467110824,0.0,-1.4999999999999998,610.382183066479,50.0,0.9765869961459519,50.000000000010765,0.9537221610413735,2.6041230927215574e-31,2.0371115948992454e-30,5.734151018086098e-17,9.462534010772656e-17,5.34222573960202e-17,0.007570441830588856,0.488293498072976,6.079978776638756,1.875902133802235e-30,1.2305886700288988e-29,613.3647073951092,2.670151784284645,0.26695902594165144,0.055692889995968865,0.08893011439851534,0.023102932719344948,0.009469913406711217,0.005396313744979343,2.9742943813553984e-05,0.0002150732950888728,Normal,normal_051
5.551115123125783e-18,0.7268174466321569,0.7268174466321569,1.0278583378010824,2.0557166756021648,1.4141905131232608,7.228933133226436e-18,-1.5,676.1774089329767,50.0,1.0278750903965794,50.00000000001362,1.0565272014577762,3.7148122438040193e-31,2.2508732680904267e-30,5.626141435803704e-17,8.974548461433776e-17,4.688180213143929e-17,0.007968023956562719,0.5139375451982897,6.735360909293323,2.260756908647954e-30,1.371963305465633e-29,677.9048541443282,2.807346145364531,0.30157204133567,0.059194342021042075,0.10017318571286724,0.024519748035505672,0.01057159694988785,0.005701576543765422,3.309598939298053e-05,0.000226872678213245,Normal,normal_052
1.1102230246251566e-17,0.7035260986642248,0.7035260986642248,0.9949299312941556,1.9898598625883113,1.4142047227271328,6.376752869628396e-17,-1.4999999999999996,633.5346835221817,50.0,0.9949361502143788,50.00000000001189,0.9898979430034088,2.8475680345233157e-31,2.0924204091594244e-30,8.128161448602063e-17,9.94005368254464e-17,5.93392660899385e-17,0.00771268333499527,0.4974680751071895,6.310599386646734,2.045074094607982e-30,1.2747787896714772e-29,633.6849788944667,2.714458730964151,0.289369179516643,0.05798600565459518,0.09546244688742013,0.02393604955628471,0.009915968515993934,0.005521957467499094,3.086766441415519e-05,0.0002191020285873969,Normal,normal_053
0.0,0.6785673124256036,0.6785673124256036,0.9594895528241316,1.9189791056482632,1.413993181299775,-8.883240760038087e-18,-1.5,589.3806047904087,50.0,0.9596390962153499,50.000000000009905,0.9209071949850136,2.507545392777019e-31,1.9649181409806817e-30,7.665847582469057e-17,1.004490218122216e-16,5.641593622107885e-17,0.007439062761359384,0.4798195481076751,5.870783368029462,1.8823968772971646e-30,1.1960637236979023e-29,591.8566980547981,2.622980858699522,0.2592171778393536,0.054879640240095014,0.08629231022726558,0.022757685200429437,0.009167193288095862,0.005309364080482656,2.8767571628455214e-05,0.00021151740762886704,Normal,normal_054
1.1102230246251566e-17,0.7039796926517593,0.7039796926517593,0.9955233742858336,1.9910467485716672,1.4141364938162775,1.591108661099686e-17,-1.4999999999999998,634.3518818125638,50.0,0.9955776289833611,50.00000000001201,0.991174815332131,3.037235084380556e-31,2.0989313164475425e-30,8.468504641514059e-17,8.059706860429566e-17,5.3848622710818736e-17,0.007717656038630793,0.4977888144916807,6.318739447742338,2.0879181244206612e-30,1.2808024363584462e-29,634.4058996681705,2.716016694086313,0.2904751184543136,0.05809696485493179,0.09570426228919832,0.023966312404793286,0.009916222828376562,0.005522029929451111,3.084083330425062e-05,0.00021900678282031093,Normal,normal_055
3.3306690738754695e-17,0.6933858424958071,0.6933858424958071,0.9804725857192798,1.9609451714385595,1.4140360613489085,4.9954725723113043e-17,-1.4999999999999998,615.4034260142339,50.0,0.9805956624150655,50.000000000010836,0.961567853147241,3.3908791890982458e-31,2.0606731263674546e-30,5.409431495611124e-17,8.668424179563147e-17,5.5066319338848265e-17,0.007601516762907568,0.49029783120753273,6.129995063813659,2.09658523572532e-30,1.2440417230566561e-29,616.3817988574733,2.6770164164217976,0.27689850530643273,0.05672164825195412,0.0918045698044448,0.02347313652937206,0.009641049579519636,0.0054448644844680635,3.0129769398343115e-05,0.00021646735841658062,Normal,normal_056
2.2204460492503132e-17,0.684251165481775,0.684251165481775,0.9674380704896578,1.9348761409793154,1.4138639717289772,2.5991111704711143e-17,-1.5,599.2955615528542,50.0,0.9676772782939229,50.00000000001081,0.9363993149263343,3.1424464252355024e-31,2.0158482471254524e-30,6.976523306582866e-17,7.606816640588524e-17,4.453456163298721e-17,0.007501374250340572,0.4838386391469617,5.969545632655384,1.9953841791013643e-30,1.2107700221223808e-29,601.5470952569804,2.644407173957985,0.2645492053583188,0.05544136511196703,0.08802311356641582,0.022984759072579214,0.009335731394600639,0.005357948973649404,2.9279199997950464e-05,0.00021339002615571346,Normal,normal_057
-1.6653345369377347e-17,0.7253868724481111,0.7253868724481111,1.0258381112532682,2.0516762225065364,1.4141944805118252,-4.3630723392981725e-17,-1.5,673.5182268416668,50.0,1.025851952983521,50.00000000001334,1.0523722294401043,2.9154066957018763e-31,2.2400168590429008e-30,9.121444828786645e-17,9.519600629049027e-17,6.543608537088244e-17,0.007952340720802578,0.5129259764917606,6.708872962680665,2.2015182651695358e-30,1.3636148440486445e-29,675.2524283323615,2.8018466827541846,0.3003328417205909,0.05907258821137235,0.09976485628950081,0.02446972424761604,0.010529469395716123,0.005690204819376406,3.2965186111610966e-05,0.00022642390676458793,Normal,normal_058
1.6653345369377347e-17,0.7023050339800686,0.7023050339800686,0.9929321271601604,1.9858642543203207,1.4138188950912831,6.410071611880081e-17,-1.5000000000000002,631.337421764794,50.0,0.9932093039775106,50.0000000000115,0.9864647215074911,2.8139497824934812e-31,2.0950563680789335e-30,5.24900054639295e-17,1.0683446194695558e-16,4.102501296098012e-17,0.007699296930058308,0.4966046519887553,6.288712599610256,2.0425035924798965e-30,1.2787283304124226e-29,632.538150210774,2.711844537728609,0.28323589494229984,0.057366893427360295,0.09396977151409239,0.02374835358426256,0.009885346707775237,0.005513416232106438,3.0912201206048396e-05,0.00021926003510706774,Normal,normal_059
2.7755575615628914e-17,0.7130534055967686,0.7130534055967686,1.0082255154094153,2.0164510308188306,1.4139551224276075,-7.655685131188792e-18,-1.4999999999999998,650.8098038184316,50.0,1.0084097968912737,50.00000000001238,1.0168903184663,3.2363376815109594e-31,2.160212361134613e-30,8.677764827690288e-17,1.0335872921423624e-16,7.200506227530425e-17,0.00781713020845957,0.5042048984456369,6.4826757802226584,2.4386100965486015e-30,1.3220937199259732e-29,652.1487718885536,2.7535465565427497,0.2915547793090938,0.058203169462232515,0.0967597726648267,0.024098335743731786,0.01018701871249709,0.005596910182829649,3.186471718354483e-05,0.00022261250037706296,Normal,normal_060
3.3306690738754695e-17,0.6777225573382911,0.6777225573382911,0.9583085586982335,1.916617117396467,1.414013077062848,4.458250017646593e-17,-1.4999999999999998,587.9140668481962,50.0,0.9584444321139889,50.00000000000991,0.9186157294503067,3.233366435453298e-31,1.961180067010993e-30,9.468880610612639e-17,6.751845958784275e-17,6.68238845597006e-17,0.00742980179933333,0.4792222160569945,5.856175275245706,2.3314984190877095e-30,1.1893241717907129e-29,588.3441174643386,2.6155003806855937,0.26686518652372765,0.055685106336672965,0.08825563164878976,0.02301487893585806,0.009214527270550889,0.0053230647708031684,2.873682295072881e-05,0.00021140433552632113,Normal,normal_061
1.6653345369377347e-17,0.6746940085803421,0.6746940085803421,0.9541607282860617,1.9083214565721234,1.4142125410189212,7.229689819073222e-17,-1.5,582.6713666741898,50.0,0.9541614173861893,50.000000000009635,0.9104240104284218,2.528756297274976e-31,1.9427571287661973e-30,6.430359976447773e-17,8.753210650267559e-17,5.186446556184941e-17,0.007396600134776743,0.47708070869309477,5.803953066481189,1.8789008321336227e-30,1.1773915829970467e-29,583.314075991332,2.6042621657324316,0.26343522390803764,0.05532581759508224,0.08722963094105879,0.022880747533484635,0.009132831081932566,0.005299413260635058,2.8510482932556443e-05,0.00021057014705468748,Normal,normal_062
-5.551115123125783e-18,0.695076152136313,0.695076152136313,0.9827480799868926,1.9654961599737852,1.4138710945052675,-8.265194418483968e-18,-1.5,618.4074973038373,50.0,0.9829861212332786,50.00000000001121,0.9662617145372459,3.1426248680892554e-31,2.0428246235907515e-30,9.148854130676256e-17,8.587698562261413e-17,6.042860940314548e-17,0.007620047451420847,0.4914930606166394,6.159918430174942,2.0429150955621527e-30,1.2429379155939458e-29,618.4094969945378,2.681563804194546,0.28369584232839806,0.057415221373904375,0.09336737314933619,0.023671873880440963,0.00965401532553919,0.005448534650355851,3.0003051097311377e-05,0.00021601167490172967,Normal,normal_063
-2.2204460492503132e-17,0.679063136094363,0.679063136094363,0.9601927621058781,1.9203855242117562,1.4139963002954636,-1.772759289036173e-17,-1.4999999999999993,590.2422307869585,50.0,0.9603402967722552,50.00000000001013,0.9222534856046232,3.707682371075931e-31,1.9936611209567864e-30,9.537889401820648e-17,1.3957906650784248e-16,4.801039799484986e-17,0.0074444984245912085,0.48017014838612765,5.879365970729472,2.066076862006318e-30,1.2045394430511838e-29,591.2117246794169,2.621783678815031,0.265443899741037,0.05553601005996651,0.08801752876799816,0.022983895492968375,0.009246119296668933,0.0053321781103124345,2.8898658051027576e-05,0.00021199877508815246,Normal,normal_064
-1.6653345369377347e-17,0.6838141866147377,0.6838141866147377,0.9669756754066547,1.9339513508133095,1.4140912755734283,-1.7360647318079268e-17,-1.4999999999999998,598.5303575239363,50.0,0.9670592968536884,50.00000000001007,0.9352036836311503,2.58728682614012e-31,2.000258964107787e-30,6.171315206914205e-17,9.092034682477104e-17,4.9331953911296434e-17,0.007496583696540304,0.4835296484268445,5.9619234831485866,1.8427068921680834e-30,1.209870557452646e-29,601.1802702291898,2.6435394896566287,0.26275365508520304,0.055252648780872146,0.0874902788061711,0.022915121114805866,0.00930193446421386,0.0053482402554021705,2.9198835734083867e-05,0.0002130969731356912,Normal,normal_065
-4.4408920985006264e-17,0.7128386693438334,0.7128386693438334,1.0079343268307612,2.0158686536615225,1.4139725721629957,-7.66260583492711e-18,-1.4999999999999996,650.4178796952156,50.0,1.0081061139700396,50.00000000001331,1.0162779370237744,4.646338222006722e-31,2.1942768407461377e-30,1.19652526222264e-16,1.0706772501130016e-16,6.122737485936025e-17,0.007814776077287214,0.5040530569850199,6.478771848526562,2.2276181533367506e-30,1.3103506311695026e-29,650.7194731517292,2.750679701514267,0.2961723834295158,0.05866340678440953,0.09783493234442743,0.024231697277672406,0.010189564786680188,0.005597616826465,3.174964185680674e-05,0.00022221016859965402,Normal,normal_066
-1.6653345369377347e-17,0.7135354772406891,0.7135354772406891,1.0090877735313226,2.0181755470626452,1.4142082709498185,-1.528035768348818e-17,-1.4999999999999993,651.6900829198055,50.0,1.0090915491481418,50.00000000001295,1.0182657545621967,3.334442080052236e-31,2.1564551200416334e-30,9.392562920914908e-17,1.023405536489625e-16,4.8193259796942247e-17,0.007822415109675603,0.5045457745740709,6.491444185334003,2.1885981119886197e-30,1.3141970122084973e-29,651.6647143551695,2.7527247036397426,0.29990372395987436,0.059032993095162696,0.09845982691519306,0.024308801291475522,0.010135997103610135,0.005582891543857621,3.145164466101871e-05,0.00022116489509162014,Normal,normal_067
1.1102230246251566e-17,0.7395318141124069,0.7395318141124069,1.045849370751643,2.091698741503286,1.4142047046420405,-2.7449829074866434e-17,-1.5,700.0413492280161,50.0,1.0458559213241445,50.00000000001439,1.0938146081687752,3.485865948138677e-31,2.326247669718511e-30,8.556430181084028e-17,9.437211631465538e-17,7.092317901471427e-17,0.008107410242822917,0.5229279606620724,6.973068127075943,2.6650558243110114e-30,1.420437364367427e-29,700.7714402599507,2.854450901903354,0.31669676996505225,0.06066148827954528,0.10484677783817356,0.02508508800703594,0.01097275216307886,0.005808752632747184,3.4249161076299966e-05,0.000230791326090496,Normal,normal_068
4.9960036108132046e-17,0.7270991808334472,0.7270991808334472,1.0281621107447803,2.05632422148956,1.414060334334061,1.4441066506190575e-17,-1.4999999999999996,676.7017200238975,50.0,1.0282735227250286,50.000000000013365,1.0573464375373398,3.73596220804708e-31,2.245764030426658e-30,6.847462049247164e-17,1.0145897297780434e-16,6.3722255985057e-17,0.007971112579263877,0.5141367613625144,6.740583539300541,2.78278118921714e-30,1.3685520419625425e-29,676.674486168453,2.805050010962734,0.3109720873097178,0.06011224507389654,0.10221912746303866,0.02476855176390091,0.01054578549233345,0.005694627315951831,3.2748488551141876e-05,0.00022567847781146484,Normal,normal_069
-7.216449660063518e-17,0.7061633827128792,0.7061633827128792,0.998664108189606,1.9973282163792119,1.414211119743434,3.9409839022170953e-16,-1.5,638.2934055481551,50.0,0.9986658330838161,50.00000000001286,0.9973334461689923,4.06770074352951e-31,2.159168990380218e-30,1.0294151396568289e-16,9.322054078745966e-17,3.8938553257679926e-17,0.007741595605300986,0.4993329165419081,6.358000719327325,2.2395277244308203e-30,1.2965548477182005e-29,638.9865838082372,2.7257097051615404,0.2886334971271319,0.057911441564605565,0.09556852177965788,0.023949452845993247,0.010004731345123426,0.00554661213173138,3.123103511220775e-05,0.0002203878777495093,Normal,normal_070
-5.551115123125783e-17,0.7380657867161152,0.7380657867161152,1.0436752439109946,2.0873504878219893,1.4140680447378777,6.903431449387193e-17,-1.4999999999999998,697.2686150667239,50.0,1.0437826454974983,50.000000000014396,1.0894822110417564,4.477370828630613e-31,2.3457446421693046e-30,1.2290211808235516e-16,1.1219210953768207e-16,5.098574607406958e-17,0.008091338337190002,0.5218913227487493,6.945449095391198,2.469732776126633e-30,1.4257513426957831e-29,698.3449303835466,2.849455115291401,0.3138723823384342,0.06039003737989299,0.1040518009970605,0.0249898532908087,0.010924303214351347,0.005795912281044606,3.413687166902782e-05,0.0002304126788942045,Normal,normal_071
4.4408920985006264e-17,0.7052321987579531,0.7052321987579531,0.9973458668289854,1.9946917336579708,1.4142092045486372,3.956615471522237e-17,-1.4999999999999996,636.6111413311705,50.0,0.9973489401056954,50.00000000001157,0.9947049083299541,3.3628221324405626e-31,2.125074172155894e-30,1.0239300804680764e-16,1.0283392814074099e-16,6.417296011274688e-17,0.007731387132602375,0.4986744700528478,6.341243790603458,2.486091793111463e-30,1.2875902702358114e-29,636.7535832483586,2.721024417992425,0.290833052466147,0.05813251102999165,0.09593627450064413,0.023995376703558658,0.009963307856349177,0.005535122951492828,3.101293751996522e-05,0.0002196170055145227,Normal,normal_072
5.551115123125783e-18,0.6951969107724345,0.6951969107724345,0.9831484967391261,1.9662969934782522,1.414201475155196,-8.260888069188853e-18,-1.5000000000000002,618.6223932768463,50.0,0.9831568997342555,50.00000000001102,0.9665974894950728,2.961982022688829e-31,2.0637550725610977e-30,9.705669558319587e-17,8.610728899951984e-17,5.1301077427165674e-17,0.007621371315769504,0.4915784498671277,6.162058995531087,1.977657615486465e-30,1.2528779862622571e-29,619.3933711634719,2.683580262312025,0.27928318905460214,0.056965586326683026,0.0925150052123582,0.02356375641412108,0.009695416736681223,0.0054601964274461675,3.0277046506541492e-05,0.00021699576973800157,Normal,normal_073
-4.9960036108132046e-17,0.702787169119439,0.702787169119439,0.9938880471093782,1.9877760942187563,1.41420915289797,-4.7976660748141646e-17,-1.4999999999999993,632.204550501011,50.0,0.9938911460305047,50.000000000011916,0.9878196101578299,4.1134936362198605e-31,2.1128664583431952e-30,1.0923095421415547e-16,8.601146756300217e-17,6.260714473259677e-17,0.007704582527368338,0.49694557301525244,6.297350014756166,2.2747052367296733e-30,1.2758364296660795e-29,632.1802315554559,2.711259743837614,0.29094410473786236,0.058144506310286524,0.09551596722131281,0.023942637389109064,0.009832516399496937,0.005498678073608855,3.050948539811077e-05,0.00021782712264020683,Normal,normal_074
2.7755575615628914e-17,0.7301791044109712,0.7301791044109712,1.0324439325601078,2.064887865120215,1.4139598439913683,0.0,-1.4999999999999998,682.4467513835623,50.0,1.0326291924194355,50.0000000000133,1.0663230490368156,3.338427026431251e-31,2.2576536698389596e-30,1.0489825547002686e-16,8.952041026262638e-17,7.30176045952035e-17,0.008004877460615869,0.5163145962097181,6.797809437609704,2.5084595084197966e-30,1.3881185005664393e-29,685.270389591725,2.8224013869133553,0.30030619555256793,0.059069282775430096,0.09996379497234029,0.024494204681296306,0.010617130761465874,0.0057138378068365995,3.3314868993240694e-05,0.00022762165066742647,Normal,normal_075
1.6653345369377347e-17,0.6816685503158355,0.6816685503158355,0.9639686122284591,1.9279372244569182,1.4141309757952192,8.762549117227522e-18,-1.5000000000000002,594.7801759868066,50.0,0.964024908899861,50.00000000001021,0.9293440249793854,3.452734214271535e-31,1.9921062762303328e-30,5.614766531469931e-17,1.0064734796692768e-16,5.799497162132767e-17,0.007473061309301331,0.4820124544499306,5.924568159243583,2.0201350835259975e-30,1.2011133100998543e-29,595.6349541871382,2.631591783438284,0.2680136834728959,0.05580430781734462,0.08882616269648419,0.023089216337823844,0.009319902775100988,0.00535341183675753,2.9116777559632665e-05,0.0002127973267443873,Normal,normal_076
-1.6653345369377347e-17,0.6794289064101429,0.6794289064101429,0.960754614752338,1.921509229504676,1.4140620242774253,5.309693211186489e-17,-1.5,590.8782577480738,50.0,0.9608575741135441,50.00000000000977,0.923247277731365,2.501095884145971e-31,1.9727653784073562e-30,8.335502346748517e-17,9.014670736626774e-17,5.9791142590653e-17,0.0074485083264616645,0.4804287870567722,5.885701395537453,1.913488669428421e-30,1.1919141909336459e-29,592.1886653551744,2.623896577538086,0.26432146200811596,0.05541816419728218,0.08774825426364287,0.022948752549671658,0.009245641521914436,0.005332038409679012,2.8928384126542445e-05,0.00021210778139335847,Normal,normal_077
3.3306690738754695e-17,0.6916376736923515,0.6916376736923515,0.9779786498522475,1.955957299704495,1.4140043075297395,2.5167238747609827e-17,-1.4999999999999998,612.3042197383268,50.0,0.978123378383901,50.00000000001062,0.9567253433411359,3.09009170942258e-31,2.0198676768108755e-30,1.0402241395086587e-16,6.539504913132615e-17,5.888385483708042e-17,0.00758235177041792,0.48906168919195053,6.099124063799741,2.2836264547459197e-30,1.2371973160119098e-29,613.6055151224932,2.6709311202722104,0.2741353497797376,0.05643763458600907,0.09099053316779661,0.02336887607510124,0.009582891270530879,0.005428415077165159,2.9978687583105717e-05,0.00021592395262512798,Normal,normal_078
3.8857805861880476e-17,0.7231577242920556,0.7231577242920556,1.0226884422633453,2.0453768845266906,1.414198324802663,4.4035446132935664e-17,-1.5,669.3850805801787,50.0,1.0226994614286884,50.00000000001362,1.0459141884065293,3.5481371662086746e-31,2.2332676234069462e-30,6.333050478165619e-17,6.701119000340987e-17,6.531498994879965e-17,0.007927902801772867,0.5113497307143444,6.667702951091625,2.2536367232490823e-30,1.358967543383268e-29,671.375870934636,2.7937538920760407,0.29745448507266004,0.0587886453403614,0.09886965577381271,0.02435971828814042,0.01045328559287059,0.005669581098962101,3.2747250239050256e-05,0.0002256742110131212,Normal,normal_079
-2.7755575615628914e-17,0.6793698774769068,0.6793698774769068,0.9606664068961287,1.9213328137922574,1.414055051222623,-8.851795622739838e-18,-1.4999999999999998,590.7755909414238,50.0,0.9607740945955896,50.00000000001073,0.9230868608459749,4.128855346066064e-31,2.0183234623101966e-30,8.025254782653752e-17,1.0390770394441684e-16,3.732716809287402e-17,0.0074478611984155054,0.4803870472977949,5.884678737893092,2.0221370489925675e-30,1.205778624660557e-29,593.3367147622914,2.6262462027518194,0.25954503391904976,0.05491428626239683,0.0864136862808056,0.022773691536557367,0.0091844836449682,0.005314368442307206,2.8826787927890554e-05,0.00021173499358466535,Normal,normal_080
2.2204460492503132e-17,0.688030029535799,0.688030029535799,0.9730058284359722,1.9460116568719443,1.4141909315949872,6.817388509634314e-17,-1.5000000000000002,605.9332115750815,50.0,0.9730213990894881,50.0000000000104,0.946770643086065,3.3515921172836917e-31,2.0115303729935114e-30,7.514272035734906e-17,8.235612817624547e-17,4.5098935700544534e-17,0.007542801543329448,0.4865106995447442,6.035662849673665,2.0872230388256443e-30,1.2055899953339882e-29,605.9070380549085,2.6543228342996508,0.27875641306774995,0.056913580825945914,0.09154482550817382,0.023439645358120598,0.009429104411338641,0.0053846954753473605,2.9263696006175102e-05,0.0002133335212665517,Normal,normal_081
-3.3306690738754695e-17,0.7109854364937022,0.7109854364937022,1.0052129845661617,2.0104259691323234,1.4138306257327282,7.722681495176164e-18,-1.5,647.0403723598595,50.0,1.0054852469391482,50.00000000001276,1.0110005818122798,4.472834019335029e-31,2.184138817862932e-30,9.287066747323297e-17,8.489574809497328e-17,4.473861234120652e-17,0.007794459278598137,0.5027426234695744,6.445128709053289,2.241948426512904e-30,1.3068216417667197e-29,647.3967253732059,2.7436395616109936,0.29432013246626315,0.0584795901861759,0.09726282591674057,0.0241607559226178,0.01013868662257982,0.005583623855167563,3.160082284198995e-05,0.00022168877783094638,Normal,normal_082
2.2204460492503132e-17,0.7304264375600175,0.7304264375600175,1.0328974595604221,2.0657949191208442,1.4141019635179035,2.1366925772703224e-17,-1.5,682.9091592788711,50.0,1.0329789743132414,50.00000000001393,1.0670455613732361,3.379167227816017e-31,2.2731068865868453e-30,8.720097579869949e-17,9.525752564412249e-17,7.689858587331042e-17,0.008007588948164753,0.5164894871566208,6.802415453754382,2.502798325488978e-30,1.3757161937384544e-29,685.1734374113353,2.822281976980714,0.30257976193506536,0.059292806011655576,0.10062106898185189,0.024574550999533085,0.01065348374396833,0.005723613689178689,3.339132412086421e-05,0.0002278826883027617,Normal,normal_083
-5.551115123125783e-17,0.6941765482965138,0.6941765482965138,0.9816855756237544,1.9633711512475087,1.4141727749682182,1.244605410874668e-16,-1.5000000000000002,616.8077826622234,50.0,0.9817138892822715,50.00000000001153,0.9637621604097241,3.908014306317913e-31,2.0928127259627852e-30,9.094808116744408e-17,9.903602430864311e-17,4.9408274936741984e-17,0.007610185188234748,0.4908569446411359,6.143983772611993,2.125624458857485e-30,1.2619029914614646e-29,619.7155575692985,2.683955668272484,0.2701455843934225,0.05602435385504178,0.08997708786553713,0.023238521560963957,0.009575829738924995,0.005426407776030665,3.006931595110675e-05,0.00021625008545024326,Normal,normal_084
-2.7755575615628914e-17,0.692322439738921,0.692322439738921,0.9790873442795728,1.9581746885591456,1.4142071498467943,4.1821058229038564e-17,-1.5000000000000004,613.5172615245465,50.0,0.9790917838140121,50.00000000001189,0.9586207211321042,4.0007559422175505e-31,2.0641939353171096e-30,9.609746058705562e-17,1.0384056209648156e-16,4.542456664853355e-17,0.007589858789255991,0.4895458919070061,6.1112070972171635,2.114138170204511e-30,1.2427108204309786e-29,614.2629562671781,2.672446011542115,0.2770642505395053,0.05673885629969023,0.09177214452858096,0.023468958908417163,0.009615642175645828,0.005437686722021783,3.00257732095966e-05,0.00021609345513399993,Normal,normal_085
4.9960036108132046e-17,0.6898509072559582,0.6898509072559582,0.9755378497614519,1.9510756995229037,1.4141285305262055,4.2272168147106895e-17,-1.5,609.1446710295918,50.0,0.9755965090567604,50.000000000011255,0.9517885484837376,3.2232175081665066e-31,2.0521043367282097e-30,9.178639660541209e-17,6.576385480989935e-17,7.095278190402083e-17,0.007562763636099003,0.4877982545283802,6.067651996583827,2.3227944985011714e-30,1.2386233389753304e-29,611.9096628323036,2.667014771731978,0.2671694876072491,0.0557149614173311,0.08897064846327472,0.023108179973828056,0.009463018321096186,0.005394349621644749,2.9708643634727534e-05,0.00021494924582548725,Normal,normal_086
-1.1102230246251566e-17,0.6833909725320765,0.6833909725320765,0.9664360302542495,1.932872060508499,1.4141773437129703,-2.6089381327484716e-17,-1.5000000000000002,597.7897233130718,50.0,0.9664607817582018,50.00000000001012,0.9340464426766746,3.1132052378101854e-31,1.978112222581122e-30,7.359910725652515e-17,9.908323893590691e-17,4.948087018845525e-17,0.0074919440446373055,0.483230390879101,5.954546072063801,1.992328455687628e-30,1.207622753264743e-29,597.763182752734,2.6364245399031945,0.27496280437583603,0.056524957902807385,0.09031295992320007,0.023281407844141424,0.00930474156040173,0.005349067379008018,2.88805219339731e-05,0.0002119322419198606,Normal,normal_087
2.7755575615628914e-17,0.7025174502874679,0.7025174502874679,0.9935096611902599,1.9870193223805197,1.4142134985861272,-8.005323545430113e-18,-1.4999999999999998,631.7193829867583,50.0,0.993509706000304,50.0000000000119,0.9870615359168105,3.3310117233794014e-31,2.122699418226433e-30,7.22122785435646e-17,9.197563547295787e-17,6.470566695107334e-17,0.007701625627909417,0.49675485300015204,6.2925172914696645,2.4281011159765862e-30,1.288495263297713e-29,634.9643336817169,2.7167362018139545,0.2757341025630244,0.0566007285279331,0.0918739337558107,0.0234822156520427,0.00979151237576275,0.005487177800831569,3.07621889400361e-05,0.00021872737008869688,Normal,normal_088
-2.2204460492503132e-17,0.7348025462870934,0.7348025462870934,1.0391675176315496,2.078335035263099,1.4142132779492629,-1.3991628853824486e-17,-1.4999999999999996,691.1165209983949,50.0,1.0391677266254917,50.000000000014346,1.0798695640599927,4.2298377248764956e-31,2.3481109634138938e-30,1.0579436048574425e-16,1.1142601776330444e-16,5.524796456379236e-17,0.008055563772290721,0.5195838633127459,6.88416847088245,2.392226022794255e-30,1.4084591510293785e-29,693.0572129348394,2.8385223819327146,0.3075525211630466,0.05977827886740999,0.10220077781163983,0.024766672467992964,0.010797766905784711,0.005762243085295878,3.381775124478928e-05,0.0002293331710319443,Normal,normal_089
1.1102230246251566e-17,0.7347399832202463,0.7347399832202463,1.038881995241816,2.077763990483632,1.4139450948172858,-6.997601658661248e-18,-1.5000000000000007,690.9988389663843,50.0,1.0390792490878527,50.00000000001429,1.0796856858849757,2.8923857549860487e-31,2.2841860246554992e-30,8.138378930184709e-17,1.1238932653073483e-16,6.569434004618177e-17,0.008054877899905923,0.5195396245439263,6.882996247516718,2.1924060630694257e-30,1.399905340846065e-29,693.8394246376741,2.8399956896519414,0.304136368759491,0.05944479143381074,0.10123580634459635,0.024649551514891566,0.010751189218212276,0.005749797941132243,3.373434925351013e-05,0.00022905020351130314,Normal,normal_090
0.0,0.7084402686376794,0.7084402686376794,1.0018103792879822,2.0036207585759644,1.4141070512734055,-1.5612430459005623e-17,-1.5000000000000007,642.4161462111069,50.0,1.001885836038645,50.00000000001257,1.0037752284548545,3.299531882153081e-31,2.15271115250069e-30,1.123065368596153e-16,9.468422889418433e-17,5.677213024247093e-17,0.007766556868516713,0.5009429180193226,6.399067081399696,2.4592960785609493e-30,1.304499997787227e-29,642.6485636076794,2.733577738243786,0.2929137355465911,0.05833990569471291,0.09670669348070213,0.024091556002028173,0.010060925325693967,0.005562171419868111,3.133641540648548e-05,0.00022075938290443966,Normal,normal_091
2.7755575615628914e-17,0.7263409647178201,0.7263409647178201,1.0270570611870846,2.0541141223741692,1.4140150577692907,5.0702183527078784e-17,-1.5000000000000004,675.2911321948334,50.0,1.0272012432110988,50.00000000001318,1.0551423940544271,3.001133933566619e-31,2.2508639047855797e-30,6.979224857441452e-17,1.1880958309923152e-16,6.149786981991156e-17,0.007962800334969846,0.5136006216055495,6.726532762096974,2.1429317178400154e-30,1.3729877092369308e-29,676.7371055445458,2.80496737675012,0.30229135231790877,0.05926510814279586,0.10033906079691406,0.024540011241823322,0.010568296793323304,0.005700687889667955,3.306233095555661e-05,0.00022675728473997187,Normal,normal_092
5.551115123125783e-18,0.6981730335201566,0.6981730335201566,0.987221956593725,1.97444391318745,1.4140075729003496,1.6311391918512815e-17,-1.5,623.9303484604643,50.0,0.9873657728873712,50.000000000010886,0.9748911694694757,2.87184663160881e-31,2.051865247464795e-30,6.368618131663713e-17,9.398917260605472e-17,4.7099219170803234e-17,0.0076539982394370695,0.49368288644368563,6.214931205367908,2.0701724880296197e-30,1.253090631908151e-29,623.9082059037685,2.693462829517058,0.286633646430432,0.057711918071987986,0.09424109535714054,0.023782351507907334,0.00972681753375618,0.005469041299656078,3.0209859282240558e-05,0.0002167548703972464,Normal,normal_093
-4.4408920985006264e-17,0.7245574419576764,0.7245574419576764,1.0246776829590367,2.0493553659180734,1.414211798293112,1.4593577531909538e-17,-1.5000000000000004,671.978862971202,50.0,1.0246789611349025,50.00000000001395,1.049966973392503,4.131811609051284e-31,2.270078644968238e-30,1.0345485626120972e-16,1.0875455835728089e-16,5.3572075471464036e-17,0.007943247760735767,0.5123394805674514,6.693539455377206,2.372270645878266e-30,1.3669142056207467e-29,672.1216262565772,2.795573051774126,0.3070433133646374,0.05973063723851419,0.10127524329668483,0.024654020632103032,0.010516077587992974,0.005686596280353681,3.273165995675927e-05,0.00022562048522183022,Normal,normal_094
-1.1102230246251566e-17,0.737994135271937,0.737994135271937,1.0436774585274835,2.087354917054967,1.4142083366848082,1.3810884791378545e-17,-1.5,697.1332399305909,50.0,1.0436813150533781,50.00000000001375,1.0892706873915488,3.2405489869508394e-31,2.303718555490846e-30,9.026125302603261e-17,9.89033153869807e-17,6.463001045513181e-17,0.008090552829871237,0.5218406575266891,6.944100632121122,2.2781458625709674e-30,1.4080850532792107e-29,697.24617464258,2.8473492574992108,0.3187911265445595,0.06086267393743226,0.1051089811055616,0.025116309735560442,0.010905761564670578,0.005790999733220402,3.3935224064312575e-05,0.00022973114336325798,Normal,normal_095
5.551115123125783e-18,0.6804317387724802,0.6804317387724802,0.9621345281935166,1.9242690563870333,1.4140059514681413,6.167293106721824e-17,-1.4999999999999993,592.6238094450441,50.0,0.9622757932411486,50.00000000001084,0.9259747022578818,2.5113289156912173e-31,1.986016648592319e-30,6.522301534879081e-17,9.315670382197764e-17,4.894209401722372e-17,0.007459502273187278,0.4811378966205743,5.903088726893996,1.864521822940413e-30,1.1975147430144913e-29,594.7104053119842,2.6293586286399684,0.26212170737563784,0.05518650710152267,0.08719018026208222,0.02287573911562482,0.009238984499674991,0.005330114842289496,2.89663176415201e-05,0.0002122468032923075,Normal,normal_096
5.551115123125783e-18,0.6825902801006927,0.6825902801006927,0.9652189789674589,1.9304379579349176,1.4140532133326893,1.7454199471147733e-17,-1.4999999999999993,596.3897478245658,50.0,0.9653284316624493,50.000000000010175,0.931858980975884,2.8052058802563935e-31,1.970644647860312e-30,3.71386326060883e-17,1.1252098299044007e-16,4.8882852108796663e-17,0.007483166136918293,0.48266421583122476,5.940601003721262,1.9574070265059127e-30,1.1964866972075733e-29,596.4181749651259,2.633448484974651,0.2733001572334917,0.056353325398492984,0.09000621251750468,0.02324189936178163,0.00931810249286715,0.0053529033508916204,2.8972011446999368e-05,0.00021226766255801318,Normal,normal_097
1.1102230246251566e-17,0.7141342057683112,0.7141342057683112,1.0096650337377142,2.0193300674754284,1.4138309376317275,3.048391368623952e-17,-1.5,652.784209725871,50.0,1.0099382791520846,50.00000000001239,1.0199753276966739,2.779945687246585e-31,2.1635650256795415e-30,6.98618540776839e-17,8.61726079029089e-17,5.5024426094656016e-17,0.007828978908155777,0.5049691395760423,6.502342714066293,2.0258814441389028e-30,1.3186775224455474e-29,655.3480133397514,2.760113501471279,0.28775253143756574,0.05782155237044802,0.0957625793454823,0.023973954871164948,0.010163084130668756,0.0055903258916885235,3.188131560302786e-05,0.00022267047256312446,Normal,normal_098
-2.7755575615628914e-17,0.6856414705459087,0.6856414705459087,0.9695831700260812,1.9391663400521624,1.414125620570593,-3.4444429556871305e-17,-1.4999999999999993,601.7334094494161,50.0,0.9696434665714573,50.00000000001036,0.9402084522647128,2.6588230085991143e-31,1.9925249287608008e-30,8.338554806341649e-17,9.940004684238233e-17,6.149071953029812e-17,0.00751661601993386,0.48482173328572864,5.993828883187543,2.0020426881541884e-30,1.2149114794750469e-29,601.9407299915273,2.645585392052975,0.27442766070069163,0.05646898093782806,0.09059454215085906,0.023317798801410865,0.009423155843393096,0.005382990379818764,2.9347872815434154e-05,0.0002136401271067284,Normal,normal_099
2.2204460492503132e-17,0.7267222654119769,0.7267222654119769,1.0277330264569304,2.055466052913861,1.4142033007243793,7.23177389714779e-18,-1.5,676.0003213382602,50.0,1.0277404838241178,50.000000000014126,1.0562505020910316,3.52442051050656e-31,2.2807274371953736e-30,8.381696650874029e-17,8.859739600821502e-17,6.426351731192353e-17,0.007966980494760693,0.5138702419120591,6.733596950830329,2.5870675760677318e-30,1.3783185867075467e-29,679.3226061697571,2.8100507732986046,0.2955904263600287,0.05860336524199813,0.09847044457861642,0.024310599195250263,0.01048682939766064,0.0056786654601431435,3.293797799710997e-05,0.00022633044696614873,Normal,normal_100
-6.106226635438361e-17,0.7071591909655273,0.7071591909655273,0.9998291730916364,1.9996583461832729,1.4138671827556895,4.316794325717021e-16,-1.4999999999999991,640.0948753497844,50.0,1.0000741186202344,50.00000000001233,1.0001482427340387,4.129433127849603e-31,2.1702988106162624e-30,1.336360937251449e-16,1.0530060641583866e-16,5.9509227482183e-17,0.0077525125474437635,0.5000370593101172,6.375945047429495,2.282009879118658e-30,1.3011717189897265e-29,640.0965167016369,2.728178622745999,0.29365047051521576,0.05841386273073719,0.09664237103829214,0.024083458337930373,0.009992418957245786,0.00554320632275485,3.105450249602326e-05,0.00021976412667780825,Normal,normal_101
-2.2204460492503132e-17,0.6727368864815236,0.6727368864815236,0.951381824648257,1.902763649296514,1.414196015953069,-1.8232428177022264e-17,-1.4999999999999996,579.2958955940537,50.0,0.9513936287708201,50.00000000000923,0.905149836865709,2.619439125307962e-31,1.921718742958586e-30,8.784384565087727e-17,9.363840352699288e-17,6.865062841640473e-17,0.007375144409076208,0.4756968143854101,5.770330210018896,1.9638768738869166e-30,1.1719652326238389e-29,579.375630651557,2.5955425341008533,0.26501339110844085,0.05549222477681809,0.0873596665806127,0.02289767046673485,0.009060476386092723,0.005278385232864492,2.818920311530698e-05,0.00020938034592423384,Normal,normal_102
-3.3306690738754695e-17,0.68107268053801,0.68107268053801,0.9630937280412384,1.9261874560824768,1.4140836294872865,0.0,-1.5,593.7407951042946,50.0,0.9631822217786521,50.00000000001067,0.9277199923504605,4.25284945783213e-31,2.0085324462621203e-30,8.085157204871924e-17,1.0964297423635085e-16,4.837797029682121e-17,0.007466528850997387,0.48159111088932616,5.914214951234188,2.0160858620053987e-30,1.2071253577314379e-29,595.0811044782779,2.6302931283932733,0.26550715127588725,0.05554230255126314,0.08814824875914405,0.023001000937633277,0.009289579398913884,0.005344692938260507,2.9067870928213504e-05,0.00021261853679757482,Normal,normal_103
5.551115123125783e-18,0.6803663011463977,0.6803663011463977,0.962182479407126,1.924364958814252,1.4142124290760167,0.0,-1.5,592.5098287816074,50.0,0.9621832504628532,50.000000000010644,0.9257966074712618,3.3998458422819994e-31,1.9768251731031703e-30,6.710554848563927e-17,7.593437943902968e-17,4.531517739078845e-17,0.007458784887309022,0.48109162523142673,5.901953372629294,2.0051871466873392e-30,1.1943553708915866e-29,593.202025450541,2.626236314252968,0.26770502769101,0.0557723364174984,0.0886602813374508,0.02306762363563629,0.009286701039794232,0.005343868775749067,2.8995393217083046e-05,0.0002123533002607942,Normal,normal_104
2.7755575615628914e-17,0.7208432097438376,0.7208432097438376,1.0192920919643784,2.038584183928757,1.4140274586552393,2.9640654857738536e-17,-1.5,665.1071142832617,50.0,1.0194262435642887,50.000000000012534,1.0392298660675965,2.8819452629383634e-31,2.2015268308002185e-30,7.561864120467397e-17,8.301476544737066e-17,4.665982752086871e-17,0.007902529019878292,0.5097131217821443,6.625090396180926,2.1107871921491038e-30,1.3413200759423674e-29,666.1723550368324,2.7830387714537497,0.299228764760197,0.058964436613624965,0.09921079579017505,0.024401608725875337,0.010419533867876123,0.005660425240585255,3.256344136072545e-05,0.00022503997004731763,Normal,normal_105
-2.7755575615628914e-17,0.6858777139276989,0.6858777139276989,0.9699107493310122,1.9398214986620244,1.4141161458292262,-6.021548705856234e-17,-1.4999999999999998,602.1481452322387,50.0,0.9699775651660059,50.00000000001088,0.9408564769253731,2.635058741295154e-31,2.0172714205997033e-30,7.584153094161207e-17,1.0785976884150633e-16,6.286277451427268e-17,0.0075192059315195075,0.48498878258300304,5.997960040399253,1.932701289369655e-30,1.2268242716485873e-29,604.1227134691038,2.6501061708084226,0.2668791015943478,0.05568515928946197,0.08874470937183218,0.02307875221782094,0.009394665228949309,0.005374835193189798,2.944424160228784e-05,0.00021399060168272486,Normal,normal_106
-5.551115123125783e-17,0.7223383653932738,0.7223383653932738,1.02153986221842,2.04307972443684,1.4142123846084695,1.030994213962805e-16,-1.5,667.8690740723541,50.0,1.0215407129615799,50.00000000001352,1.043545428238053,4.387373712064694e-31,2.2648312986881863e-30,1.0229391523965714e-16,1.1926405958460648e-16,3.0571625864200585e-17,0.007918920255516215,0.5107703564807902,6.652602105017592,2.3315527776938625e-30,1.3679345391408147e-29,669.6923331516969,2.7902724941306323,0.2974092961224198,0.058784293558872464,0.0988182242152335,0.02435336577655854,0.010436813173978227,0.005665112961814331,3.268325281392325e-05,0.00022545358742726197,Normal,normal_107
0.0,0.6810186246125439,0.6810186246125439,0.9628526916842471,1.925705383368494,1.413841937480983,-2.6362981537433604e-17,-1.5,593.6465498485261,50.0,0.9631057751557313,50.000000000010246,0.927572734138322,3.4375198844927363e-31,1.9666656952848437e-30,7.378321945452667e-17,6.447886004743634e-17,4.447600963331145e-17,0.007465936241517379,0.4815528875778658,5.9132761801318035,2.0604260821371676e-30,1.1929052299954409e-29,593.6367791356345,2.6273065858339786,0.2725017922163996,0.056271152069314795,0.08964685067259082,0.023195428783972134,0.009262397860109189,0.005336880516908034,2.877828793456872e-05,0.0002115568004877061,Normal,normal_108
-2.2204460492503132e-17,0.7373400191063597,0.7373400191063597,1.0425374877670341,2.0850749755340683,1.4139168643377764,-2.7695347086208782e-17,-1.5000000000000004,695.8979888329816,50.0,1.0427562551006508,50.00000000001424,1.0873406075515337,3.082683231303991e-31,2.322536306561946e-30,7.629150545614005e-17,1.1959010019284513e-16,7.464158668040146e-17,0.008083381822485754,0.5213781275503254,6.931796373141023,2.3136252130269694e-30,1.406474077371676e-29,696.3539484129517,2.8454781303379346,0.31615539824440725,0.060609946170920095,0.10452517300275369,0.02504654139254549,0.010906088255054555,0.005791082588679859,3.400428054085083e-05,0.00022996477024093585,Normal,normal_109
2.7755575615628914e-17,0.6930317282019723,0.6930317282019723,0.9800923145811266,1.9601846291622531,1.414209876252709,8.338556677139248e-18,-1.4999999999999996,614.775009657104,50.0,0.980094869178094,50.00000000001119,0.9605859525892251,3.2781048806153916e-31,2.053713655262015e-30,8.715186412730323e-17,7.725646112935533e-17,6.639602185736353e-17,0.00759763464479151,0.490047434589047,6.123735447756309,2.443528631648811e-30,1.2403778907519612e-29,615.4359113643169,2.6750094035087573,0.2780300104161963,0.05683775389551493,0.09205460671974608,0.023505035188512435,0.009636142840721056,0.005443480859295094,3.007962444499025e-05,0.0002162871501705754,Normal,normal_110
-1.1102230246251566e-17,0.7186230201123213,0.7186230201123213,1.0162611645403155,2.032522329080631,1.4141784163552944,-5.235340140958777e-17,-1.4999999999999998,661.0163776452528,50.0,1.0162864212763583,50.00000000001303,1.0328380900707075,3.1929330107840927e-31,2.1940086199019816e-30,8.89860075537929e-17,8.65391247160947e-17,5.4451719830965524e-17,0.007878189312219917,0.5081432106381792,6.5843428242007604,2.0507878462609124e-30,1.3415940947511342e-29,664.1514622980807,2.7785119976753276,0.28944064440419054,0.057990599631159566,0.0964063008067784,0.024054440753465998,0.01026105884575381,0.0056172053731653425,3.222214920066024e-05,0.00022385755996797238,Normal,normal_111
3.8857805861880476e-17,0.6920062490745803,0.6920062490745803,0.978559195299977,1.957118390599954,1.4140901135028618,8.375682181938619e-17,-1.4999999999999996,612.9569904105856,50.0,0.9786446226882057,50.00000000001134,0.9577452975165406,3.2864493077436164e-31,2.042576205682445e-30,8.597007333406434e-17,8.147406526851021e-17,7.142590990875418e-17,0.007586392423939663,0.48932231134410287,6.105626271667944,2.3752204515341435e-30,1.2480841297959158e-29,615.6688322063629,2.675205042889499,0.2690938902991491,0.05591529844760317,0.08960112617282989,0.02318990597767094,0.009526252939603765,0.005412343175997032,2.9902853361565293e-05,0.00021565067860125113,Normal,normal_112
-5.551115123125783e-17,0.6735092736208271,0.6735092736208271,0.9524279085894523,1.9048558171789045,1.4141273860532422,1.9078261330322546e-16,-1.4999999999999993,580.6268693161653,50.0,0.9524859491386257,50.000000000009535,0.9072294833065087,3.7121417116723594e-31,1.95362115240096e-30,1.0761679314278435e-16,8.25346607313353e-17,4.4307624260118065e-17,0.007383612008826638,0.4762429745693129,5.783587956078991,2.038325755365164e-30,1.1761713339353925e-29,581.465302643985,2.6001010834432168,0.2616185339500279,0.05513450288567189,0.08670814232951048,0.022812280030558213,0.00909805035665243,0.0052893113234786905,2.8424098676417007e-05,0.00021025090053534883,Normal,normal_113
5.551115123125783e-18,0.7165802521845397,0.7165802521845397,1.0132077143065548,2.0264154286131095,1.413948697604091,7.543201896134354e-18,-1.5000000000000004,657.2636900106988,50.0,1.0133975111681086,50.00000000001294,1.0269745156417167,3.4364824694230295e-31,2.1884191500448724e-30,9.239776244054019e-17,9.449286130997039e-17,7.31721238380267e-17,0.007855794660217984,0.5066987555840544,6.5469625372159435,2.5988331678393624e-30,1.331296739835991e-29,657.2444466254757,2.7644835383080317,0.3018541988425291,0.05922433912042277,0.09926803933707104,0.02440840792354566,0.010249877896365316,0.005614164621280688,3.1839078798595e-05,0.0002225229252208952,Normal,normal_114
2.2204460492503132e-17,0.6816749502025081,0.6816749502025081,0.9639078187421369,1.9278156374842739,1.4140285167503526,5.2573813912107656e-17,-1.4999999999999998,594.7913442989977,50.0,0.9640339597063912,50.000000000009834,0.9293614754671838,2.5843043454681077e-31,1.975193950076337e-30,4.76452774714924e-17,8.948117603902298e-17,4.968574913950518e-17,0.007473131470592262,0.48201697985319564,5.924679406103298,1.9307301370103403e-30,1.1935206306801196e-29,595.2349055885874,2.6307710870192067,0.26994375154035155,0.05600536604269591,0.08927857066082232,0.023147874824800106,0.009322429376279952,0.005354140527094495,2.907455888699907e-05,0.000212642995109222,Normal,normal_115
-2.7755575615628914e-17,0.740074355854749,0.740074355854749,1.0464301125037012,2.0928602250074024,1.4139526714092296,-2.054212774836841e-17,-1.4999999999999998,701.0688668080917,50.0,1.0466231912143182,50.00000000001473,1.0954201043876433,4.309346407769621e-31,2.3548282966491563e-30,9.364923188954331e-17,1.3156769474170836e-16,5.3272402124217615e-17,0.008113358071428914,0.5233115956071592,6.983303165471226,2.4381150011448693e-30,1.4246481845670061e-29,702.2578221661032,2.85741173691342,0.315125483101567,0.060510372592138664,0.10450381735108497,0.025044087241811532,0.010981264667644229,0.005811002539659153,3.4325516904991054e-05,0.00023104844847762353,Normal,normal_116
4.4408920985006264e-17,0.737726146827023,0.737726146827023,1.0432298753226943,2.0864597506453886,1.4141153594843232,3.456485300089353e-17,-1.5000000000000002,696.6270306716751,50.0,1.043302322160021,50.00000000001378,1.0884797354244924,3.5770409281421364e-31,2.3185161283801565e-30,1.1427875048847838e-16,1.0460086876767214e-16,5.875857236681669e-17,0.008087614900465369,0.5216511610800106,6.939058313331139,2.5883248349421594e-30,1.4151509727932944e-29,698.9128646694315,2.850441793708267,0.3087477907121638,0.05989410855600999,0.10266749759608809,0.024823189306591917,0.010868646741870047,0.005781123323531168,3.406401617756755e-05,0.00023016667224038713,Normal,normal_117
-5.551115123125783e-18,0.7048003121133777,0.7048003121133777,0.9967073296995704,1.9934146593991409,1.4141698188377376,-5.549450926626854e-17,-1.4999999999999996,635.8316543425467,50.0,0.9967381601555294,50.00000000001274,0.9934869599102298,4.432548663743311e-31,2.1620475520984175e-30,5.104126679990386e-17,1.2882621574283324e-16,3.786186888943322e-17,0.007726652404306514,0.4983690800777647,6.333479369427714,2.1585219956173147e-30,1.300329096590571e-29,637.8096600248298,2.7230070695648534,0.2822126604925324,0.05726258908507087,0.09382185612680763,0.023729736413466925,0.009925289873054128,0.005524540142190854,3.1099593653962626e-05,0.00021992361763935884,Normal,normal_118
-4.4408920985006264e-17,0.6730126932176889,0.6730126932176889,0.9515932600525006,1.9031865201050011,1.4139306281156419,2.731503287408543e-17,-1.5,579.7709890971225,50.0,0.9517836783976987,50.000000000010104,0.905892170464254,4.114624396916087e-31,1.9304464819446303e-30,1.0364627353003238e-16,9.515035634941219e-17,3.7074372160238674e-17,0.007378168049594647,0.4758918391988495,5.77506258670962,2.0456989828425426e-30,1.1611206144761172e-29,579.7552019427002,2.59640742337479,0.26624131678468693,0.05562105859688176,0.08756200421511877,0.022924116446635615,0.009042233341722541,0.005273071330352514,2.8088959213882896e-05,0.00020900772460604247,Normal,normal_119
1.6653345369377347e-17,0.7304009019365949,0.7304009019365949,1.0328883242156197,2.0657766484312394,1.4141388947844826,3.5615278141882646e-17,-1.4999999999999996,682.861411263733,50.0,1.0329428614882736,50.00000000001349,1.066970955099583,3.117072832360713e-31,2.2807377624021915e-30,6.827770958275599e-17,9.204024566602648e-17,6.151711222304537e-17,0.008007309003785152,0.5164714307441369,6.80193983875984,2.1670955978612484e-30,1.36822214249258e-29,685.0569327880037,2.822051837512994,0.30281702691337015,0.05931609287699582,0.10068633621508122,0.02458251358665002,0.010656050443798679,0.005724303412856779,3.339448379766995e-05,0.0002278934698250701,Normal,normal_120
-2.7755575615628914e-17,0.6882016267496937,0.6882016267496937,0.9732456451549135,1.946491290309827,1.414186783820956,-8.515362759737282e-18,-1.5,606.2354931979836,50.0,0.9732640741966436,50.000000000053866,0.9472429581218498,2.9947619332007313e-31,2.3571347963131405e-30,2.209168010438527e-17,7.102507179048462e-17,1.140146131798829e-16,0.00754468274571053,0.48663203709832187,6.03867385802679,2.0734943947668848e-30,1.4977359543438032e-29,607.0252156767076,2.656646854210796,0.2735370951745718,0.05637648668181326,0.09062535879441135,0.02332187149266658,0.009500802135973773,0.005405117557238415,2.9673123175706507e-05,0.00021482070782183083,Normal,normal_121
4.4408920985006264e-17,0.714603231759551,0.714603231759551,1.0102992698999471,2.0205985397998942,1.413790513388663,0.0,-1.4999999999999996,653.6419569167291,50.0,1.0106015820700014,50.00000000001411,1.0213155576823898,3.2567989596331245e-31,2.23018226577132e-30,7.896170407314268e-17,8.399729242440317e-17,6.868924781675305e-17,0.007834120791240408,0.5053007910350007,6.510886680225232,2.440373259240529e-30,1.3568281018065407e-29,656.1664755189822,2.761842746187197,0.2882867688667772,0.057875228871453126,0.09593315741663716,0.02399529365420225,0.01017870913305579,0.00559462176569824,3.1927539527741956e-05,0.0002228318362785939,Normal,normal_122
-1.1102230246251566e-17,0.7143975582008556,0.7143975582008556,1.01015626881247,2.02031253762494,1.4139973705327904,-1.52251068685875e-17,-1.4999999999999993,653.2657550890815,50.0,1.0103107157338727,50.00000000001226,1.02072774232669,3.0316454760262295e-31,2.1636925803253853e-30,6.584432700762638e-17,9.85065695831956e-17,5.968368442529234e-17,0.007831866013440958,0.5051553578669363,6.507139357332648,2.1085805977854576e-30,1.313276642342256e-29,653.7345775928591,2.757020635424205,0.2965757177202883,0.0587030920029062,0.09807608072270738,0.0242615756797732,0.01023867109195242,0.005611087262347466,3.192944268819988e-05,0.0002228384775395317,Normal,normal_123
-3.3306690738754695e-17,0.6982102495777222,0.6982102495777222,0.9873099193559998,1.9746198387119995,1.414058186558721,-8.154391882129016e-18,-1.5,623.9968673476928,50.0,0.9874184043407184,50.00000000001136,0.9749951052307704,2.8680085771713945e-31,2.084145884138118e-30,1.144640955365564e-16,8.432019531916481e-17,5.394767678644447e-17,0.007654406235199452,0.4937092021703592,6.21559379584616,2.0756556524088535e-30,1.261080865474874e-29,624.4806663694178,2.6946224078860426,0.28310526666880953,0.057354406100877026,0.09364179026997298,0.023706772178197142,0.009780396011024988,0.005484075460846297,3.0505489888490668e-05,0.0002178128589066171,Normal,normal_124
-5.551115123125783e-18,0.7178499270325701,0.7178499270325701,1.0148906487704321,2.0297812975408642,1.4137922294766367,-7.503247233213283e-18,-1.4999999999999993,659.5949027080528,50.0,1.0151931025579974,50.00000000001289,1.0306170354813327,2.9414627915896704e-31,2.2030020607994796e-30,7.129079812820702e-17,8.030298683394895e-17,6.266657915906353e-17,0.007869713973317895,0.5075965512789988,6.570183601193497,2.0321008021996012e-30,1.3403083123849747e-29,662.1408530282666,2.774387733627077,0.2909180154180736,0.05813874884051633,0.09680849111413334,0.024104516416442328,0.010271492878940688,0.00562006273780443,3.221847164576313e-05,0.00022384478502968065,Normal,normal_125
3.8857805861880476e-17,0.7038467984547784,0.7038467984547784,0.9953887882640039,1.9907775765280078,1.4142122837638262,3.980025222362388e-17,-1.5,634.112404089653,50.0,0.9953896882076302,50.00000000001195,0.9908006313900832,3.3080282508623938e-31,2.1066801450099622e-30,1.0885473832209922e-16,7.655248271945529e-17,5.958591641406804e-17,0.007716199133392567,0.4976948441038151,6.31635402511178,2.485407817267495e-30,1.2822233899911336e-29,634.2249771713657,2.715620683475245,0.2898994781255927,0.05803920361289337,0.09559510152924526,0.023952662614947814,0.009921074116719395,0.005523379452870718,3.087390963101384e-05,0.00021912419207910505,Normal,normal_126
2.7755575615628914e-17,0.6884859982999423,0.6884859982999423,0.9736662298085619,1.9473324596171238,1.4142135529428228,1.7009631174483307e-17,-1.4999999999999998,606.7366014144873,50.0,0.9736662362997581,50.00000000001131,0.9480259397101364,3.20246747347966e-31,2.025784708658878e-30,7.477736224515091e-17,7.470574184069055e-17,6.931812561577321e-17,0.007547800281393557,0.4868331181498792,6.043665365652119,2.3738710979468743e-30,1.2364986327043494e-29,608.4275176009348,2.6595767112008435,0.27005239839578055,0.056015453178505564,0.08973644735310668,0.02320731898149699,0.009480003394035298,0.005399193007484205,2.9689636063873446e-05,0.00021488047262992234,Normal,normal_127
4.4408920985006264e-17,0.7294915731194362,0.7294915731194362,1.031466124861209,2.062932249722418,1.413952076854105,4.2898356163815176e-17,-1.5000000000000002,681.1621827229053,50.0,1.031656876342391,50.000000000013706,1.0643159105045394,3.553431064900658e-31,2.2788872557551213e-30,6.975689724817565e-17,9.655987823641654e-17,7.895971066709205e-17,0.00799734012668529,0.5158284381711955,6.785013929466437,2.6712799169567006e-30,1.3805397921427586e-29,681.1419832362285,2.8142934242159185,0.3128350741926589,0.06029195257762493,0.1028779522106859,0.02484825417556272,0.010622380968295514,0.005715269774082524,3.299591798239288e-05,0.00022652942427369487,Normal,normal_128
0.0,0.6764578640373232,0.6764578640373232,0.9564852670411318,1.9129705340822636,1.4139613387463617,-4.483301985105241e-17,-1.4999999999999996,585.7219095269602,50.0,0.956655885695518,50.000000000010466,0.915190483635876,2.86841334593027e-31,1.9610804695459142e-30,6.355225649054536e-17,1.0020355390255379e-16,6.083492191178767e-17,0.007415937098414948,0.478327942847759,5.834339333178707,1.8706605792985277e-30,1.1851086626159541e-29,586.7092184351523,2.611777298794709,0.26330345078873435,0.055311620881710835,0.08731627632549337,0.022892157170666838,0.009174671602797765,0.005311536287290114,2.867783345238123e-05,0.00021118724399248957,Normal,normal_129
4.9960036108132046e-17,0.6820874513468896,0.6820874513468896,0.9644962296769002,1.9289924593538004,1.414036026862737,8.746414586357378e-18,-1.5000000000000004,595.5114128446662,50.0,0.9646173244192695,50.0000000000104,0.9304865825697902,3.1252619620221624e-31,1.986838437139664e-30,9.756394184300192e-17,7.897952940311752e-17,6.126129316410562e-17,0.007477653677668843,0.48230866220963514,5.931851963882417,2.3019428717258743e-30,1.2136864297450917e-29,597.5733304711857,2.6356852107969955,0.263528735599625,0.0553344485733736,0.08765168119032275,0.02293619702430426,0.009285751677701747,0.005343588320744847,2.9110540587430557e-05,0.00021277453435217716,Normal,normal_130
-1.6653345369377347e-17,0.693695417364123,0.693695417364123,0.9807930743966474,1.9615861487932948,1.4138670226797996,-1.6629291935070476e-17,-1.4999999999999998,615.9530650521406,50.0,0.9810334673924073,50.00000000001062,0.9624266641439694,2.813623697187193e-31,2.0502931220163524e-30,8.835722403628249e-17,1.0998867507972845e-16,6.075400822284014e-17,0.007604910599941226,0.4905167336962038,6.135469983917806,2.0732716745728907e-30,1.246499331576991e-29,615.9546277373396,2.676236141106082,0.28257536861175947,0.05730172912355089,0.09299743326585697,0.02362493071601652,0.0096155387212177,0.005437666109523227,2.988322191181779e-05,0.00021557987881960753,Normal,normal_131
-3.8857805861880476e-17,0.7368738887640656,0.7368738887640656,1.0419318462702876,2.083863692540575,1.4139893707137212,-2.0810954067869918e-17,-1.4999999999999996,695.0184037661138,50.0,1.042097047248745,50.00000000001351,1.085966255884553,3.4326878221755106e-31,2.2919986167112348e-30,7.067089232119372e-17,1.0184207252767444e-16,5.50849823623313e-17,0.008078271684098888,0.5210485236243726,6.9230348812640266,2.2704138231131562e-30,1.4018482678570563e-29,695.0381282866837,2.842850339842963,0.3186364675161806,0.060848198271461866,0.10490929624390669,0.025092402142645867,0.010855621834990949,0.005777674073333457,3.374654400143377e-05,0.00022909159984257492,Normal,normal_132
-2.7755575615628914e-17,0.6918841922233346,0.6918841922233347,0.9782725860207927,1.9565451720415852,1.4139253317462703,0.0,-1.4999999999999991,612.7407813741266,50.0,0.9784720082337935,50.000000000010765,0.9574074708970729,2.7369989194088852e-31,2.0247840708668427e-30,9.225197218140638e-17,8.96702906112922e-17,4.1841134758278244e-17,0.007585054327393833,0.4892360041168968,6.1034726269688395,2.0799917513173314e-30,1.2347184665778884e-29,612.7490338730544,2.6692621222915762,0.2810191156855921,0.057143684738209216,0.09250273878268613,0.02356201583075191,0.009567739286399713,0.005424133558039369,2.973839123548178e-05,0.0002150568344475564,Normal,normal_133
-5.551115123125783e-18,0.6799178228449639,0.6799178228449639,0.9615462270042934,1.9230924540085867,1.414209474579596,-8.830411894691518e-18,-1.4999999999999998,591.7289546524619,50.0,0.9615490063665357,50.00000000001049,0.9245764916444722,3.3754345512992275e-31,1.9461526144288646e-30,5.951725505605186e-17,8.072907444575705e-17,5.58319243394975e-17,0.007453868266407334,0.4807745031832679,5.8941751342335085,2.0746479409815663e-30,1.1883722258160873e-29,591.7063014801183,2.6230330610960912,0.27231973393294356,0.056252713439902687,0.08940078362101773,0.023163525399077838,0.009202858450436157,0.005319702267086345,2.85555378241837e-05,0.0002107364625372936,Normal,normal_134
-1.1102230246251566e-17,0.6756684890738853,0.6756684890738853,0.9554174740533365,1.910834948106673,1.41403290149209,3.599226964200714e-17,-1.4999999999999996,584.3557211230554,50.0,0.9555395409164259,50.000000000010395,0.913055814254774,3.894620494207518e-31,1.95965439223896e-30,1.0115621946564446e-16,1.0868736562186311e-16,5.1564911125259345e-17,0.007407283262918114,0.47776977045821306,5.820730815874185,2.0401490892971068e-30,1.1781020317231552e-29,584.3796320872551,2.6067358766813222,0.2678252050480084,0.05578603020745902,0.08819535666719476,0.02300690465526464,0.009129112508327084,0.0052983415232579455,2.838271510955059e-05,0.00021009778922775484,Normal,normal_135
0.0,0.675526114782572,0.675526114782572,0.9551794740404683,1.9103589480809366,1.413978605914433,9.003757924009941e-18,-1.4999999999999991,584.1094806441429,50.0,0.9553381932627175,50.00000000001034,0.9126710635064734,3.8627075119934405e-31,1.989701074701834e-30,6.642592788606537e-17,1.1369223133428387e-16,2.0062974548754546e-17,0.007405722428393242,0.4776690966313588,5.818278029853769,2.0211902045520882e-30,1.1885235768553917e-29,585.0818354323656,2.6081544753752244,0.2626306847488257,0.055240924127459685,0.08708907645008654,0.02286235308730495,0.009149726789830304,0.005304310737686435,2.859866123098525e-05,0.0002108955253161873,Normal,normal_136
0.0,0.7198852279224325,0.7198852279224325,1.017841082392577,2.035682164785154,1.413893552627302,2.97591446290069e-17,-1.5,663.3404689675936,50.0,1.0180714526799508,50.00000000001292,1.0364694827618652,2.8629854647283016e-31,2.1869777893918013e-30,7.819968533675708e-17,9.353094777136698e-17,5.021821998203216e-17,0.007892026764960945,0.5090357263399754,6.607492952606889,2.1790686635986278e-30,1.3423555317805255e-29,663.7644822025425,2.7780974587459024,0.30141985464998544,0.0591806369222418,0.09964688632927717,0.024455083335964283,0.010395626085078475,0.005653932081060336,3.241106736796586e-05,0.00022451283831384522,Normal,normal_137
-2.2204460492503132e-17,0.6942368082283944,0.6942368082283944,0.9817987074163685,1.963597414832737,1.414212982916279,-6.636167161626299e-17,-1.4999999999999998,616.91487475091,50.0,0.9817991096952049,50.00000000001123,0.963929491798297,3.0632185843994576e-31,2.0602499252582314e-30,1.0581036428973547e-16,7.818510551762412e-17,5.30626740707349e-17,0.0076108458115908195,0.49089955484760256,6.145050510214144,1.9785520520422244e-30,1.2454060603035561e-29,617.6296335282617,2.679764920118366,0.27875891508954953,0.0569121519878308,0.09231862927819727,0.02353872644178989,0.009669272363664595,0.005452829932807513,3.0189181246037972e-05,0.00021668067554913214,Normal,normal_138
-3.3306690738754695e-17,0.7336236349498036,0.7336236349498036,1.0372686968221754,2.0745373936443507,1.4138976000844548,-1.405918969875076e-17,-1.5000000000000002,688.9006563289124,50.0,1.037500494223461,50.0000000000143,1.0764072755139256,4.842737312524552e-31,2.342981726618052e-30,8.09833059378227e-17,1.1831903935323562e-16,4.812605608641595e-17,0.008042639490104437,0.5187502471117306,6.862096381401275,2.360894499747876e-30,1.409537434525773e-29,691.4534481791987,2.835148130830454,0.3042343259895457,0.05945452965165202,0.1012212611303704,0.02464775745855036,0.010733427795023556,0.005745047571827403,3.366036357784013e-05,0.00022879889088325814,Normal,normal_139
2.7755575615628914e-17,0.6748255932433952,0.6748255932433952,0.9542456133776605,1.908491226755321,1.4140625710265118,4.5159134240591665e-17,-1.4999999999999996,582.8986640592643,50.0,0.9543475062012794,50.00000000000938,0.910779162592601,3.065255899697812e-31,1.9463310025936048e-30,8.894551392183798e-17,9.438515453025517e-17,5.358866965538492e-17,0.007398042683730929,0.47717375310063964,5.806217161527828,2.2704128111467163e-30,1.1795655322646643e-29,582.928396769139,2.603496200561423,0.26709852629648356,0.05571027379616146,0.08796755762460429,0.022977176462353047,0.009107775259363925,0.0052921459041741946,2.8318868588786578e-05,0.0002098613501669156,Normal,normal_140
1.6653345369377347e-17,0.6884918325041255,0.6884918325041255,0.9736739654978614,1.947347930995723,1.4142128047548232,5.102759629472233e-17,-1.4999999999999998,606.7468843838576,50.0,0.9736744871104399,50.00000000001051,0.9480420068497782,2.7200830665176733e-31,2.0014266689204995e-30,7.66673314919311e-17,9.23830747412478e-17,3.8493877118070246e-17,0.007547864241166282,0.4868372435552199,6.0437677936673335,1.973680639837024e-30,1.22004463591317e-29,606.8567698179812,2.656381724472495,0.2773728366322925,0.05677140589816435,0.09146699398495282,0.023429779143880027,0.009493176295092037,0.005402954411958378,2.9542897744176513e-05,0.00021434880130295045,Normal,normal_141
-1.6653345369377347e-17,0.7121436902954689,0.7121436902954689,1.006982029884421,2.013964059768842,1.4140152382241982,-3.074024592920772e-17,-1.4999999999999998,649.1502536033903,50.0,1.0071232651742772,50.00000000001237,1.0142972712552976,3.1214189453715773e-31,2.1402972175041955e-30,6.437074990014187e-17,9.665565261821616e-17,5.021001144676498e-17,0.007807157094374328,0.5035616325871387,6.466145104252524,2.0941211607642057e-30,1.3027710087794695e-29,649.6263661044775,2.74834261448391,0.2946549676665221,0.05851267637836109,0.09744678196091312,0.024183615870452112,0.010174315124333116,0.005593424912064953,3.1730243203288735e-05,0.00022214227434356795,Normal,normal_142
-2.2204460492503132e-17,0.6752342343474379,0.6752342343474379,0.9546547386448174,1.9093094772896348,1.4138127039219275,-5.4092634074982634e-17,-1.5000000000000002,583.6048271805064,50.0,0.9549254119927596,50.00000000000948,0.9118825424695417,2.5435149780602714e-31,1.9340190120289178e-30,7.621435561134184e-17,9.076775426067272e-17,5.5033055173917836e-17,0.007402522573587364,0.4774627059963798,5.813251208243326,1.944652786190075e-30,1.1758083952750734e-29,583.9321777994006,2.605690669300152,0.2654327664874458,0.055535607593333244,0.08772050753846845,0.022944979199291823,0.009144873427872282,0.00530290868437569,2.8504230923868803e-05,0.0002105470580270369,Normal,normal_143
5.551115123125783e-17,0.7087863682976893,0.7087863682976893,1.002203598563588,2.0044071971271755,1.4139713225145576,-1.4030613920986253e-16,-1.5000000000000004,643.0439883323234,50.0,1.0023752948717637,50.00000000001202,1.004756231769255,3.5738580894345897e-31,2.142283802747368e-30,8.440025199731624e-17,6.569305770554221e-17,5.1276939619838606e-17,0.007770351123037015,0.501187647435882,6.405320977529001,2.6160500709726694e-30,1.3076489224422567e-29,643.0235682119047,2.73441248239366,0.29535753184196833,0.05858355912225608,0.09712336658996452,0.024143295942831124,0.010026904734849558,0.00555276443046667,3.114476684703611e-05,0.00022008328285245547,Normal,normal_144
5.551115123125783e-18,0.7306858616494024,0.7306858616494024,1.0333079339096654,2.0666158678193307,1.414161663913586,2.1344175390818495e-17,-1.4999999999999996,683.394340370342,50.0,1.033345855378856,50.00000000001339,1.0678036568286595,3.3632462203330125e-31,2.2669143338658837e-30,8.225934570449255e-17,9.967924383485046e-17,5.419340708289912e-17,0.00801043298743308,0.5166729276894281,6.807248312282704,2.3115008599008157e-30,1.3780065978302784e-29,683.363644364262,2.8188807787699175,0.31428613382608017,0.06043182248690225,0.10324387139173134,0.024892378872126166,0.010639692353630988,0.0057199262999723804,3.302701090164573e-05,0.00022663613144996726,Normal,normal_145
-3.8857805861880476e-17,0.7371476378380114,0.7371476378380114,1.0423153578290336,2.0846307156580672,1.4139845321686686,0.0,-1.5,695.5348991618048,50.0,1.042484186901806,50.00000000001435,1.0867732799403196,4.354558172985344e-31,2.3457533828724823e-30,1.1011364217674407e-16,1.3731016084697705e-16,4.705077820315682e-17,0.00808127276668076,0.5212420934509032,6.9281796596195395,2.4953245635042975e-30,1.417252910141798e-29,695.5118407146703,2.843824995664756,0.31948920474495174,0.06092981951084616,0.10505329845619339,0.025109584024606675,0.010844582299113462,0.005774737192041515,3.368346241352168e-05,0.0002288773820286032,Normal,normal_146
4.4408920985006264e-17,0.7314011989986087,0.7314011989986087,1.0341964934551977,2.0683929869103954,1.4139934346152898,2.837548059896068e-17,-1.5,684.7330737876509,50.0,1.0343574951597752,50.000000000014055,1.0698954277932042,3.6933522657124383e-31,2.2948285323723278e-30,5.160946151509511e-17,8.517712435024795e-17,5.727508966485342e-17,0.008018275156277418,0.5171787475798878,6.820583352181682,2.297500150364041e-30,1.3891980259197327e-29,687.6101044749126,2.827209264716574,0.3011531746038872,0.05915249779982692,0.1002526816196514,0.024529575764816396,0.010650281265483405,0.005722751023179788,3.342167214321339e-05,0.00022798622145743728,Normal,normal_147
-2.7755575615628914e-17,0.7410175492166503,0.7410175492166503,1.0478899511125972,2.0957799022251944,1.414122988340743,0.0,-1.4999999999999993,702.856970556225,50.0,1.0479570680586596,50.000000000014964,1.098214016494102,4.9799366502158115e-31,2.374974356260556e-30,1.04010436402049e-16,1.0876846366555951e-16,4.254418631893914e-17,0.008123698202005201,0.5239785340293298,7.001114355149899,2.4073636569554697e-30,1.429639008275547e-29,705.1488156689524,2.8631319216748863,0.3115632723987856,0.060166586232333924,0.10360086330202448,0.024935768411669744,0.010966542526802316,0.005807100807143032,3.436980997911718e-05,0.0002311974709508181,Normal,normal_148
5.551115123125783e-17,0.7268688276134222,0.7268688276134222,1.0277298480762966,2.0554596961525933,1.4139137751295485,-1.3732060461316307e-16,-1.5,676.2730144718219,50.0,1.027947754077133,50.0000000000131,1.0566765851122217,3.3917823459858327e-31,2.2662601041397363e-30,1.1369556132392794e-16,8.089590295925759e-17,6.060916607104798e-17,0.007968587240908095,0.5139738770385666,6.736313230090413,2.495088365279506e-30,1.36689361703836e-29,677.6295734531288,2.806829514158254,0.3031046361782649,0.05934485175695008,0.10058274816860152,0.024569782450998827,0.01058673138853631,0.005705658132679735,3.311189509535537e-05,0.0002269271883801895,Normal,normal_149
0.0,0.7268348026113997,0.7268348026113997,1.02760356096532,2.05520712193064,1.4138062146610113,1.44568305795236e-17,-1.5,676.209702767555,50.0,1.027899635457813,50.0000000000131,1.0565776605743047,3.171926379555797e-31,2.251761407449501e-30,9.131806428848873e-17,8.337484392012774e-17,5.3856174500762905e-17,0.007968214228355227,0.5139498177289067,6.735682586161194,2.2246405245086622e-30,1.3631635733387704e-29,676.2050622917488,2.804073671918334,0.31030413223880804,0.06004745564247073,0.10210458867168634,0.024754696776814418,0.010553642221888817,0.005696746934968466,3.279473779500552e-05,0.0002258377794619317,Normal,normal_150
-2.7755575615628914e-17,0.7096571764668128,0.7096571764668128,1.003602743204364,2.007205486408728,1.4142078407486989,-1.5532252328735685e-17,-1.4999999999999996,644.625034381887,50.0,1.0036068035947636,50.00000000001291,1.0072266162216985,4.4696198245386795e-31,2.1719119152579613e-30,8.215426807565842e-17,9.575060770612454e-17,2.8992915806459156e-17,0.0077798977022850765,0.5018034017973819,6.421069678413328,2.2075501240336637e-30,1.3078379190193272e-29,645.4056055751875,2.7393543413561376,0.2911258597605828,0.05816085019307609,0.09642855573361529,0.024056985574931182,0.010103228277092327,0.005573847994798651,3.1547972125339416e-05,0.00022150331883844342,Normal,normal_151
4.9960036108132046e-17,0.732390949973795,0.732390949973795,1.0357285471214654,2.071457094242931,1.4141744203107778,7.77166400178443e-17,-1.5,686.5875246125028,50.0,1.0357572144122558,50.00000000001405,1.0727930072070355,3.704891146682263e-31,2.287706082903737e-30,5.283770627211189e-17,8.368165045804747e-17,6.306095123638992e-17,0.00802912569311835,0.517878607206128,6.8390554209448515,2.7240184001800987e-30,1.3945552557607008e-29,687.2371612689698,2.8267614348834242,0.31092601720131197,0.060106344877349345,0.10290479262868048,0.024851677441540144,0.010762028091733922,0.005752706196357542,3.358306828618924e-05,0.00022853604105585898,Normal,normal_152
2.2204460492503132e-17,0.6989813815328472,0.6989813815328472,0.988287349391112,1.976574698782224,1.4138965292929704,5.689203324443269e-17,-1.4999999999999993,625.3759638138465,50.0,0.9885089496100357,50.000000000011624,0.977149943459136,3.3732637146614124e-31,2.0967674608602484e-30,7.303199438748371e-17,7.408843261940726e-17,4.642129593838297e-17,0.007662860074496483,0.4942544748050177,6.2293308895519885,2.1094035854644056e-30,1.2592220477107327e-29,626.6177750284808,2.6991158081635858,0.28034468981690247,0.057073303242670674,0.09302631642964658,0.023628842495875102,0.00979036911004515,0.005486865792221223,3.061998838309454e-05,0.00021822124256001244,Normal,normal_153
-5.551115123125783e-18,0.6905932440014514,0.6905932440014514,0.9763889417697456,1.952777883539491,1.4138408538590912,3.370879699868605e-17,-1.4999999999999998,610.4563566853737,50.0,0.9766463317500849,50.000000000010274,0.9538380573208968,2.6747723765727303e-31,2.0137545323442023e-30,1.0130137813026216e-16,8.085407098490444e-17,6.12764281795861e-17,0.007570901796512367,0.4883231658750424,6.080717615420714,2.0564109912252693e-30,1.2300858992062725e-29,610.4553011050007,2.664262847704059,0.2800878198920783,0.05704896892861576,0.09217139703433838,0.023519772228228434,0.00952872401178803,0.00541306333103126,2.9611857576713972e-05,0.00021459882487313313,Normal,normal_154
-4.9960036108132046e-17,0.7055424682309333,0.7055424682309333,0.9976498886550675,1.995299777310135,1.414018196743204,-2.370838728632e-17,-1.4999999999999993,637.1714233310688,50.0,0.9977877274023745,50.00000000001221,0.9955803489547953,3.884309167927683e-31,2.1694749820562707e-30,9.139270303678464e-17,1.1828726566181396e-16,5.3687282372188435e-17,0.007734788584514619,0.49889386370118743,6.346824724586822,2.2285742031705184e-30,1.295465889947498e-29,637.6404681559501,2.7228702421402526,0.28920891706186247,0.05796941287899017,0.09564667146839465,0.023959205982740678,0.00998659088498779,0.005541583074819032,3.1145044225220844e-05,0.00022008426289760468,Normal,normal_155
3.3306690738754695e-17,0.688196620332032,0.688196620332032,0.973008679706153,1.946017359412306,1.4138527434721997,2.554664580295214e-17,-1.5,606.2266729426317,50.0,0.9732569940528875,50.000000000010786,0.9472291764728622,3.2538092358078735e-31,2.0280061905909647e-30,6.498966047704492e-17,8.914699775972682e-17,5.412721358735918e-17,0.007544627860875178,0.48662849702644373,6.038586000014494,2.067821143518001e-30,1.2226577452754913e-29,606.5528127601499,2.6556834700292686,0.27579754030307985,0.05660953975214594,0.09113649142766958,0.02338746756023959,0.009498919907045704,0.005404585895012727,2.960547214704926e-05,0.00021457568584317752,Normal,normal_156
-6.106226635438361e-17,0.6976593007119892,0.6976593007119892,0.9865342852370083,1.9730685704740165,1.4140631168090163,4.1686002440697877e-16,-1.5,623.0124798335255,50.0,0.9866392449826249,50.000000000012086,0.9734569997398841,4.105991827188859e-31,2.0817484494944912e-30,1.0716115400943533e-16,1.144006208885076e-16,3.5751575917606544e-17,0.00764836624017547,0.49331962249131245,6.2057883733417585,2.2149706252775297e-30,1.2653282986537094e-29,623.2607836753025,2.6920244773666067,0.28392903171011147,0.05743814897311403,0.09375924556276777,0.023721586914715678,0.009758320660218594,0.005477885211508674,3.0398399057280204e-05,0.0002174302020829001,Normal,normal_157
-2.2204460492503132e-17,0.6985836045263826,0.6985836045263826,0.9878760013546304,1.9757520027092608,1.4141127775579057,-1.6282649262483706e-17,-1.5000000000000004,624.6643872167338,50.0,0.987946407972693,50.00000000001153,0.9760381050261466,2.7080979238987825e-31,2.0754469672661308e-30,7.590083277342016e-17,9.279942106885804e-17,4.5088563960635854e-17,0.007658499286610107,0.49397320398634653,6.222242919541683,2.0086697459947956e-30,1.2642341094518424e-29,626.1118701006453,2.6979949835774755,0.2791856329211664,0.056955028407240114,0.09269944108393298,0.023587315984879544,0.009772023604000517,0.005481721563529021,3.058063601212069e-05,0.00021808097006734508,Normal,normal_158
1.6653345369377347e-17,0.6927437789616313,0.6927437789616313,0.9796530580642626,1.9593061161285252,1.4141636313663786,-1.6697918269316015e-17,-1.4999999999999998,614.2642474112531,50.0,0.9796876474571288,50.00000000001093,0.9597878865800834,3.0325362224143483e-31,2.0646857705075092e-30,8.268345185964289e-17,1.1149674965658262e-16,7.232245603827967e-17,0.007594477887264646,0.48984382372856433,6.118647776948028,2.243162371959514e-30,1.2495502314329843e-29,617.1340659290788,2.6783635923263907,0.26912392845754796,0.05591833004344772,0.08963316446663115,0.023194064112020445,0.009537850037227307,0.005415636057190722,2.994850050306869e-05,0.00021581521278617156,Normal,normal_159
3.3306690738754695e-17,0.7365470319814509,0.736547031981451,1.0416272102838668,2.0832544205677337,1.414203255262978,6.946224045702185e-17,-1.4999999999999996,694.4019588104762,50.0,1.0416348019538177,50.000000000013785,1.0850030606413692,3.8728058475046675e-31,2.313655262670537e-30,7.303121189826442e-17,9.112410303850959e-17,5.571664726894419e-17,0.008074688387238987,0.520817400976909,6.916894511588728,2.3547785477988297e-30,1.3899796352063976e-29,695.1212673858682,2.8429208906083425,0.31416858998811015,0.060418879169804394,0.10400753103388324,0.024984488675295704,0.010884380232090662,0.0057853142252183385,3.397272248070111e-05,0.0002298580347589476,Normal,normal_160
-1.6653345369377347e-17,0.6949700856009603,0.6949700856009603,0.9828114391448589,1.9656228782897178,1.4141780481005595,-3.307591722063825e-17,-1.5,618.2187774466638,50.0,0.9828361205004688,50.00000000001176,0.965966839760412,3.7571712456451902e-31,2.082447716588456e-30,6.302935788131273e-17,1.2962534864866406e-16,4.84909367216308e-17,0.0076188846550424814,0.49141806025023455,6.158038603472629,2.169571100541536e-30,1.2592625319100654e-29,619.0404647695193,2.6828079342971187,0.2788708859893914,0.056923467879167015,0.09239895601435175,0.023548980143154596,0.009688349058790204,0.005458205557175858,3.026067544522636e-05,0.00021693709605954348,Normal,normal_161
0.0,0.7317537297131004,0.7317537297131004,1.0346776231825958,2.069355246365191,1.4139697293881226,2.1250867288361926e-17,-1.5,685.3933068147625,50.0,1.0348560488773626,50.000000000014055,1.0709270418980663,4.5164059282651085e-31,2.3229690123683346e-30,6.429590051610174e-17,9.128041792354895e-17,4.3462627372485137e-17,0.008022139913778098,0.5174280244386814,6.827159892100174,2.3298135166368517e-30,1.399970078225681e-29,686.8166630891537,2.825785576657529,0.30699367607253625,0.05972431671330726,0.1018873625295706,0.024728616350912606,0.01072790621387228,0.005743574577939082,3.355777263413453e-05,0.0002284499551596461,Normal,normal_162
2.7755575615628914e-17,0.7286305337544622,0.7286305337544622,1.0304171160729623,2.0608342321459245,1.4141832771707363,-7.175102976478342e-18,-1.5000000000000004,679.55514204072,50.0,1.0304391827947077,50.00000000001359,1.061804909438625,3.4275489471047296e-31,2.2577497123440528e-30,9.076033933631153e-17,1.063204914293472e-16,6.287124511289882e-17,0.007987900641819529,0.515219591397354,6.769006297671234,2.5749370926606695e-30,1.3729727889550075e-29,680.4478791104309,2.8127279431079186,0.30658576314466796,0.0596850867801114,0.10157766402222235,0.024690941869460168,0.010649739075756795,0.005722614451887991,3.3262338200184025e-05,0.0002274421232748445,Normal,normal_163
-2.7755575615628914e-17,0.716505476885985,0.716505476885985,1.0132688938534578,2.0265377877069155,1.4141816448575195,0.0,-1.5,657.1265259617444,50.0,1.0132917629267622,50.000000000013124,1.0267601968152256,4.67839030237955e-31,2.22359365129212e-30,9.539124958228489e-17,1.2005418950705727e-16,5.099249092985523e-17,0.007854974906409096,0.5066458814633812,6.545596254697064,2.2902052910675805e-30,1.338423037883507e-29,657.3105088797191,2.7645928482578155,0.29995840775308436,0.05903738858783793,0.09898400132963392,0.024373552810181883,0.010287620806254812,0.00562448719117048,3.20311133692448e-05,0.00022319298001130663,Normal,normal_164
4.4408920985006264e-17,0.7237162359789433,0.7237162359789433,1.0234336285365728,2.0468672570731457,1.414136615507595,9.518941185526438e-17,-1.4999999999999993,670.4194434809979,50.0,1.023489316231029,50.00000000001281,1.0475303804390592,3.780981566013542e-31,2.2329087481590984e-30,8.377867769412469e-17,8.850784927567789e-17,5.3472810089445976e-17,0.00793402570721737,0.5117446581155146,6.6780061752990045,2.6904866345747483e-30,1.3603357566685917e-29,670.4765813218798,2.792162139930501,0.3069903339267133,0.059725710521794595,0.10114568968372542,0.024638216466844685,0.010480041919120442,0.0056768461883500865,3.259440639055365e-05,0.00022514694143797184,Normal,normal_165
5.551115123125783e-18,0.7208810889715486,0.7208810889715486,1.0192088477159187,2.0384176954318374,1.4138376818409375,0.0,-1.4999999999999996,665.1770168791113,50.0,1.0194798128818499,50.00000000001347,1.0393390888736116,2.861650494474858e-31,2.2322626833445057e-30,7.632888191683531e-17,9.69648327076098e-17,6.157572160328401e-17,0.0079029442859059,0.5097399064409249,6.625786691569273,2.0804631390488365e-30,1.3512942286798665e-29,667.7017932479458,2.7860198080053755,0.2935368499358317,0.05839987018870424,0.09767261315042446,0.0242118534040863,0.010360674181210904,0.005644408015092062,3.2495386626755445e-05,0.00022480469016383794,Normal,normal_166
1.6653345369377347e-17,0.6810925233342106,0.6810925233342106,0.9629582664146072,1.9259165328292145,1.4138435431637708,4.392400216122035e-17,-1.4999999999999998,593.7753924374556,50.0,0.9632102837301545,50.00000000001061,0.9277740506835247,3.3507796068028457e-31,1.9821678069512373e-30,7.282504950367846e-17,6.446626848875071e-17,4.196721193000258e-17,0.007466746385505156,0.4816051418650773,5.91455957310747,1.99818591351728e-30,1.2099405848828458e-29,594.8532928131024,2.629829946169396,0.2665988100704035,0.05565659757955633,0.08843406734183537,0.023038229523642515,0.009298724741064527,0.005347324595889631,2.9072993608104203e-05,0.00021263727103342897,Normal,normal_167
1.6653345369377347e-17,0.6784757269707596,0.6784757269707596,0.9595021111994253,1.9190042223988506,1.4142025617953506,3.5547354455030575e-17,-1.4999999999999998,589.221519473281,50.0,0.9595095748229934,50.000000000010054,0.9206586241770015,2.545366660312644e-31,1.956280272578046e-30,7.558139923309356e-17,9.344307140606999e-17,5.686242883544538e-17,0.00743805871955817,0.4797547874114968,5.869198729128385,1.8541501514411255e-30,1.1958235382601875e-29,590.767666300526,2.6207096483468697,0.2626299456689741,0.05524036400586495,0.08724764731638633,0.02288322369360419,0.00921041809133028,0.0053218706726818965,2.8837863493192492e-05,0.00021177566512168,Normal,normal_168
-5.551115123125783e-18,0.6777260149266592,0.6777260149266592,0.9583914753016449,1.9167829506032898,1.4141282084382494,3.566545426696089e-17,-1.5000000000000002,587.9200656747139,50.0,0.9584493218823521,50.00000000001025,0.9186251026167406,3.690565534883121e-31,1.9937502288139365e-30,4.9485303633487696e-17,1.035370676979872e-16,4.885794797739999e-17,0.007429839704514439,0.4792246609411761,5.856235029181721,1.9748009646427656e-30,1.201400574146175e-29,590.5880882439903,2.620137742730854,0.2578626674121414,0.05473594793441934,0.08587127437366254,0.022702114846471083,0.009133331554271247,0.005299548392695688,2.8673571348427277e-05,0.00021117155006976173,Normal,normal_169
2.2204460492503132e-17,0.6814676500390738,0.6814676500390738,0.9637210635461667,1.9274421270923334,1.4141846109488763,3.508120455978885e-17,-1.5000000000000002,594.4296423037154,50.0,0.9637407930037802,50.00000000001065,0.9287963160995552,3.172307503564217e-31,1.989068492699674e-30,6.64381091156585e-17,9.067843242810724e-17,4.3140176393866143e-17,0.007470858860494502,0.48187039650189023,5.921076515134664,1.9500859978497422e-30,1.2051904025552007e-29,597.2693052380574,2.6348948794315312,0.26021181600288157,0.05498462330892219,0.08667363784864468,0.022807941971115117,0.009226231325448656,0.005326431877817615,2.897375837049348e-05,0.0002122740620127654,Normal,normal_170
4.4408920985006264e-17,0.7283825053126974,0.7283825053126974,1.0299076152282525,2.059815230456505,1.4139653378751802,3.591217629995318e-17,-1.5000000000000002,679.0925747783701,50.0,1.0300884176085097,50.00000000001281,1.0610821480912034,3.4426884119403423e-31,2.2640817422169957e-30,1.0834493189255235e-16,7.643002416556282e-17,6.662474308602012e-17,0.007985181531849002,0.5150442088042549,6.764398694081423,2.5629791158564694e-30,1.3749512775170405e-29,680.2340139799545,2.812250037508809,0.30529083746040875,0.05955867345865084,0.10123898011077757,0.024649776701313676,0.010637301231017842,0.005719270257797569,3.3249345603498375e-05,0.00022739769837079834,Normal,normal_171
4.4408920985006264e-17,0.7270913232775805,0.7270913232775805,1.0282116580065706,2.056423316013141,1.4141437603328648,-7.220767348956741e-18,-1.5000000000000004,676.6870942534952,50.0,1.0282624104629547,50.000000000013756,1.057323584771086,3.6788722124182055e-31,2.2747536214749365e-30,8.055087668780077e-17,9.828713477150695e-17,8.244206028677881e-17,0.007971026437697414,0.5141312052314776,6.740437852915674,2.617410025396794e-30,1.3775148196935685e-29,678.8527305120172,2.809245291635487,0.3001169179048066,0.05905105733677845,0.0997865281659591,0.02447242233646402,0.010560179384700743,0.0056984948787067525,3.309331753686755e-05,0.00022686352025501723,Normal,normal_172
-2.7755575615628914e-17,0.7386456572576328,0.7386456572576328,1.044602677205436,2.089205354410872,1.4142135230068429,2.066155705129566e-17,-1.5,698.3646809415172,50.0,1.044602706281733,50.0000000000148,1.0911948139711203,4.956656144844983e-31,2.357514802828162e-30,9.55250384092092e-17,1.072457732395886e-16,3.4739665447456774e-17,0.008097695397532906,0.5223013531408667,6.956366939065894,2.4134731099735657e-30,1.4150484470890448e-29,698.4976994270836,2.8499007262488014,0.31920836965495875,0.06090244252113447,0.10527042434509422,0.025135597526902167,0.01092737067189872,0.005796733843902351,3.400787102502836e-05,0.0002299769108138688,Normal,normal_173
3.3306690738754695e-17,0.7134761088294787,0.7134761088294787,1.008858607773539,2.017717215547078,1.4140047512274068,8.40629484239046e-17,-1.5000000000000004,651.5816420741812,50.0,1.0090075895358308,50.00000000001278,1.0180963157409075,3.665449512980986e-31,2.148758179454145e-30,6.554082620503251e-17,1.0176213819567842e-16,3.63027569906653e-17,0.00782176425996777,0.5045037947679157,6.490364012848289,2.2642449126212628e-30,1.3224917216302076e-29,651.5586998947441,2.7525005067591266,0.29933202804197184,0.058976433030281564,0.09841729155980948,0.024303585003723045,0.010158064522395455,0.0055889638547816966,3.154947639219939e-05,0.0002215085996159906,Normal,normal_174
1.6653345369377347e-17,0.7153209366093813,0.7153209366093813,1.0114762784625604,2.0229525569251208,1.4140174384599176,1.516622255056385e-17,-1.4999999999999993,654.955574210205,50.0,1.0116165700024122,50.00000000001258,1.0233680847034454,3.8111505224574384e-31,2.166053776029398e-30,6.257343155674531e-17,1.0500313543301807e-16,6.885592289675312e-17,0.00784198891474747,0.5058082850012063,6.5239715399844656,2.2593746316042133e-30,1.3210046441194204e-29,654.9792786415443,2.759709351288334,0.3002149056702787,0.05906306112542599,0.09885501479307097,0.024357609048526272,0.010231263951933198,0.0056090630246838176,3.1807973000558524e-05,0.0002224141996430755,Normal,normal_175
2.7755575615628914e-17,0.7116994829679851,0.7116994829679851,1.006389457921596,2.012778915843192,1.4140651806058049,3.0797841448329884e-17,-1.4999999999999996,648.3406771928287,50.0,1.0064950611472445,50.00000000001266,1.0130323081137955,3.4385056248436916e-31,2.1681189621250934e-30,5.562424220573e-17,1.038773091675099e-16,4.2908147049428706e-17,0.007802287295715158,0.5032475305736223,6.458080964225444,2.1997867934221906e-30,1.3167600453199507e-29,649.344256596655,2.7476680569434238,0.2918356190324321,0.05823148633628288,0.09674738427995036,0.02409675311898973,0.010157673321713823,0.00558884481104983,3.174154837374941e-05,0.0002221818443639072,Normal,normal_176
-3.8857805861880476e-17,0.7047015682877478,0.7047015682877478,0.9965883062149185,1.993176612429837,1.414199075269507,1.5862240129491417e-17,-1.5,635.6535044444304,50.0,0.9965985152981227,50.00000000001236,0.9932086006944225,3.9060169014534173e-31,2.141439637824386e-30,9.871577507613966e-17,1.191066125956278e-16,3.6292338023012276e-17,0.007725569886032046,0.4982992576490614,6.331704829426944,2.25191051921664e-30,1.2898816715487162e-29,636.4526035059104,2.7202835949366055,0.2869408863306384,0.057741270735671826,0.09505450178340132,0.023884975423285784,0.009962247138691264,0.0055348222479336615,3.111108785105851e-05,0.00021996425501583704,Normal,normal_177
1.6653345369377347e-17,0.7257689830652876,0.7257689830652876,1.0263329057446504,2.052665811489301,1.4141316723243202,4.3561846159131026e-17,-1.5000000000000002,674.2279894779158,50.0,1.0263923390006588,50.00000000001321,1.0534812335592434,2.9164203221412053e-31,2.2284576284663145e-30,7.29943579689957e-17,9.477020187034229e-17,4.4288873699262575e-17,0.007956529759695116,0.5131961695003295,6.715942863940177,2.1271667015229012e-30,1.362870679212317e-29,676.4100489458411,2.804183055118819,0.298934544352582,0.058934604571982775,0.09939828519064063,0.024424770297151975,0.010520640887234275,0.005687816870995481,3.297115413795118e-05,0.00022644440176027835,Normal,normal_178
-2.2204460492503132e-17,0.7065519297388352,0.7065519297388352,0.9990171067015455,1.9980342134030908,1.4139330241011459,-3.934485799549701e-17,-1.4999999999999998,638.9960056546199,50.0,0.999215321557543,50.0000000000122,0.998431258835344,2.804918501536578e-31,2.1239953195271995e-30,8.154649048279283e-17,1.0659611176128797e-16,4.790721918814194e-17,0.00774585520587251,0.49960766077877156,6.364999275075318,2.0885689012063872e-30,1.284190527549174e-29,640.0942715120121,2.7280112556067575,0.2871623464500188,0.057763262162700134,0.09523533020622571,0.023907722676405903,0.010008597229522466,0.005547681062637597,3.128654597024791e-05,0.00022058365238233072,Normal,normal_179
-1.6653345369377347e-17,0.7375997878415306,0.7375997878415306,1.0428684023654387,2.0857368047308773,1.4138675465401294,-1.3833048026722996e-17,-1.4999999999999993,696.3884121905548,50.0,1.0431236235690102,50.0000000000139,1.088106894047742,3.5271899240067508e-31,2.303593590072156e-30,8.616988913839801e-17,1.1038220425600831e-16,6.09514841899371e-17,0.008086229640069935,0.5215618117845053,6.936681449554357,2.2886187867204002e-30,1.4052008943161385e-29,696.3747097286496,2.8455871938157546,0.31969985035533766,0.06094982339043502,0.1051655984631788,0.025123011679502563,0.01086423778607296,0.005779967582215624,3.375346313850598e-05,0.0002291150842453308,Normal,normal_180
5.551115123125783e-18,0.6800319146821295,0.6800319146821295,0.9615915826795737,1.9231831653591471,1.4140389030530147,8.825968093416057e-18,-1.5000000000000002,591.9275583823912,50.0,0.9617103565900109,50.0000000000099,0.924886809972486,2.8200690803108805e-31,1.9484685883918163e-30,8.854872348710987e-17,9.129330733424817e-17,5.1108675764938265e-17,0.007455119043333499,0.4808551782950056,5.896153413574599,1.9652881806147264e-30,1.1822358109023657e-29,591.9048118644249,2.623473105227694,0.2719798491852577,0.056217363311375765,0.08941101240618557,0.023164881268517783,0.009226047995410026,0.00532639887224857,2.865206134187589e-05,0.00021109232809106218,Normal,normal_181
-3.3306690738754695e-17,0.7182694011218017,0.7182694011218017,1.015651747736921,2.031303495473842,1.4140261942792633,-1.4980218141363905e-17,-1.5000000000000004,660.3659937124758,50.0,1.0157863285040527,50.00000000001279,1.0318218651757434,2.923650666012545e-31,2.1831911456124426e-30,9.226755422291155e-17,9.049426032908891e-17,5.557924022876061e-17,0.007874312624062511,0.5078931642520264,6.577864390495364,2.1823732927009876e-30,1.3344062553285336e-29,660.8570106362032,2.7719963141483235,0.2997118988622629,0.059012635021102496,0.09912298017354156,0.024390723429798335,0.010350191458830652,0.0056415625460932055,3.2279708905595915e-05,0.0002240574135791443,Normal,normal_182
-1.6653345369377347e-17,0.7265042345444069,0.7265042345444069,1.0273189934497866,2.054637986899573,1.4140578190746644,-5.0668007773862e-17,-1.5000000000000002,675.594755598022,50.0,1.0274321416141843,50.00000000001376,1.0556168056219093,3.384884511408176e-31,2.2484248459579035e-30,7.121510254294431e-17,1.3611866240814102e-16,4.742651564442008e-17,0.007964590245071283,0.5137160708070923,6.729557135839671,2.129146190684467e-30,1.3615698150296432e-29,677.0880777444359,2.8056879168880964,0.30223827409689996,0.05925986802230016,0.10033435302277147,0.024539440605229678,0.010571402811073504,0.005701525308825527,3.30760891051325e-05,0.00022680445981908607,Normal,normal_183
6.106226635438361e-17,0.6953431942645977,0.6953431942645977,0.9831954759285475,1.966390951857095,1.4139715237552177,-4.623178273932496e-16,-1.4999999999999996,618.8827619969204,50.0,0.9833637758328237,50.00000000001143,0.9670043156201881,3.279575806637414e-31,2.0541837077933637e-30,7.533765789238105e-17,1.0901128478644194e-16,6.377701811799404e-17,0.007622975006456083,0.491681887916412,6.164652512078698,2.3564647650012594e-30,1.2469275124613264e-29,621.4568605794805,2.6877753121911345,0.2722865051316239,0.05624611715648058,0.0906389394334738,0.02332380512165475,0.009627498062820834,0.0054410290049473125,3.0210413242888995e-05,0.0002167568577228987,Normal,normal_184
-1.1102230246251566e-17,0.7256706073338598,0.7256706073338598,1.026247978756644,2.052495957513288,1.4142063470445665,0.0,-1.5,674.045222845815,50.0,1.0262532147070653,50.000000000013074,1.053195660696586,2.9251101023043813e-31,2.232354938625857e-30,7.51855429009121e-17,1.1428325448989662e-16,5.430201929679793e-17,0.007955451276799043,0.5131266073535328,6.7141223369407355,2.2495246324508457e-30,1.3658007779306987e-29,674.2021590124635,2.799894535202498,0.30789271101401255,0.059813168340635374,0.10157021201039852,0.02468990157632154,0.010549755682957764,0.00569569456345222,3.28398787671251e-05,0.00022599315547781345,Normal,normal_185
-2.7755575615628914e-17,0.6975037066692833,0.6975037066692833,0.9863484715538963,1.9726969431077925,1.4141121575718776,1.6358394389387795e-17,-1.5000000000000004,622.7346186462587,50.0,0.9864192017772057,50.00000000001183,0.9730228416347796,4.101917119575587e-31,2.096377076411979e-30,9.632605801442041e-17,1.0976981129719456e-16,5.434398046745667e-17,0.00764666047889315,0.4932096008886029,6.2030206154217185,2.1603292621072073e-30,1.2654028216677336e-29,622.9570396509381,2.691372292179641,0.28395732663639084,0.057441058523211526,0.0937472554329923,0.023720063711211117,0.009752519537398911,0.00547625702977642,3.037525610521968e-05,0.00021734741918946125,Normal,normal_186
-5.551115123125783e-18,0.682896268680893,0.682896268680893,0.9655409428985767,1.9310818857971532,1.41389108006438,1.743074762386565e-17,-1.5000000000000002,596.9245616362066,50.0,0.9657611648625002,50.0000000000106,0.9326946275565733,3.545419778636409e-31,1.9773280843148764e-30,9.251138324646414e-17,6.985076165287346e-17,5.4012581924735177e-17,0.007486520657848919,0.4828805824312501,5.945928250673152,2.0652526677156455e-30,1.1971810563605774e-29,596.9286149292724,2.634578876243869,0.27381373453434604,0.05640636110522444,0.09012077079361178,0.023256670801684174,0.009319414496606027,0.005353280908819846,2.896438073189038e-05,0.00021223970694347774,Normal,normal_187
7.216449660063518e-17,0.7379456498680151,0.7379456498680151,1.0435322658648059,2.0870645317296117,1.4141045022083025,-1.6576328674760651e-16,-1.4999999999999996,697.0416411636829,50.0,1.0436127463375744,50.00000000001426,1.0891275643182543,3.787720622484142e-31,2.3098834409028895e-30,6.882773126906371e-17,9.787047334917395e-17,6.416546969690987e-17,0.008090021289438651,0.5218063731687873,6.94318822252887,2.740592629444746e-30,1.4151836988896744e-29,697.6196276897304,2.8480456806448857,0.31605796170671185,0.0606004496245423,0.10456175381349243,0.02505094483464887,0.01092561335499353,0.005796263139696096,3.408270487550256e-05,0.00023022980228039686,Normal,normal_188
-3.8857805861880476e-17,0.6988562467321333,0.6988562467321333,0.988327078161717,1.976654156323434,1.4142065450251626,-2.4395399740037654e-17,-1.4999999999999998,625.1520686035512,50.0,0.9883319822777409,50.00000000001193,0.9768001071930488,4.318923101195471e-31,2.111762808807485e-30,7.476299098509836e-17,8.594694345765987e-17,4.9213031919474005e-17,0.007661488234711255,0.49416599113887055,6.227100683355687,2.1516472628305528e-30,1.26880106627545e-29,626.8121781922216,2.6994717549555,0.27856814480466696,0.05689184567375882,0.092547113413208,0.02356795063746936,0.009771245104506443,0.0054815021708166985,3.0595367428234554e-05,0.00021813349112538864,Normal,normal_189
5.551115123125783e-18,0.7108539567661663,0.7108539567661663,1.0052390736937706,2.0104781473875413,1.4141288293103327,-7.726967455175221e-18,-1.5,646.8010852481466,50.0,1.0052993065252902,50.00000000001219,1.0106266957002294,2.7460622574938714e-31,2.155518395575652e-30,7.853551965277255e-17,1.207429170855005e-16,4.5049036200898093e-17,0.007793017880041094,0.502649653262645,6.44274518508896,2.0567071934493535e-30,1.3116871623377456e-29,649.7376466781653,2.7482153823004807,0.2836832118680873,0.057411014363681664,0.0944700102033944,0.023811642052177784,0.010047971234501529,0.005558574639660413,3.154511129219861e-05,0.00022149327543027287,Normal,normal_190
1.6653345369377347e-17,0.7269270898985526,0.7269270898985526,1.0280213985046902,2.0560427970093804,1.414201524181391,-2.890265032465231e-17,-1.4999999999999998,676.3814323563242,50.0,1.0280301493909394,50.00000000001336,1.0568459880567571,3.4357657627123827e-31,2.250725277022935e-30,1.1128081411444517e-16,8.675426979518669e-17,6.741629935663147e-17,0.007969225964270934,0.5140150746954697,6.737393173861823,2.542474907465784e-30,1.3680560893891873e-29,677.0768115124208,2.8057797363868655,0.30604036064518997,0.059632178913126534,0.10131419241083439,0.024658871736597587,0.010601940229895173,0.005709759009744933,3.3090509717481896e-05,0.0002268538958733918,Normal,normal_191
1.1102230246251566e-17,0.6983640757134292,0.6983640757134292,0.9876355918550557,1.9752711837101113,1.414213053334252,-1.6298009306953095e-17,-1.4999999999999998,624.2718492762525,50.0,0.9876359473480825,50.000000000011795,0.9754247644941443,2.9846545585413275e-31,2.1088660604705418e-30,9.009081485184453e-17,8.706807011665747e-17,6.335469972435811e-17,0.0076560926151015,0.49381797367404145,6.218332873650172,2.2906706111993793e-30,1.269272745152691e-29,627.4394969947847,2.700596302657084,0.27262052946717397,0.05628027676135221,0.09083150119841181,0.0233486140045858,0.009678425830176595,0.005455398980549306,3.0404656917112588e-05,0.00021745258118782416,Normal,normal_192
3.8857805861880476e-17,0.7225047551416435,0.7225047551416435,1.0217438493033684,2.0434876986067367,1.4141690307652666,7.359157695317535e-17,-1.5,668.1767951389263,50.0,1.0217760236003643,50.00000000001372,1.0440262424045723,3.472712751669247e-31,2.2387166004544945e-30,8.283322997317336e-17,8.083778038729534e-17,6.097491376512181e-17,0.00792074436899516,0.5108880118001823,6.655667295329148,2.5710151513797995e-30,1.356996633094647e-29,671.3148067815032,2.793460402656409,0.2926862680182263,0.05831484725966172,0.09748301997104061,0.024188392042079124,0.010374018065053534,0.005648039453879484,3.257501502835274e-05,0.0002250799582420552,Normal,normal_193
-1.1102230246251566e-17,0.6801291426647705,0.6801291426647705,0.9616353870523451,1.9232707741046902,1.4139011648335036,-8.822183480978572e-18,-1.5000000000000002,592.0968328984522,50.0,0.9618478577217042,50.00000000001089,0.9251513014038317,3.866355561259271e-31,2.00355861464839e-30,7.458105855062352e-17,1.0484746106175102e-16,4.34330459392216e-17,0.007456184943579184,0.48092392886085217,5.8978395464494255,2.0156896856612457e-30,1.211507874764998e-29,594.2876035798935,2.6284075195516072,0.2614957330731959,0.055120501694304117,0.08700119396045823,0.022850943702877404,0.009225345630058267,0.00532617870443257,2.8930749442696072e-05,0.00021211645266447525,Normal,normal_194
0.0,0.7167993684759236,0.7167993684759236,1.013449454768481,2.0268989095369614,1.4138537216095601,0.0,-1.5,657.6657083487783,50.0,1.013707388399121,50.00000000001282,1.0276026692949665,3.0075185602341913e-31,2.1778899504326566e-30,1.132643187185024e-16,1.084641653945258e-16,5.016628077332688e-17,0.007858196809295595,0.5068536941995605,6.550967016755408,2.2356298182150832e-30,1.338257609079665e-29,657.6539038578836,2.765343452733974,0.3019042464646451,0.059229189012698406,0.09931600107294467,0.024414311579140275,0.0102607471844239,0.005617140163357661,3.187941035467888e-05,0.00022266381898839507,Normal,normal_195
3.3306690738754695e-17,0.7133475642137673,0.7133475642137673,1.0087547532211854,2.0175095064423707,1.4141139660742992,-3.058487302755451e-17,-1.4999999999999996,651.3468766332351,50.0,1.0088257999969223,50.000000000012264,1.0177294947394304,3.316884222067659e-31,2.1645474368492952e-30,1.1923932038075813e-16,9.680210862957538e-17,6.835310297129574e-17,0.007820355038735918,0.5044128999984613,6.488025528963867,2.4215540966409207e-30,1.3205800948124877e-29,652.8579011569958,2.75501813394183,0.2911041751455894,0.05815803805303856,0.09665726696859486,0.024085586497796786,0.010189370691989282,0.0055975553823438395,3.188682852447422e-05,0.00022268972383499244,Normal,normal_196
5.551115123125783e-18,0.672621373389084,0.672621373389084,0.951190567393748,1.902381134787496,1.4141545377894331,1.8241823265947152e-17,-1.4999999999999996,579.0969752829665,50.0,0.9512302685888603,50.000000000009514,0.9048390238796353,2.6388683897351945e-31,1.9310245391258493e-30,6.284506819335353e-17,9.237934007633613e-17,5.375052670359404e-17,0.007373878051076518,0.47561513429443025,5.768348777232676,1.8769693010883902e-30,1.1698672973148267e-29,579.6213524961511,2.596023632862227,0.26236192649893997,0.05521313772194194,0.08682023517988424,0.02282697215465121,0.009077121380292846,0.005283226387998344,2.832222539608045e-05,0.00020987378787244333,Normal,normal_197
-3.8857805861880476e-17,0.7301160012827183,0.7301160012827183,1.0325055819861866,2.065011163972373,1.4141664888466974,-3.565698703175457e-17,-1.4999999999999996,682.3288004212047,50.0,1.0325399511196323,50.00000000001354,1.0661387506581326,3.0159422793529696e-31,2.2752539134062895e-30,9.308053862672353e-17,1.0827942126097048e-16,5.803678065414904e-17,0.008004185667594138,0.5162699755598162,6.7966345354455955,2.2678561311485488e-30,1.3844229055330955e-29,682.5337168203913,2.8171348791567024,0.31137314800356647,0.0601501894563058,0.10276392700388186,0.024834575786841003,0.010683229717225642,0.00573161127210237,3.326593100571362e-05,0.00022745440643150082,Normal,normal_198
0.0,0.704175687941204,0.704175687941204,0.9957885315920693,1.9915770631841385,1.4141194429788375,-4.769341370991352e-17,-1.5000000000000002,634.705151343959,50.0,0.9958548081798551,50.000000000012214,0.9917267989749359,2.886500100448033e-31,2.1177164974101125e-30,9.417566416141674e-17,1.3232769887349198e-16,5.217029648360137e-17,0.0077198047145726045,0.49792740408992764,6.322258343465218,2.0849147569470533e-30,1.2858387935983023e-29,635.2442637748471,2.717738561958746,0.2877295687958548,0.057820867589477305,0.09519658879373227,0.023902780001867473,0.00994861590314428,0.005531036233939751,3.1036686047661686e-05,0.00021970107659971048,Normal,normal_199
0.004641832292602371,0.6570005946973011,0.6570169922000798,0.9800898915077499,1.9601797830154999,1.4917268550762137,0.004859869133645451,-1.4390078031406581,552.5392998907389,50.0,0.9233596218299235,221.82592135529526,0.8628867635633185,0.00033180178919439945,7.509406774270494e-05,0.0037913183380516614,0.0014249702160965955,0.0004895174320230379,0.007480102158592439,0.4900963695721246,5.393454377210974,0.001845175681633851,0.0005255864297101045,555.0686627091862,2.5397200853046256,0.38454705287014423,0.06686694172230061,0.09512459536498419,0.023915304621145567,0.03690339008144619,0.01065316881155522,0.00442948652861209,0.002620999379524795,Voltage Sag,voltage_sag_000
0.0013078089164425544,0.6989845506823292,0.698985774144753,1.0379021263779162,2.0758042527558325,1.484868740921603,-0.0002625934928968854,-1.4351274245892187,625.3838239446268,50.0,0.9827913525825837,219.96579016304165,0.9766415387304198,0.0003909024579903435,9.380965863286942e-05,0.0044878413146437505,0.000971422838411285,0.0005256396995108097,0.00805968613869826,0.5189600012153874,6.115485166076918,0.0022511823987248717,0.0006574498261747028,625.3952205060488,2.696611151233452,0.43769997027190916,0.07132707286301823,0.12479054179938694,0.02741178400590182,0.020833179653955758,0.00800510096142869,0.019706005861764967,0.0055321026817524155,Voltage Sag,voltage_sag_001
-0.00826649688162389,0.573091982510513,0.5731515989583593,1.016383781718101,2.0327675634362015,1.7733245158235529,0.0027316857150266566,-0.8104928914025562,420.4835268973107,50.0,0.7446940736108046,337.6889797438165,0.6540170987774873,0.0022005768463070814,0.0005254288431251415,0.010166237399127205,0.0036154731821589426,0.0014967436924954818,0.006548141035741622,0.5082842368053269,3.7594043149999647,0.012996165664923471,0.00371342552230001,420.86443039208837,2.2121854925987385,1.04824591844751,0.11022479760459553,0.18854031257269666,0.033681210697617696,0.039998457325544454,0.011086528976752746,0.10933020303593058,0.0130361575553341,Voltage Sag,voltage_sag_002
0.003964971864468034,0.6454425276374077,0.6454547059901663,0.973840436019151,1.947680872038302,1.5087664974472725,0.010605515621598968,-1.4130299829662043,533.2630751806105,50.0,0.9048458386935726,263.25525225464855,0.8323597698464853,0.0006316717318855093,0.00015823776732494754,0.00038890359194782736,0.00038890359194794613,0.0009433421102713639,0.0075628649696781285,0.48704140290205744,5.177942354495205,0.003575411626263613,0.0010996929633743796,532.9541657177692,2.48932952555428,0.45358289948321556,0.07261632296724008,0.1898875941468609,0.03366717255335441,0.025289227425950973,0.008802932201386634,0.020930335657082716,0.005705353191567196,Voltage Sag,voltage_sag_003
0.004923147831930846,0.664501310545537,0.6645195475690021,1.0156120559968167,2.0312241119936334,1.528340377210393,0.005618797949060262,-1.35647357326579,565.2303732496785,50.0,0.9239190487323198,302.3037634488108,0.8814416137199804,0.0012757671783063171,0.00031316283083024767,0.0075547608966963385,0.004305839526836572,0.0005628422089504894,0.007968185167929206,0.5078134519663746,5.456258644179934,0.0073535115186841565,0.0022397025869252806,564.9270766669498,2.5629324805281324,0.380869015537144,0.06650500534253809,0.16630495892270958,0.031553534722969484,0.08962974052408884,0.016599208031133496,0.05190542717089324,0.008976443929274634,Voltage Sag,voltage_sag_004
0.0018742121601269869,0.6859003586818786,0.6859029193050215,1.0301428999696458,2.0602857999392916,1.501878576361677,-0.004141498778864751,-1.400809071360759,602.1924028302731,50.0,0.9602533878827921,214.5079313815366,0.9403965147061579,0.0004073034263459175,8.688939507590439e-05,0.0031243176135439606,0.002204985582674666,0.00046512994710631416,0.007836155673391142,0.5150740905429709,5.86428190716474,0.0023880451901340354,0.0006104771488679812,602.180986520696,2.646091391151012,0.34748109886217216,0.06352308714518719,0.15959474344144833,0.030922003174303957,0.016544919833638573,0.007133492247717297,0.01786588647029187,0.005269596750301578,Voltage Sag,voltage_sag_005
0.0019471430989263711,0.5951970862348648,0.59520027119342,1.0427647070634127,2.0855294141268255,1.7519560348499865,-0.007193595897466125,-0.8569419275834687,453.45710442076245,50.0,0.7768258661617493,242.53192874308073,0.7071767388396406,0.0010789096372268974,0.00019809511940747172,0.0035394393321907303,0.0029721534652190277,0.0008391625445918489,0.006517343625262813,0.5213897715086141,4.10137929664473,0.006392555156388279,0.0013808347830399225,455.2129604681567,2.300174874135026,0.5558594701993127,0.08014133056473255,0.1425846212569299,0.02915099267052012,0.019046482647689076,0.007654909648849539,0.039505350021015656,0.00783575659182156,Voltage Sag,voltage_sag_006
-0.0022535959861045506,0.5936974334220486,0.5937017105809924,0.9699180389834829,1.9398360779669659,1.6336790372941559,0.00498558678933375,-1.2477166111487745,451.1766030678994,50.0,0.8181611811459918,239.58788805215409,0.7042834970106545,0.0005169490446927621,0.00011608253390703668,0.0036819821537387165,0.002520213289318657,0.0005663153710480016,0.0066854260525401965,0.4850891055359528,4.229718031284411,0.003152779165541687,0.0008121633836899271,451.0066420041366,2.2900309459017842,0.32985977163086,0.06192738595462806,0.16667037045578184,0.031682845691843396,0.017097764257609716,0.00725243895591614,0.023909479427582387,0.006095682492750784,Voltage Sag,voltage_sag_007
0.01624051038192319,0.6557435921172267,0.6559446720419865,1.034908776289346,2.069817552578692,1.5777379105253633,0.00013785338081828208,-1.2313509362756987,550.7371683587446,50.0,0.8953779329871507,214.684100792643,0.8591655005441826,0.0009008590538080029,0.000146282928666538,0.0010677798570461257,0.0010541688179412615,0.0004096528252665852,0.0075550359696613,0.5175565549880968,5.25619493763665,0.004637016060473069,0.0010075199575083388,550.5090019290479,2.529207230385022,0.4773364162847613,0.07444797820192357,0.14603928664826152,0.029636164691473173,0.022248491560127814,0.008258849554853585,0.021824617838169018,0.00582581746265816,Voltage Sag,voltage_sag_008
-0.004253427068152913,0.6698499400887613,0.6698634442024293,1.020988145362622,2.041976290725244,1.5241735523823576,0.0012532413854204655,-1.354604150636418,574.3578033647887,50.0,0.9320565066662352,280.2982694913783,0.8961079610249008,0.000988127455822018,0.00023317041306076657,0.006403608436253179,0.00352772611623315,0.0008472882480295896,0.007903881139204892,0.5104952348640653,5.5546913457551454,0.005704696656838854,0.0016622294699876286,577.4978399839214,2.591093602212951,0.38371229097882187,0.06678748037283781,0.13613045792067444,0.028523397732102412,0.028176969264946505,0.00931101738672499,0.04976667340067394,0.008796686296271049,Voltage Sag,voltage_sag_009
0.01817106529793388,0.5985328455565155,0.5988086128505847,0.954017671566167,1.908035343132334,1.5931929686566169,-0.010161606964972586,-1.1737021221169806,458.971846174773,50.0,0.8080613169731446,152.78472177627287,0.7161187427057607,0.0006253651376290478,5.336232114560692e-05,0.0004326926824262846,0.0006112732180522079,0.0003346228816204931,0.006706397996496073,0.47711752757900844,4.367380602937046,0.002976056749980121,0.00036268028127350464,461.19706093967363,2.31308136769394,0.34385017213740593,0.06311321675308668,0.10187879340686151,0.024757035252623998,0.01642549301610815,0.007100401722082083,0.006573075868857804,0.00319415592525574,Voltage Sag,voltage_sag_010
-0.0009491346643230814,0.5922835945993534,0.5922843550931784,0.9683510443476339,1.9367020886952677,1.6349428041091132,0.0013373236035053926,-1.2450637201907315,449.02496932882207,50.0,0.8163987431534958,250.72649316530416,0.7007658030912756,0.0006269517182725091,0.00015190745839721584,0.0018577161276196717,0.001786850917416526,0.000926271277053156,0.006824329811528202,0.48417666144401605,4.206618166330697,0.0038865575940910373,0.0010758705941288156,451.8266153620694,2.2916549287587116,0.3675397582192964,0.0651432987071202,0.12109513608456451,0.026965308452870835,0.04706723221242322,0.012033360389079893,0.023858636314834945,0.006085595957612268,Voltage Sag,voltage_sag_011
-0.0011090366358365467,0.6398745793136793,0.6398755404093187,1.0070000794137408,2.0140001588274816,1.5737436670387563,0.0012395946711833946,-1.3016293811788768,524.0841052340705,50.0,0.8843954213940369,265.5923378336256,0.8177408727078732,0.000846892460428637,0.0002131291413784173,0.006388556449425575,0.0025429589069649134,0.0011235659547792196,0.007506673970321897,0.503620657497932,4.998270609251415,0.005319692011967093,0.0015196110928791197,523.8328785115026,2.46801118034674,0.34957952723961166,0.06374837995898736,0.2290939246723544,0.037149174248200995,0.04803659886637454,0.012148251523246936,0.0331023157891753,0.007174916790314531,Voltage Sag,voltage_sag_012
-0.012980100527783141,0.6563006459442206,0.6564289914960432,1.0197887990542032,2.0395775981084063,1.5535401578295416,-0.004967815975347435,-1.3091930407179173,551.5507467219359,50.0,0.907282585044334,213.56705432528074,0.860855245648881,0.0006332387377963708,0.00010402159433277604,0.002613489896123777,0.0022814197869188953,0.00043934938553896464,0.007498048512202655,0.5099887972294534,5.297677447984013,0.00325483153081787,0.0007329833114515106,552.7751973631242,2.535232320587686,0.38288151008343313,0.06666091411258149,0.13552382494266527,0.02848952272678065,0.025919991246908337,0.008928775081264039,0.005961820907291892,0.003042808794799862,Voltage Sag,voltage_sag_013
-0.014480827847366446,0.628645614862516,0.6288123754038369,0.9903902220797189,1.9807804441594379,1.5750170652129643,-0.0024744601014388746,-1.2417774017696244,506.11840443010044,50.0,0.8590593897695031,250.360514745031,0.7892833964844682,0.0010542771977010597,0.000192432464000389,0.004109204313356377,0.0036230567283528,0.0009430488292907397,0.007322249071916997,0.49520171953703834,4.831428309829569,0.0055034586813811695,0.001372099951838951,506.4878250387885,2.4266112436642824,0.3953238328783034,0.06763225169648264,0.168913865988649,0.031857982444609696,0.048483638367383154,0.012209249867330844,0.034956649957058834,0.007367806807698926,Voltage Sag,voltage_sag_014
0.0060505161191818455,0.5933210609065084,0.5933519108088665,0.9803685334802679,1.9607370669605357,1.6522547844198598,0.01341528796989319,-1.1548931721808307,450.64510727748234,50.0,0.8073009462834946,333.3216330996397,0.7017308809000399,0.0017592046386201978,0.00044069539018079697,0.006592065530268027,0.005357116512927017,0.0007141884645132199,0.0071282672587440156,0.49023523018804155,4.188904627480114,0.010242223858497277,0.0031431014624162933,450.6355846949956,2.288693120897105,0.5053117560412168,0.076616812436281,0.20881931277987315,0.03537890747794124,0.08994629910073368,0.016624743223380083,0.06906253064656541,0.010363560561805653,Voltage Sag,voltage_sag_015
0.007754255349219139,0.6088883194649664,0.6089376930827092,0.9908512767192109,1.9817025534384218,1.627180067802111,-0.00921619881468771,-1.1051636333709929,474.63054599282145,50.0,0.8132464313010146,326.98217677604873,0.7389745552764178,0.0019221675971754486,0.0004772948485643946,0.009516438884300952,0.003773086230058541,0.0012218169821688954,0.0071155406253172295,0.49543915547143497,4.453079378327045,0.01189888897833886,0.0033758672786395345,473.8864250952319,2.3471002238910854,0.8560163665354342,0.09948339542836336,0.2438564259747811,0.038159337935434176,0.07955631280623261,0.015623836788076734,0.028187147832420555,0.006612037999432307,Voltage Sag,voltage_sag_016
0.002480201401008064,0.617474280552472,0.6174792616297186,0.9918267312754103,1.9836534625508206,1.6062510806534083,0.006589577440366462,-1.243514669656971,488.0392173347615,50.0,0.8503677325254785,332.4639337012023,0.7603720629512575,0.0016255979430868906,0.00040586258632651446,0.005350888004949972,0.0046735909617200205,0.0015333870808490607,0.007437146021937299,0.49592000220784305,4.601373649261257,0.009216485651112116,0.002877859571060298,488.04802700500113,2.3820020377787468,0.539550391542498,0.0791608568443194,0.3643909153349509,0.046829314920395965,0.04886813664127386,0.012250879756134219,0.058319833242326355,0.009523613536287182,Voltage Sag,voltage_sag_017
0.006589772157137627,0.6660358547110737,0.666068453582508,1.0200063046644834,2.0400126093289668,1.5313835975518102,0.012315121470019171,-1.3662464202180717,567.8683966179758,50.0,0.9298254706936525,261.3625684152715,0.8862920321122958,0.000712252482386232,0.00017976157364023044,0.006498891273823031,0.00046745542873249306,0.0009863038166241546,0.007802734786518953,0.5101001090555187,5.4806143218567085,0.004300291909459469,0.0012794090331140792,568.9868181082124,2.571527544929194,0.39572613935683315,0.06780378341957584,0.185349818762912,0.03341415722185555,0.041662697815120074,0.011319018368679492,0.028379778796853633,0.0066371211278896695,Voltage Sag,voltage_sag_018
0.004448646084188129,0.637901333724189,0.6379168456931369,1.0048199082653237,2.0096398165306475,1.5751581339288014,0.01007360026771252,-1.265777998260019,520.8805145844243,50.0,0.8795084151758855,331.4456613320431,0.8116478636596223,0.0015831080175716546,0.00045811946496592145,0.007623665259687868,0.005632161128070903,0.00161500582439177,0.0077421974211593,0.5024572191799841,4.955946458625686,0.010194098355893936,0.00317533821052996,520.5457579954143,2.459969053992668,0.8576670787883209,0.09986316509472117,0.2779381488472685,0.04088726279784908,0.053163288895580564,0.012783242039951655,0.0632629294549957,0.009908108195364123,Voltage Sag,voltage_sag_019
-0.00974408781222029,0.6340760478523845,0.6341509139845117,1.0234471264269214,2.0468942528538427,1.6138857547247876,-0.012826046351488615,-1.240451253406837,514.7486485854612,50.0,0.8709514727629812,284.13900553026116,0.8027461155050493,0.0011078502854683042,0.0002536489414802026,0.006934007496131574,0.0026564448758056897,0.0005808564403982633,0.007385247663625912,0.5118352844241111,4.850882521511912,0.0061944527125835655,0.0017672560349228789,517.0082525381655,2.451857700619901,0.5112669286890436,0.07709592611778365,0.2599116274351141,0.03949009248585965,0.037230442307710956,0.010692655363913658,0.046895358664299384,0.00853401209304639,Voltage Sag,voltage_sag_020
0.0038051536622567272,0.6256717169141142,0.6256832877268249,1.029913160437801,2.059826320875602,1.6460614829236384,-0.005348663552813749,-1.0691185028865517,501.09385797203043,50.0,0.8367683061639211,314.29889701572006,0.7803291819730921,0.0019747360665109915,0.0004668814912600865,0.00948099062439588,0.0036940597707578035,0.0016148443661928972,0.007422133773438235,0.5149935205381918,4.674238260797732,0.011635160214538967,0.0033224815529108447,500.39766018613756,2.411998572704788,1.0433976255145356,0.10992124314137712,0.16363464169188488,0.03138180238266531,0.07077842283029159,0.014755873010084929,0.08338418118906392,0.01138687117140044,Voltage Sag,voltage_sag_021
-0.012637565421180125,0.6069930125917217,0.6071245550914149,0.9570274374151424,1.9140548748302848,1.5763280028584352,-0.007337430238346793,-1.2354007879710338,471.8082885055341,50.0,0.8311337496868715,261.3264760736025,0.7357008194952084,0.001032886252585806,0.0002259740892690609,0.005342086481598559,0.003858051138368982,0.0009214910897269978,0.00715643909272589,0.4786029573536473,4.49895309774531,0.005824836707784967,0.0015676432081566795,473.6493286952532,2.346811054598389,0.4080442521856372,0.06854599362720831,0.1494773641446191,0.029863945947444067,0.03274841147957628,0.010038109453847338,0.04640826458164604,0.008495562946271776,Voltage Sag,voltage_sag_022
0.0008183616083778156,0.6455497898206853,0.6455503085378033,0.967231345812111,1.934462691624222,1.4983051406193726,-0.0009445730214722251,-1.4098132114539965,533.4210570921639,50.0,0.9044442339344124,233.02876559574895,0.8328595218872614,0.0004546351574326395,0.00011437659850650669,0.0016017043461093662,0.0015405093116253106,0.0007971701468093208,0.007514558965894426,0.48364972225957975,5.1974716412140385,0.002792556381971829,0.0007933926830536162,533.5216935885122,2.4906733192016546,0.3175681506434533,0.06074350450364806,0.11092881780566646,0.025795335397417855,0.043416848931009444,0.011549304810152785,0.012939685311228577,0.00448010706104117,Voltage Sag,voltage_sag_023
-0.013346410174501897,0.6149177036522107,0.6150625244066282,1.035367878398004,2.070735756796008,1.6833538661702327,-0.016257206003276604,-1.0165072861208058,484.22644342970125,50.0,0.8173948588279961,320.2441903348288,0.7533444413021102,0.0023340783963932176,0.0005471786567784325,1.1783336475641732e-16,1.2699965562392213e-16,0.0018948176506272062,0.007336827231221525,0.517827401178728,4.4602747767505075,0.013025451207716268,0.0038099518373506157,484.10929110111647,2.3723807326837387,0.48520134918304647,0.07477710417516768,0.20789497337755194,0.035386098034359825,0.11770118505529428,0.019027424083713856,0.11408025522420476,0.01331017935516449,Voltage Sag,voltage_sag_024
0.003542452645645122,0.5837360376327271,0.5837467863739407,0.9864711674339618,1.9729423348679236,1.689895671306276,0.009662501665709557,-1.0545221512425669,436.17319757043606,50.0,0.7859761333498725,361.0243838075043,0.678456501971956,0.0021973959314143285,0.0006236131868594228,0.006587005598954256,0.005753318231197163,0.0007562285063721765,0.00710842815552028,0.4932459680539127,3.999788715053873,0.013970447190147221,0.00436233004049512,438.29211312154996,2.2566606835440157,0.6103957045155085,0.08410017224952261,0.346117784862369,0.04566224165355406,0.1902043697648379,0.024177366478215424,0.07988962640642915,0.011133193297099515,Voltage Sag,voltage_sag_025
-0.003722998300331265,0.592862595916423,0.5928742854544327,1.0187338547292748,2.0374677094585496,1.7182965760552533,-0.005709566319100557,-0.9335135925742883,449.91989549197325,50.0,0.7760477059213654,381.92164836036625,0.6980351612955648,0.0036526387852976144,0.0009437395737106437,0.011060024226905905,0.008174540323189813,0.0009268440979126982,0.007302674926051881,0.5093832524583047,4.079948728366624,0.021583724390133306,0.006704254742464993,449.8334516797884,2.286940764072804,1.4595927294774758,0.12995925070108683,0.38628577307486867,0.04823917328351827,0.16363660266139926,0.022414312031116573,0.12023475184912953,0.013674372988133426,Voltage Sag,voltage_sag_026
-0.006931399514494549,0.6408068622341424,0.6408443484853376,0.9708935436785228,1.9417870873570455,1.5150224012613287,-0.01027472084632403,-1.4023090514943843,525.6722931015638,50.0,0.8967458871407727,236.282714410572,0.820657308173537,0.0005074826805532691,0.00010966264406630979,0.0031577813563712373,0.0025829630848903697,0.0004090951762440406,0.007418441975808538,0.485452882930112,5.098832973778905,0.002743943224465198,0.0007783620341719887,526.2763802901685,2.4737608167943215,0.3754948939898693,0.06607362307104564,0.1214301117604266,0.026953824677421457,0.027406548304820408,0.009180196735659207,0.010244463001730755,0.003990976990376845,Voltage Sag,voltage_sag_027
-0.010347454364759475,0.5873219833822099,0.5874131271735792,1.048847584923618,2.097695169847236,1.7855365098299898,-0.02710877669958999,-0.8464112860598503,441.6693529290797,50.0,0.7709564399040737,355.1283316082606,0.6861294514635391,0.0028955547605737024,0.0007149356121472211,0.0024655196457073164,0.0024338546150851604,0.0008468331053246032,0.007017269147744506,0.5244566501341804,3.9225633397165516,0.016383677330958607,0.004983546398444978,441.29985993071733,2.2652387000331253,1.2917337866126009,0.12230314804245529,0.3052358950526971,0.04287857574047437,0.12517509968331303,0.01960777761210422,0.1008338322247165,0.012522662809176424,Voltage Sag,voltage_sag_028
-0.0032130361744746707,0.5952636336479004,0.5952723050379215,0.994594952286342,1.989189904572684,1.670823493495655,0.003936838628965297,-1.1411950293397533,453.5668699458052,50.0,0.809451035019593,282.3929089246473,0.7073626423331406,0.000991679610307156,0.00024491549863573606,0.005433308181579341,0.00392031741503438,0.0009336842825015205,0.006862174523302676,0.49741228066271753,4.200739765893941,0.006128339976966454,0.001706981838747354,453.5059389120284,2.296362381649574,0.6331832146752179,0.08567431666775761,0.14374687352636187,0.029254795921451446,0.028328515966353225,0.00933599527012816,0.050781121322112564,0.008885762400127189,Voltage Sag,voltage_sag_029
-0.013543229566947295,0.5560015273060233,0.5561664475979593,0.9967175002213496,1.9934350004426993,1.7921208741093693,-0.016441568268153725,-0.8031880461510936,395.931030315179,50.0,0.7218122407500239,328.9092939604823,0.6157899409976477,0.0020334155512374322,0.0004654360389180909,0.00914181384482345,0.004067261482049895,0.001382395190310641,0.006345937339701691,0.49846634670952017,3.518114417075063,0.011543665853919818,0.0032566338907210057,394.9772676006333,2.1425973168120174,0.9689100999783791,0.10602555103038841,0.20022271276807033,0.03472964451910129,0.09600387015464773,0.017180316645053813,0.09275899413867932,0.012004030509120082,Voltage Sag,voltage_sag_030
-0.013286267251352369,0.5979543054761103,0.5981018946090138,0.9732578604407295,1.946515720881459,1.627244235825958,-0.00943008233025604,-1.2099923845495664,457.8891217086615,50.0,0.8193443870958979,173.71680243229827,0.7147617983455047,0.00043894719001054004,5.59432274437142e-05,0.0008318402664868609,0.0008124200418507451,0.0001685101119798268,0.006681128348517031,0.4866426142471853,4.306476917497806,0.00219441305008689,0.00038586762029849575,457.96191592654316,2.3073353528250364,0.3383791515904654,0.06272573284964171,0.12389910469193441,0.027264990104858965,0.015803784225667257,0.006951704489573691,0.00303431406259455,0.002167287131320369,Voltage Sag,voltage_sag_031
-0.008969143718188877,0.5967414699222684,0.5968088701284752,0.9584092579090435,1.916818515818087,1.6058897678600532,-0.014737760211727643,-1.269184452423869,455.91145915395464,50.0,0.8247632740066386,252.94509520009956,0.711433803931456,0.0006526167413421959,0.00014216872821933046,0.0037665909652878546,0.0029725360726466222,0.0003506743501941745,0.006867022258927461,0.47920576672784415,4.309002317931573,0.003663016946198045,0.0010104755721594924,455.76050358307987,2.3019547647966516,0.4192974593547133,0.06980891139301218,0.13308705832424414,0.028289072604311797,0.03398271272837596,0.010225298810904141,0.030026614733532936,0.006829250329372539,Voltage Sag,voltage_sag_032
-0.0028898937741415275,0.6443915385521195,0.6443980186527528,1.017014120407458,2.0340282408149157,1.5782390556261454,0.0006282160535310197,-1.282150274237109,531.5184722477998,50.0,0.8890288909131643,290.37909218030296,0.8290150664773196,0.0010780175581867077,0.00028995326117432936,0.0051888090415419886,0.004230095874490844,0.0012350232300542185,0.007623353671285507,0.5085101627675679,5.060542201217521,0.00686239310608948,0.0020220462898611503,533.0477973783449,2.489453966596587,0.4637657923056066,0.0732700250859582,0.2435841177231081,0.03830520891078117,0.054423005910393375,0.012936652454362587,0.04829293508135106,0.008658836036312399,Voltage Sag,voltage_sag_033
-0.0010160991296181976,0.6193177600703208,0.6193185936139497,0.9836526377546511,1.9673052755093021,1.5882821021295215,0.0028536313240569637,-1.3475095598548104,490.9510661068296,50.0,0.8631127978208823,192.22452860041258,0.7667712918917964,0.0002648065317897735,5.448671575138819e-05,0.0018720926627787183,0.0016084780959928658,0.0003925819067553598,0.0069582349177757285,0.49192282416486643,4.666070125857145,0.0016066484808147379,0.0003810777331827959,493.13839668356627,2.394290846523908,0.29715992794505613,0.05878219170364522,0.12606164955976584,0.027549911080474047,0.018026140950404758,0.007443057175448293,0.003144908977361507,0.0022103428621012312,Voltage Sag,voltage_sag_034
-0.006061415388132274,0.5822748921833675,0.5823064406510199,1.000346823753871,2.0006936475077417,1.7179044467269902,-0.016449662281038467,-1.0505273768562409,434.02341225428444,50.0,0.7833973519800894,347.51668982955505,0.6753492718866095,0.0020377666676351567,0.0005373047431939132,0.009576884611714517,0.005864185728198757,0.00020758038146858815,0.006990554688978557,0.5002395741451751,3.946899153610996,0.012322251403478925,0.003795297467690571,435.7368300172295,2.2507986463811016,1.0700291383210923,0.1115159863975326,0.18068412662902747,0.0329414365292687,0.04248465832962463,0.01143288561224426,0.11437785204744166,0.013337114535547468,Voltage Sag,voltage_sag_035
1.3877787807814457e-17,0.6534510958747365,0.6534510958747365,0.9998619651826041,1.9997239303652081,1.5301251639078173,6.9632022004114e-17,-1.3980299691558973,546.5578684158645,50.0,0.9149722628858987,76.68713304847877,0.8538973066190084,9.510061502963014e-05,3.733982625772649e-06,6.25741633955151e-17,1.0924314187342692e-16,6.73873803699462e-17,0.00720549077858002,0.49994084792657434,5.2837200622726055,0.0005291220041464754,2.5483553423395137e-05,547.381858745055,2.522737920985854,0.2994953181452433,0.05899167106409914,0.09590599743883603,0.023991842233673448,0.010528696837185676,0.005690083817659725,0.00030610584848462163,0.0006899701894570469,Voltage Sag,voltage_sag_036
0.0183033197619065,0.6337210883549339,0.6339853541999755,1.0129629186740363,2.0259258373480726,1.5977702197090877,-0.005667196052645102,-1.1565140311307323,514.4799095552876,50.0,0.8516126159690142,244.1987149396956,0.8018641468344174,0.001352448717418617,0.00023958605610687345,0.0013802856308160877,0.0013626566267931992,0.0005157196236938515,0.007384917259941413,0.5065416120182372,4.882622528421535,0.007063491936012279,0.0016519980336108385,514.1573494358389,2.4439623787018654,0.5206102025361654,0.0777147630176743,0.16492469347493988,0.031516118293259586,0.05124861573838149,0.01254369004399286,0.02583341297764647,0.006338312438868853,Voltage Sag,voltage_sag_037
0.021390396160141403,0.6136999998943011,0.614072665828852,1.0426901034247096,2.085380206849419,1.697991396532246,-0.0050914542285695405,-0.958026889440748,482.6691058152358,50.0,0.8065972318736447,102.30674164996816,0.7530147361054244,0.0006700026346117202,2.43510010064307e-05,9.246325071747739e-05,9.246325071751324e-05,0.0002853996774195062,0.0065299420158196776,0.5213730229252015,4.452714711329318,0.003049954054952644,0.0001600653624194416,483.1828053105811,2.368106693797843,0.4028901307264417,0.06836146512281413,0.10907959248249728,0.02560762921590879,0.014093831175714484,0.006585258492243422,0.0010026959510347326,0.0012486286559507914,Voltage Sag,voltage_sag_038
0.004918111696453012,0.5850449100536673,0.5850655814542182,0.9777670480580491,1.9555340961160983,1.6712093123408063,0.017516319941643585,-1.2006805944164554,438.14622029102384,50.0,0.8040660003374093,317.1235517116098,0.6828481961365821,0.0012896855186583414,0.000321637179339975,0.0032632717509007538,0.0030810464385787563,0.0010253550176054845,0.006924278632347879,0.48890110533004066,4.050855345213304,0.007342483526457497,0.0022673279075453123,439.1461679647977,2.2590919182640605,0.6071887542943478,0.0840150924619207,0.15646617899712378,0.030514865993009965,0.0884801727988222,0.01649977171962094,0.019141254009713764,0.005441942578300103,Voltage Sag,voltage_sag_039
-0.0024548088406457307,0.6396271566559729,0.6396318672629192,0.9977454816697013,1.9954909633394027,1.5598745665028295,0.0012863278789966132,-1.3940308822271879,523.6850247913583,50.0,0.8953832050200254,220.25357345824128,0.8178353988203122,0.0003131801166090843,7.549856036388229e-05,0.003559670324175007,0.0018022449143779752,0.0004655480655070456,0.007226525495413456,0.4988752936813867,5.016619726062811,0.0019159728153000434,0.0005327655628993616,525.4136284130823,2.471551222314342,0.34178434561338356,0.06302092139850499,0.1425557152579548,0.02929813334632398,0.015000896296473842,0.006792907106991306,0.01587583684854995,0.004966638717769598,Voltage Sag,voltage_sag_040
-0.0019400252367805875,0.6144112188784129,0.6144142817200593,1.027897637545745,2.05579527509149,1.6729715895705772,0.00465427600687826,-1.1401008842977536,483.2062842644177,50.0,0.8356172643429458,250.92149089165238,0.7539545499430615,0.0008051703445691642,0.0001814562125722014,0.00427631436274256,0.0034559864407833355,0.0008319154961081022,0.006992547731427865,0.5141002585369089,4.475650159384932,0.004934739115845826,0.00126351394592594,485.5124722752432,2.3757048948592665,0.45060418599070623,0.07236435310784463,0.1759400893054836,0.03252425860581372,0.0723026202873151,0.014908443918371287,0.010452379247566064,0.004022957033040717,Voltage Sag,voltage_sag_041
-0.008996004946234737,0.5738437598102535,0.5739142695369759,1.0051426590434003,2.0102853180868006,1.7513811947080191,-0.02556610409072848,-0.9676312174503945,421.6033136360455,50.0,0.7664284413173451,340.3838143831488,0.6558236950331195,0.002135621183007495,0.0005222475028769954,0.003477182816734923,0.003343817503509662,0.0007052062511855417,0.006819689841772712,0.5026551901205638,3.7925024793940176,0.01206248285087241,0.003662566512536257,422.2192371383808,2.2157450231979063,0.6150473541307269,0.08452103282571662,0.2870118870496716,0.04158103436110377,0.16371626743751422,0.0224232331942383,0.06445843347551242,0.0100122388747674,Voltage Sag,voltage_sag_042
0.016908095569203634,0.6420660797627337,0.6422886691182262,1.0233749266460754,2.046749853292151,1.5933255183365367,-0.0019944185385218785,-1.1737522744875768,528.0444601314077,50.0,0.8644564608759003,279.5965196242068,0.822549720896864,0.0017658342000798325,0.00034172313836339257,0.006223929442484082,0.004918142777233818,0.0004010854684604945,0.007599160584414905,0.5116876748718959,5.012761632690367,0.009301047978931415,0.002441372213066364,529.5680300110267,2.479374271821628,0.35557942013140603,0.06430043004941026,0.26209736314578475,0.039683214950232505,0.13609855226601675,0.020463278023787623,0.02020913471718274,0.005605270607512981,Voltage Sag,voltage_sag_043
-0.003996750685039468,0.6708841920543748,0.6708960971450717,1.0277321319977015,2.055464263995403,1.5318797297667648,-0.00976002871343972,-1.4147061827392193,576.1300136505465,50.0,0.9405397858973144,245.84900727309574,0.8995026829202525,0.0005112554387668703,0.00012584971284386028,0.005293525154198035,0.0019282263091803097,0.0008541210423609225,0.0077587277038172675,0.5138671563764591,5.560496139926248,0.00296327755293568,0.0008992416934899072,576.6514343710935,2.589430589783097,0.4405385278303202,0.07137857494526373,0.14455550841238185,0.02934434535807291,0.021056160917793717,0.008040374670502457,0.020571838261688083,0.005651025782151916,Voltage Sag,voltage_sag_044
-0.008359441066026046,0.6311319599575264,0.631187318578855,0.9911114601753483,1.9822229203506967,1.5702334806176201,-0.012287195009748798,-1.351261721920432,509.9487118524993,50.0,0.8790898387194768,222.29286202528408,0.7961702672318566,0.0004359189348596826,8.69779508313805e-05,0.003170217871524889,0.0022622634037601165,0.0005860860787778713,0.007159833675208872,0.495578800109703,4.8715185584722445,0.0023578476023627,0.0006164333968577947,511.7946661483108,2.439469491091306,0.3961921939671455,0.06785689976467739,0.1162736206695477,0.0264640130729664,0.02170380423469763,0.008155079565900454,0.005652159776927947,0.002962748628180107,Voltage Sag,voltage_sag_045
-0.0037060034499451664,0.6382681799050197,0.6382789389763989,1.0423460833194993,2.0846921666389986,1.633057304051839,-0.001719604711380264,-1.0879689553773104,521.472005044272,50.0,0.8519907856283796,364.80055301269573,0.8104826809503823,0.003108870878994094,0.0008723801726898471,0.00700019619402299,0.0063016330516214285,0.00022218115866284911,0.007907912413336774,0.5212350833609947,4.867250709440247,0.019947030550031095,0.006134475841127684,522.6348628708555,2.464998526907543,1.1639224549088565,0.11585031152314601,0.23883923924869338,0.03788342929107583,0.06577947742668723,0.014226210209147288,0.18481121286470284,0.016953369560842927,Voltage Sag,voltage_sag_046
-7.138040501918353e-05,0.6054580008248924,0.6054580050325851,0.9608337060947393,1.9216674121894783,1.586953509750757,0.0003222142903894669,-1.3487995847393133,469.22162669828833,50.0,0.8442197734197963,118.8850676784091,0.7330122097624779,0.0001296903461722543,1.2928787484626108e-05,0.0002305621843549544,0.00031299688963095214,0.00021613668274102,0.006688446141852192,0.480464114555728,4.463164246425701,0.0007422458150735381,9.087151585702671e-05,470.5185959233834,2.338818420107616,0.2832096523302036,0.05737000704028606,0.09267700279347743,0.02360764190919657,0.011089792343720454,0.00583638763000909,0.0012224741341156694,0.0013787977732876093,Voltage Sag,voltage_sag_047
-0.011182018227208454,0.6623614851085112,0.6624558660671563,1.0238802159014293,2.0477604318028586,1.5455825336386833,-0.007877104855346425,-1.3300216836255634,561.7251513430863,50.0,0.9196344975406321,222.4264490325675,0.8768354332949325,0.0005844419054937426,0.00011044162176829287,0.0029160025893599493,0.002423247439976308,0.0004994108235614208,0.007596975231786655,0.5119715734238256,5.40567381747309,0.0031863496978306502,0.0007848904356316041,563.7502101170737,2.560319221218275,0.3514939581804412,0.06391922789516243,0.16860057775758025,0.03178067105709752,0.021390400572257735,0.008112608530174547,0.021565240214003606,0.00579025407293156,Voltage Sag,voltage_sag_048
-0.012758179435670541,0.6039103106989231,0.6040450600004792,1.0358120871329235,2.071624174265847,1.714792745975585,-0.004173426157554065,-0.9247227509772094,467.03415617405767,50.0,0.7925991299892681,332.70287143400253,0.7265888955797283,0.002251512017914483,0.0005399734510955601,0.010136635988355614,0.0039564028852753005,0.0014947533457524706,0.006963511207238318,0.5179062652312413,4.260709178770221,0.013297512535367362,0.0037850785546968187,466.2061510094879,2.327758583666482,0.7274404676341859,0.09183704800265283,0.2861205841218221,0.04143467359687191,0.11262751308211985,0.01861520973459805,0.11179303888469896,0.0131820046058741,Voltage Sag,voltage_sag_049
0.009276962784753304,0.6526179830456904,0.6526839157150532,0.9899559414563457,1.9799118829126914,1.5167463417116303,0.006784771945919111,-1.3982187092705682,545.2752561064125,50.0,0.913467340446739,142.5376390525482,0.8516715243960041,0.00020301121029645626,2.3966720786775976e-05,0.0006435476197300697,0.0007431659868808892,0.00036232409585776364,0.007334632639180957,0.4950677778776695,5.290168578934228,0.0010100195463943527,0.00016892906124563146,547.8443836496402,2.5226553439250132,0.28332112124877834,0.05737143441819623,0.09883443319426015,0.024375006092256978,0.01798031287618468,0.007434713630955665,0.0013300825287800122,0.0014379394490488728,Voltage Sag,voltage_sag_050
0.015352533896687438,0.599081216949271,0.599277902811766,0.9845738086824166,1.9691476173648332,1.6429336107025287,0.004951709941693046,-1.160313610524679,459.6915261420395,50.0,0.8154928748848487,90.3754618657602,0.7176793035396832,0.0003402286939587604,1.1270490326237219e-05,6.281480541969823e-05,6.367257091099251e-05,0.00018076384632329846,0.006495630704120641,0.4924015711704759,4.306108522195579,0.0015436133823559356,7.357800289134993e-05,461.9724624825182,2.315521842043356,0.30322694527768185,0.05930013038957887,0.09310722995569097,0.023616859751808654,0.010204476365988688,0.005602844648439431,0.00037331431833633627,0.0007609538728931659,Voltage Sag,voltage_sag_051
-0.008281669071767825,0.6282519926681446,0.6283065751160882,0.9772697756823282,1.9545395513646562,1.555402751435808,-0.0006264687893452278,-1.2784402785517923,505.30451498765905,50.0,0.8633333073826778,311.44878734002964,0.7874702435767643,0.0015154733651600513,0.00035403026618320284,0.008711000210940963,0.0020807925167119078,0.001256245766049571,0.007502575620873382,0.4887412525377534,4.841581667051445,0.00850442806523129,0.002479524757141669,507.19692627491065,2.4284640854368913,0.6554811040717595,0.08707960055709826,0.20843600872659324,0.03523023488902902,0.05859714884072491,0.013413351139132163,0.026151123588332284,0.006366790486179267,Voltage Sag,voltage_sag_052
0.00820929574366554,0.645475945907406,0.645528147551807,1.02168537604095,2.0433707520819,1.5827123571824913,0.00025804363063454535,-1.2455729786210967,533.3844342805344,50.0,0.8855939089442815,300.9574166386376,0.8316481761839493,0.0012683081458299069,0.0003136739247848133,0.007910209964094991,0.002657962914809678,0.0009861741243737039,0.007508578137089711,0.5108819573820785,5.072615039584707,0.007732967799599516,0.0022136045922052203,535.2429578014104,2.493673454577892,0.3558236101562005,0.06431520307514732,0.30639983929777104,0.04296223516089959,0.02859687718799466,0.009380101045000092,0.06616164904215921,0.010140133761676226,Voltage Sag,voltage_sag_053
0.006257618481141666,0.5918639919254417,0.5918970710579458,0.963574085523761,1.927148171047522,1.627941972748503,0.004241640937523521,-1.2363308598628457,448.43794269052785,50.0,0.8147275579999935,284.5763293161883,0.6995506293268288,0.0008206570721851217,0.00020010088254308694,0.006320272809043165,0.0021135424594358517,0.0008226209656549219,0.006768850133637367,0.48184106390148135,4.208136429941034,0.004929418462300447,0.0014114166964033007,449.14824819250737,2.284741770321379,0.299835603278617,0.05903811797736728,0.2212106739790825,0.03650470349441152,0.020921046275925045,0.008022885203055363,0.04218141013943569,0.008096441708321495,Voltage Sag,voltage_sag_054
-0.012389516468359594,0.6323800730811094,0.6325014284160859,0.9891239090416452,1.9782478180832903,1.5638287355604108,-0.0038215745341488383,-1.2745390287940757,512.074312893938,50.0,0.8686673200995628,271.3469730219004,0.7985816047894163,0.0010833947970388955,0.00021781684011686888,0.005429345956522608,0.0034256536027211506,0.0008449421602746268,0.007326112039368481,0.4946184546460897,4.901005523607781,0.005805888405252101,0.0015426131210069956,514.3399265679833,2.4455461239496556,0.6049476004825183,0.083809259622753,0.11289426607235087,0.026071042104312873,0.09076029051476724,0.016703086208305448,0.01295534633748203,0.004482127184829609,Voltage Sag,voltage_sag_055
0.0039579084674013386,0.6045429552301821,0.6045559111925698,0.9566637593933848,1.9133275187867695,1.5824239605972115,0.002172838653440024,-1.2927334129937165,467.82444769008424,50.0,0.8365949262303476,287.2216878078691,0.7297762842135233,0.0008841760787265244,0.00021834452476281397,0.006113883252785065,0.003567670508205897,0.0005233139853174728,0.007097961561155436,0.4783583334423884,4.448835652511259,0.0052272084673077425,0.001548868174732601,467.59816391752156,2.3316691046613607,0.3836049703344656,0.066719704248967,0.15956131755759118,0.030997179440938428,0.05890728770779009,0.013458202842920503,0.03950688316957169,0.007832387954905717,Voltage Sag,voltage_sag_056
0.0024471275545321553,0.5957507205215365,0.595755746455876,0.9842044543863196,1.9684089087726393,1.6520267915830529,-0.005205871215870974,-1.1999830821356239,454.3038840770535,50.0,0.8163178311474522,251.25729697654006,0.7089878982616054,0.000652930205009581,0.00014923928373380832,0.004106818978281401,0.0029369014478787796,0.0006291023733244516,0.006753840432580034,0.49216462311894543,4.235229256750722,0.00399718132736713,0.0010422719926141226,454.6130491595779,2.2989896215295706,0.3661422864217086,0.06523644482414885,0.10476666631673645,0.025056476438686397,0.06054191889450518,0.013632087531049443,0.00946260309568805,0.0038299189096565192,Voltage Sag,voltage_sag_057
0.004948266644258681,0.6450024284061006,0.6450214089412456,0.9782816321943995,1.956563264388799,1.5166653674312283,0.01212547609066506,-1.3971689015384054,532.5473510304635,50.0,0.9037438496468246,250.20336306535802,0.8313745484771111,0.0005207199222683425,0.00013465998233322288,0.005694140502838736,0.001013667521072586,5.1472536679167156e-05,0.007518541876128054,0.48922704375559123,5.160906507475771,0.0031892644451551686,0.0009645843367156611,534.8705224755124,2.4930559533412886,0.42690846153587353,0.0701645096443093,0.11248359415699533,0.025997067113933202,0.017507473235922603,0.0073380433076271545,0.02902151255629471,0.006718218293489674,Voltage Sag,voltage_sag_058
0.0052050953207544715,0.5974590423399558,0.5974817154449794,1.0029540103934365,2.005908020786873,1.6786354870203846,0.008014686057458528,-1.087875023928967,456.9400323725764,50.0,0.8049114591432381,343.084276530849,0.7111067467102329,0.0020881989892618307,0.0005458884986794596,0.009905420909808702,0.005626040842783503,0.0017590976949147033,0.007194803824641264,0.5014771027642536,4.210568954890071,0.012493802678575458,0.0038193886713011045,457.90184485156044,2.3067565010338824,0.6810188684545742,0.08880038322442936,0.28934230580869824,0.04172003872114665,0.1482214339487851,0.021339752003500675,0.08640440784619073,0.011591834999887633,Voltage Sag,voltage_sag_059
-0.009131173938683974,0.559590013812478,0.5596645083406199,0.974047306640577,1.948094613281154,1.7404128582797633,-0.024275390811465312,-1.0012689719473338,400.9271832270691,50.0,0.7479010985392065,335.78837879628213,0.6238354569096304,0.0018884904346031634,0.0004671539588494379,0.010530966882631856,0.0019624477579567225,0.00020009890315680155,0.006649386624443481,0.48706860308133326,3.6211879607010413,0.01099223266957764,0.003318198460945761,400.43086892412003,2.1577284435659974,0.6984842249386116,0.08991237952488686,0.20998183699840156,0.035526362490150676,0.09816661173225324,0.017379061561122306,0.09974407550178413,0.01245473582191453,Voltage Sag,voltage_sag_060
0.004590019927444097,0.6258590048674704,0.6258758361341605,1.0061053586397064,2.012210717279413,1.607515901001223,0.011253585931893304,-1.240022695260411,501.4023196884922,50.0,0.8584731914525678,338.1561888391711,0.7809637449002103,0.0017951175146994195,0.0004832792788485393,0.007866145573468935,0.005811701872536434,0.001666470241268694,0.0075832959785698765,0.5030744697207193,4.724144243214499,0.01086377924887812,0.0033821842823440447,502.5620408280331,2.4166841902395753,0.8457025385920732,0.09914281837816212,0.2612783465122984,0.039664834749732356,0.11955584928496818,0.019169748735379206,0.06268288288414996,0.009861771342964844,Voltage Sag,voltage_sag_061
0.003921517338100361,0.6500020981458744,0.650013927460229,1.0493648470525696,2.098729694105139,1.6143728660570285,0.0016129104493355247,-1.3018504365746058,540.8231755421081,50.0,0.9027785591551376,260.0962275375197,0.8441361448380976,0.0006647636919268557,0.00016057674664759683,0.005741117701418898,0.0017211871381497483,0.0008386876593746862,0.007442542208536906,0.5247350874467513,5.096782006876715,0.003940066696381342,0.0011351034434017235,542.2288544205148,2.5104624256035017,0.4005776332712346,0.06805994632070571,0.15351640810849682,0.030409873367875314,0.03495118822048763,0.010350877370745025,0.011665572694032296,0.0042574370391541315,Voltage Sag,voltage_sag_062
-0.006784587964036198,0.6256940357216851,0.6257308183009137,0.9684430651469873,1.9368861302939746,1.5476991652338845,-0.01127770277758294,-1.3898889190905797,501.1699929235598,50.0,0.8761583014207401,197.12317436410277,0.7827087304185922,0.0002538422942334307,5.101484647427858e-05,0.0024197717020035736,0.0016819849634703594,0.00044394417881501774,0.0070320619688454735,0.4842589672476783,4.818481514069455,0.0014040149226782496,0.00035961189382407343,502.0124822092984,2.4160609282959373,0.2893400093085005,0.057999750168314754,0.09954784744950852,0.024460427383040925,0.019367831342930186,0.007717982683542585,0.010590329756769898,0.0040570169897343935,Voltage Sag,voltage_sag_063
-0.004237121176157576,0.5640185987001113,0.5640345139045115,1.0011832396407325,2.002366479281465,1.7750389647404685,-0.010038744391200564,-0.8292953026658019,407.2127140806383,50.0,0.7383305510389458,377.3669369384708,0.6319847837848149,0.003173859335156555,0.0007938168898116928,0.01015482668569359,0.0075077652922325945,0.000855751761181249,0.006851083266558751,0.5006366032150055,3.623377795990678,0.01826287720459114,0.0056637205039542496,406.43747524804337,2.1739341522229383,1.0189819954430457,0.10874449856939443,0.366818024423325,0.04700201859675821,0.20479612498069255,0.025092579661136136,0.09972789700810822,0.012453733521938959,Voltage Sag,voltage_sag_064
0.0009944240457888775,0.6000898626581288,0.600090686600146,0.9541065317922233,1.9082130635844465,1.5899372429793701,-0.003369632931848591,-1.2549802900308384,460.93930514462033,50.0,0.8260940950106118,213.11010677767953,0.7195967952922736,0.000489540727642235,9.637438637506546e-05,0.0023802867269025517,0.0023375741598420695,0.0004886176354027457,0.006840436638432265,0.4770539546652423,4.381238982701065,0.0029107050568353623,0.0006692871732580961,460.94608604322525,2.315091245096128,0.31111714540547664,0.060038408325027486,0.11653164284252693,0.026484628205750777,0.024512224677427405,0.008678084528333817,0.0054666879075293915,0.0029091940188732185,Voltage Sag,voltage_sag_065
-9.741295538066158e-05,0.5977029364553583,0.5977029443934855,0.9812226489190281,1.9624452978380562,1.6416560402142149,0.0004782814731449806,-1.0771119103799485,457.2784764629017,50.0,0.7970701101691684,117.64672263024737,0.7139873973438231,0.0004771589378770313,2.6950761164125698e-05,0.00020251945339624317,0.00021452964315536092,0.00027134449193519134,0.0065032364326185225,0.4906284974514293,4.291428691988806,0.002680766543784561,0.0001873900968076605,457.1508861943097,2.3055818358576206,0.3677971499329231,0.06536288955431747,0.10159297097649042,0.024685331980202473,0.015165948409174686,0.00682627741158158,0.0015058038025161679,0.0015300640876231785,Voltage Sag,voltage_sag_066
6.39421080975533e-05,0.6369148792150712,0.6369148824247569,1.0197728711271132,2.0395457422542265,1.6011132715932177,-0.00029719278081575184,-1.2218896007018323,519.2455263413017,50.0,0.8719497893166016,97.36621371744742,0.8110119976761062,0.00029383431304518654,1.303786931096453e-05,0.00012756781661183412,0.0001270062192851815,0.00011902595926133724,0.006978189469879625,0.5099094862804957,4.925342263199402,0.0016397788133262498,8.962275416336941e-05,519.2555967380438,2.457189003388691,0.35118563056244306,0.06389053915271853,0.10311779766607274,0.024884195074160134,0.01301795769886175,0.006328913353315148,0.00043027418601766657,0.0008175963276091521,Voltage Sag,voltage_sag_067
2.2204460492503132e-17,0.62350765691746,0.62350765691746,0.949964689934265,1.89992937986853,1.5235814338339357,2.2901021827442178e-17,-1.3441988929057282,497.61510174041723,50.0,0.8652719519489093,241.6852958047787,0.7766006446573391,0.0006985350096845586,0.00016409426963223973,4.982395526791615e-17,5.004812320245852e-17,6.96953584534782e-17,0.0073492692730431665,0.47508303538374014,4.816216920856236,0.00432613310491659,0.0011681615302797832,497.4649887251577,2.40509203375591,0.3283380797303814,0.06177186903842625,0.12823368628337103,0.027758458776544422,0.030824623414558685,0.009737970810055637,0.009730538210788594,0.0038901195196042724,Voltage Sag,voltage_sag_068
-0.0016231441238646117,0.629297606813107,0.6292997000933264,0.9988269900358859,1.9976539800717719,1.587203982277714,-0.004895233944116915,-1.3379725216432286,506.9031840480647,50.0,0.8767545481796979,286.8121029102611,0.7909571355195624,0.0007771618846883217,0.00021853543495804274,0.0031079006882934984,0.002870434440730875,0.0004775919125222953,0.007385204633866204,0.49947510032536047,4.81187385657077,0.004937897730411675,0.001536085665531717,506.84135507566367,2.4276359244493912,0.5152685191677152,0.07727766065440915,0.1246012499004316,0.02731689681112274,0.05382263189729517,0.012864348210487472,0.03153016122646158,0.006995108016990532,Voltage Sag,voltage_sag_069
-0.0020969518719254343,0.6218166883426419,0.6218202241070673,0.97594478474762,1.9518895694952398,1.5694966919860247,0.0033933994381749382,-1.3115589653503787,494.9253006189612,50.0,0.8628603399831795,244.56732538141742,0.77256189832999,0.000575291135594379,0.00013091131562263254,0.0043693274987045335,0.00273959537451358,0.0006089374947914744,0.0071628791406338245,0.4880174271707626,4.728162758900643,0.003407073477366353,0.0009295636938754609,494.9145904186362,2.398911443107996,0.43030984631667213,0.0706074084414659,0.13520409574311792,0.0285029907482513,0.030042309284267172,0.009613373815594996,0.027591870964654652,0.006546629413629554,Voltage Sag,voltage_sag_070
-0.004054692953230665,0.6332679740812784,0.6332809546575294,0.9727123977256942,1.9454247954513884,1.535988711756205,0.0032423013071055063,-1.3166084574172976,513.3373024408983,50.0,0.8761643043129739,293.2696619964853,0.8005496620697469,0.0011489367572799164,0.0002728253214890313,0.00647931706724772,0.0041142610459534695,0.0004830684470909603,0.007538190781119923,0.48641264377317106,4.947428909892152,0.006690150475716056,0.001939299531720006,513.0420593373815,2.442458863731205,0.6494107386934395,0.08689730984780854,0.14921052665528975,0.0299266103005719,0.06306018926820355,0.013929145621615341,0.05802970273364734,0.009499033142336145,Voltage Sag,voltage_sag_071
-0.0016094326676555082,0.6820384190682814,0.6820403179861675,1.0209344521927115,2.0418689043854226,1.496882845878798,-0.0020882844721179512,-1.4153913186487186,595.4291140591008,50.0,0.9570692531659759,256.909277347317,0.9294870481928232,0.0006503674091013507,0.0001589110483537418,0.005833875551419353,0.002402857947831985,0.0001153913188551257,0.007985131147438637,0.5105779020798389,5.800932696685788,0.0036559903775170905,0.0011177782870610174,595.1866492383886,2.630736519268978,0.45329620095661805,0.07259494931152438,0.15946656010430715,0.03096725696607931,0.019871953230343176,0.00781625344329151,0.03367568135203223,0.007231703794131832,Voltage Sag,voltage_sag_072
0.002356864488883256,0.6245606129811518,0.624565059939804,0.9508425283599435,1.901685056719887,1.5224074949854927,-0.0012500348762805671,-1.3516260932955968,499.30433804494214,50.0,0.8692686610506742,277.4383380158729,0.7789972227886818,0.0008725959823094958,0.00021082725389155044,0.0068024029529123895,0.001156940228864124,0.00045075188385585173,0.007402771809751917,0.47546298909105633,4.830800642711768,0.005012719474915335,0.0014715504604645732,498.95059447149316,2.4086306656093335,0.5283891233025236,0.07833152065592022,0.12392092075158742,0.027315588594313715,0.07727473395623205,0.01541328002919846,0.021340868794501377,0.005760607299893161,Voltage Sag,voltage_sag_073
-0.007480544896729319,0.5466028959523095,0.5466540811293769,0.9740705614640478,1.9481411229280954,1.7818774158785293,-0.017173634126979816,-0.8111570435638447,382.50327605171617,50.0,0.7073965322302864,378.97919813628624,0.5933887047206741,0.00309502065865483,0.0008168336714774927,0.011817340808562116,0.007232507368139536,0.0002372911873162945,0.006633602360986127,0.48708194543695427,3.3945914528619094,0.0187130385762545,0.005770007211060373,382.00436695046886,2.107584219389624,1.2950844280806952,0.12269575540038431,0.3305140628318202,0.04458509887596562,0.12649028511042626,0.019728142309303944,0.04864345817111443,0.008697526599854667,Voltage Sag,voltage_sag_074
0.0016087277445612947,0.6529524810831348,0.6529544628514132,1.0350431445251367,2.0700862890502734,1.5851689565051441,-0.00015350702566773136,-1.3501892805897582,545.7273991136992,50.0,0.9102114878874559,243.27342698323793,0.8519884137159682,0.0005229417095630565,0.00013547538420024185,0.0029945614843428967,0.0026214917802838155,0.00037831120416863327,0.007509571180758703,0.5176684729671185,5.187657278683348,0.003268723048740063,0.0009479194852966379,546.8098321463914,2.52126569391981,0.4234629745552347,0.07012726283209121,0.14147027485623648,0.029133520978640293,0.026490850839390463,0.009025295201075999,0.013983947902188891,0.004656897335919246,Voltage Sag,voltage_sag_075
-0.006546851039696838,0.6334077025117167,0.6334415354708811,0.975324992582347,1.9506499851646937,1.5397237755427269,-0.012572149860302185,-1.4046293985293825,513.5976689404256,50.0,0.8878545816762227,186.65318312217596,0.8021260857086109,0.00025613283870856447,5.242980044526869e-05,0.00022154247944703156,0.0002215424794469469,0.0005397746302770281,0.0071860742167502165,0.48771317418770793,4.948753843973732,0.0013886095115054461,0.0003649753139185039,516.209191901378,2.4498851117538534,0.27871708039464455,0.05678452826611637,0.10227685377215151,0.024779149836239592,0.023213223804793914,0.008450820602836912,0.007196280416713962,0.0033453992426289063,Voltage Sag,voltage_sag_076
0.0,0.5996019103969199,0.5996019103969199,0.986063152805432,1.972126305610864,1.64452970496882,0.0,-1.2204439346973757,460.18873721809405,50.0,0.8245402172517208,162.27314115051294,0.7186596433020909,0.0003211698799221299,4.7766744135694e-05,4.6424302359663173e-17,4.76800610715532e-17,5.348364524931141e-17,0.006678038110176613,0.49307680393196,4.303967444981529,0.0018837732407420646,0.0003382997584114252,462.1725408284271,2.31784047714116,0.34136434080232353,0.06298302382470058,0.11370516609972738,0.026132888668474626,0.019629735781580747,0.007770507156477447,0.009350821231485631,0.0038134617149178335,Voltage Sag,voltage_sag_077
0.00865942466045656,0.6171863030932705,0.6172470480783108,0.9714919359313846,1.942983871862769,1.573911027933432,-0.008068281895994798,-1.1979556997707468,487.6722155025773,50.0,0.8340850293968518,333.96322520282496,0.7589992713945108,0.0022100971727645824,0.0005143067593565114,0.010276313521565165,0.003315332948069287,0.0010052743375987298,0.007441049054448473,0.4858177847612702,4.646183882671213,0.012535938116552563,0.003625495148366749,487.39524694816555,2.380068426757047,0.5239586823529844,0.07800838109881371,0.33479594838808585,0.04490857173629358,0.19510432022126592,0.02447989464607288,0.034962675760424146,0.007361642933399867,Voltage Sag,voltage_sag_078
0.0020835229834022277,0.608774809360894,0.6087783747640969,0.9846459323140029,1.9692918646280058,1.6174127944244705,-0.0037677496162612494,-1.2874181371777966,474.38222026293147,50.0,0.842685422229701,236.84239986399842,0.7405757058580409,0.00048801635736161857,0.00011326887159685319,0.0037611707918833288,0.002602129700391766,0.000736561927951941,0.006912059182805487,0.4923239327703591,4.469113494260977,0.0029946286250924306,0.0007921983158925864,474.19802458651435,2.348168955747646,0.38634319233017866,0.06702505005218361,0.12962678659584756,0.027816564587363223,0.026260622079379566,0.00898398502512926,0.007751113578999476,0.003470112689609212,Voltage Sag,voltage_sag_079
-0.018875918644123038,0.6081435497487027,0.6084364201834177,1.0237778200009464,2.0475556400018924,1.6826373077578727,-0.001436146230770653,-1.0205003463699898,473.84944307918386,50.0,0.8091204908334687,168.3133616437955,0.7391931653076328,0.0007407309972825376,7.572630170147359e-05,0.00048702399763638995,0.00048469517833951085,0.0004905389244184936,0.0066899913917888715,0.5119290193228693,4.38732394591026,0.0036124250756806612,0.0005192929303835846,473.9223003552441,2.3468408177815183,0.43994520168832224,0.07150232165780382,0.11558692638100465,0.026376232599054864,0.030409463568806017,0.009672895963128333,0.0039034381539754907,0.00245787926506709,Voltage Sag,voltage_sag_080
-0.005173273800501033,0.6291261516636849,0.6291474210937948,0.9643190261373599,1.9286380522747197,1.5327393768209758,-0.009393303983435054,-1.4148603467570855,506.6578911602852,50.0,0.8822388722584845,220.40870941860783,0.7912116162293376,0.00031631571926415774,7.198152155354783e-05,0.003650218963600105,0.0015073762378104128,0.00045487653985935926,0.007156867311180277,0.4821859330727767,4.890502744806435,0.0017720306211786625,0.0005030871797210136,507.933701394309,2.4302232014606164,0.33619289697538746,0.06249756381241122,0.13487963060224809,0.02849519526881378,0.013602018744390086,0.006468773893660428,0.015032754803894181,0.004834398384219729,Voltage Sag,voltage_sag_081
-0.006036625443116572,0.5670351933619041,0.5670673252425258,0.9503997044460217,1.9007994088920435,1.675990948760581,-0.012418418816734554,-1.027301453315577,411.60364973787193,50.0,0.7550040043473898,372.9986278345316,0.6392506285960569,0.0028571788101042096,0.0007210405298491223,0.004091463225896674,0.003934330422425397,0.0008234963692819802,0.006982974820824942,0.47520038023666694,3.7885195453809715,0.01622525415835003,0.005038593223385693,410.36887665769507,2.1842915813257244,0.9323210607660528,0.10380578417964403,0.4100139722446933,0.049697989875525136,0.13179967496308032,0.020130615027642067,0.10205790067338683,0.012598444393351182,Voltage Sag,voltage_sag_082
-0.012128060626036209,0.6234095343623713,0.6235274952946802,1.0394763526203326,2.078952705240665,1.6670898404045633,-0.01679099243570806,-1.0840152460130028,497.64676785722554,50.0,0.8397254574512021,307.69606337003233,0.7750341635960354,0.0018184100563749688,0.00041775875229620174,0.004254472713655567,0.003932078549783694,0.0015162928977698368,0.007371832584208407,0.5198651099877049,4.610286574095283,0.010223681211195048,0.0029716563201094295,499.9154242653255,2.4110090043119086,0.5913848932246585,0.08292472089393395,0.14851868937900825,0.02969316697965257,0.11797869142359624,0.01903684885460999,0.04663662166164284,0.00851612883249871,Voltage Sag,voltage_sag_083
0.0076676789101016,0.6078212040941534,0.6078695661458426,0.9548811535103752,1.9097623070207503,1.570865209724458,0.012267544475737661,-1.3470518558881863,472.96692409130867,50.0,0.847452270936723,219.2609459980016,0.7384876748489282,0.00036181868326878473,7.52000033764307e-05,0.0030744576234089534,0.002031788598627526,0.0005278759414004865,0.006862698106767708,0.4775259848186003,4.517058043266636,0.0020207854307491384,0.0005294052585563291,473.8741316114548,2.3466789023419716,0.303794796973274,0.05927181210480841,0.09165151489739826,0.023477240830639488,0.036058928016473105,0.010531216223303812,0.004402624567365098,0.0026137625701850957,Voltage Sag,voltage_sag_084
-0.004040809260598796,0.5525096682845592,0.5525244444252165,0.9516416655681476,1.9032833311362949,1.7223521514173092,0.007079629688278899,-0.9827435840550027,390.76257495986454,50.0,0.7380291915472281,293.7958397581099,0.6090563987064297,0.0011367205545084829,0.000261512167841345,0.006200007692171698,0.0036544758781448137,0.0010370343161707892,0.006255206478348748,0.4759080271957182,3.5602069528904456,0.006797437150575334,0.0018429608728509276,391.18343041600957,2.132712331185305,0.6854903603704334,0.0891286391734203,0.10987734566127355,0.025635916359622868,0.10627068332613376,0.018062903949992767,0.015762554018964724,0.004946257200554305,Voltage Sag,voltage_sag_085
-0.004952875899778797,0.6305769527062295,0.6305964036243411,1.011019046374189,2.022038092748378,1.603274361480295,-0.005342405755658577,-1.3004525240571974,508.9943350578598,50.0,0.8742342489301199,275.1459414036775,0.794246792261177,0.0007668999134375722,0.00019397072084625347,0.006494337535817578,0.0016481058317722938,0.0009977209789209566,0.00730296503687543,0.5055385066617709,4.811678970603015,0.004633961815977328,0.0013610790006547636,509.69280142678883,2.4344546596388006,0.35945511809608477,0.06464153764587191,0.19352771051825912,0.0340453076227939,0.07430031637537349,0.015114699552309175,0.015406555150933244,0.00489345474879022,Voltage Sag,voltage_sag_086
-0.0020833435852582296,0.6312040407628772,0.6312074788814516,1.0066903845938724,2.013380769187745,1.5948644752692265,-0.00556802757390903,-1.259048541611375,509.98128818672393,50.0,0.8684100737881053,342.2292477917413,0.7944109101086514,0.0017542101815659033,0.000494907169428574,0.004036450628855555,0.0038107443549853398,0.0012900091393253919,0.0076759314508142475,0.5033468897659693,4.822368210317138,0.010982773241309347,0.0034481679491860534,511.120267421841,2.4376766491144135,0.6951231546263169,0.08946993462429037,0.26982481250211415,0.04012780389005906,0.13504147414253087,0.020329746236756766,0.029133119836345044,0.006731128560974426,Voltage Sag,voltage_sag_087
-0.0005957083227848714,0.5803045329398104,0.5803048387002278,0.9511982936279642,1.9023965872559283,1.639135554610966,0.002255492557582594,-1.0869796243150904,431.04474344818857,50.0,0.7759694453117123,233.0874254877686,0.6723739191427275,0.0008977562350462617,0.00017342916836484513,0.001182882005434016,0.001167785931969063,0.0009605535390617931,0.00665090993716962,0.4756234938970607,4.040677053168296,0.005381071456313904,0.0012224195769268587,432.5340671719663,2.2423446053142064,0.5059672184265799,0.07669584811299561,0.13563028523085963,0.028559954351766767,0.051978901129589056,0.01264063692304222,0.026371276745685422,0.006398046381857864,Voltage Sag,voltage_sag_088
0.006286704529540279,0.6929014558503502,0.6929299749421847,1.0387365902520795,2.077473180504159,1.4990498720123178,0.008530328012202727,-1.4316314469923703,614.5944962219221,50.0,0.9728595191637307,216.4092430809573,0.9597634242418557,0.0003881411610239037,8.236275901635268e-05,0.0034218541187352887,0.002232800750101384,0.0006612198666483745,0.007925498021297687,0.51948282108377,5.987465199125061,0.0020987252575100195,0.0005858896372099786,614.8798393723956,2.6735587859238206,0.4291264367870739,0.07047715567872216,0.11255808877794987,0.025962223742593587,0.042023736309932745,0.011353339644706424,0.004919677957233869,0.0027603992125708014,Voltage Sag,voltage_sag_089
-0.002155056275425643,0.5580182893362129,0.5580224507143631,0.9677855773052969,1.9355711546105938,1.7343129762335432,0.00021611363929349703,-0.9401215039203801,398.57799104161757,50.0,0.7417817303202278,326.97533869106985,0.6203658798737086,0.0017917843613286784,0.00045017336583863326,0.010137982324407244,0.0009906653616965516,0.00024243137742313345,0.006598210833156314,0.4839220880910916,3.609614516736469,0.010692318910486106,0.0031642773772333783,398.0042294689177,2.151268482890082,0.5458834924550797,0.0794840617089981,0.24788945464209217,0.038603099768724995,0.17592043555315567,0.023237548021670298,0.02656239486020774,0.0064108754260364924,Voltage Sag,voltage_sag_090
-0.0010333563019212732,0.6283535438433222,0.6283543935437299,0.9969772451947891,1.9939544903895783,1.586648005388409,0.0033395651082566385,-1.2665042436558662,505.381432173707,50.0,0.8653475026444806,213.2041517509162,0.7889927527548335,0.0005235020910066164,0.0001040902485635081,0.0019823204564470773,0.0018375976885670435,0.0004211291763328943,0.0071682301635487946,0.49849004440874145,4.8082433057461245,0.003188548364327262,0.0007342634005185846,506.9721666542084,2.4277341519957334,0.3373437928245451,0.06260885190791238,0.11511337897686041,0.026251535009773966,0.04423320605348011,0.011654508705763265,0.008702169802535634,0.0036730576105204506,Voltage Sag,voltage_sag_091
0.00869685027234295,0.611921847417321,0.6119836456567175,1.0241674518414448,2.0483349036828895,1.673520949633778,0.012057503081326734,-1.027362858010246,479.39069766564705,50.0,0.8138107882936618,361.0602639557318,0.7449107435691742,0.003048186505908603,0.0007382828809973865,0.007855298542898227,0.006635995879971379,0.0016038613437448616,0.007471137461977476,0.5120858205259867,4.420593373340653,0.017138130603104908,0.005244552197561005,479.99683756527634,2.361430554333872,1.0330586746138515,0.1095953355642326,0.29096278253872865,0.04181388164577522,0.22513915338226834,0.026319783798376628,0.04414784791659292,0.00826485076361987,Voltage Sag,voltage_sag_092
0.008942153263769164,0.6653876475220253,0.6654477316663479,1.0400970314816196,2.080194062963239,1.5630033464469844,-0.005738515976804783,-1.2416701566756108,566.8104749822563,50.0,0.9083393906152131,318.04807198965716,0.8830182913050463,0.0019333770509329916,0.0004462054327096129,0.009412963863446932,0.0031477595027329572,0.0012707765463176124,0.00786647349145727,0.5201986645439022,5.419635344631049,0.010934048713993484,0.0031306643271574405,568.9663268424312,2.5708936527195565,0.3981254653656444,0.0679213469512995,0.395346503130828,0.04865933066587614,0.036541888068523966,0.010600054547007241,0.09353139102632697,0.012055909824828372,Voltage Sag,voltage_sag_093
0.0016824464974113996,0.6584976187416409,0.6584997680444756,1.0243560130176603,2.0487120260353207,1.5555905449414205,0.001133508700392539,-1.3409666269064568,555.036088978724,50.0,0.9158333699762953,279.7297552635937,0.866046001793258,0.0008703115611144932,0.00023712797086756612,0.003221923693196644,0.002976609112301633,0.0005125616100791887,0.00776373346887945,0.5121800182553827,5.318985044166356,0.005549784662340967,0.0016735905194404537,554.6194921633776,2.5394968788373347,0.5634141693609948,0.08059910279022589,0.1398512349030147,0.029020143433398024,0.0717557293022579,0.01485748556619764,0.036333706104366675,0.007509612727126784,Voltage Sag,voltage_sag_094
0.012970232000516923,0.6437625320122489,0.6438931778959682,1.0385264538805656,2.0770529077611313,1.612886251214086,0.01067622335567549,-1.248731935077687,530.6859834124404,50.0,0.8867734537228422,172.08649283948478,0.8284974627999535,0.00044895714895909803,6.145550955102725e-05,0.0004597287437586179,0.00045752130991528366,0.0004470818908478838,0.007222663110345639,0.5193785544244023,5.010830021836815,0.0022739664401303246,0.0004260192576871463,530.9949356917215,2.4838995599081413,0.40265048655531527,0.06842471846712338,0.13375541426640106,0.028282891525648713,0.023844195761558516,0.008563007266308988,0.0033707988920595707,0.0022838602115203884,Voltage Sag,voltage_sag_095
-0.007917600549576038,0.6007303657936303,0.6007825403463481,0.9907087251060025,1.981417450212005,1.6490304870264951,-0.005567176362304493,-1.1006895078778514,462.00276580481466,50.0,0.80726343029804,339.95648808074395,0.718962322211627,0.0021373718325400845,0.0005212708601340098,0.010575739021948121,0.004068287369779821,0.0017038360655475151,0.007224711098970274,0.49545699888124,4.2992871854865795,0.012422393003260493,0.0037197769741519485,462.49971173633026,2.319030674937048,0.4815751006425604,0.07437445090303284,0.3732258798696704,0.04718565966393233,0.07301392986937519,0.014959847133457714,0.05008382557731432,0.008812355832333639,Voltage Sag,voltage_sag_096
-0.011225265337339438,0.6429993375197319,0.6430973135013921,0.9874990938050701,1.9749981876101401,1.5355360270858867,-0.0054668645283006126,-1.3569383582536547,529.3749179298659,50.0,0.8951686551040126,161.83975220251412,0.8266617517498974,0.00030983480706037327,3.807580458992766e-05,0.0010721765523855201,0.0010155430970187264,0.000414958339730519,0.0072387952054607995,0.4938602991441502,5.110612922855224,0.0015303585581549338,0.0002633397074783328,529.7026265469182,2.4816920993814655,0.33729982808988923,0.06257076996057595,0.09814786647927719,0.024281452087133733,0.01747735258242252,0.0073322371827160525,0.006992653141949178,0.0032959856502182993,Voltage Sag,voltage_sag_097
-0.0002450153344957462,0.6525362699074911,0.652536315906859,0.9839223063625513,1.9678446127251026,1.5078429849435162,0.00024014478226445544,-1.3853259823208492,545.0286637789391,50.0,0.9122225481026126,246.2209923839161,0.8507718578681995,0.0006317321418958583,0.0001484428258891451,0.005461245669115345,0.0018262779079045136,0.0009935813738785341,0.007651025763020142,0.4919738877104452,5.296239981113643,0.003657328428664477,0.0010538184789372646,547.7249639960927,2.5232093059472387,0.40208633514477615,0.06823467090077068,0.1380233851129268,0.028760550441328563,0.03746027854003122,0.010733731917183489,0.03150244897788667,0.006994412844673014,Voltage Sag,voltage_sag_098
-0.001708335924163501,0.6696719888923481,0.6696741678746934,1.038092090239301,2.076184180478602,1.550145040732696,-0.0036578436072084246,-1.3074654036951536,574.0332686318886,50.0,0.9264166050282869,340.2713956520494,0.8941689803835495,0.002040103507555035,0.0005241773746870147,0.0028000611839229562,0.0027326893581334356,2.421874472263943e-05,0.00819101053055756,0.5190518025958936,5.499960467470867,0.011559285988779509,0.00362936676394923,573.5550534110665,2.5824799401217997,0.6171526999495714,0.08467006941075854,0.3484435419749137,0.04579160176837196,0.08590752471335726,0.01621077810987158,0.03066343950497902,0.00688768267709523,Voltage Sag,voltage_sag_099
0.0013377491054309132,0.6529764152317232,0.6529777855498156,0.996841189970083,1.993682379940166,1.5266081205644746,-0.00189589808952722,-1.4023184164579823,545.7663851795724,50.0,0.9152975109902408,206.10164577705655,0.8523702201971531,0.00029597845387794685,6.720077787719203e-05,0.003093982838726762,0.0019987633859954485,0.00043572623792359315,0.007436498967381167,0.4984208320623386,5.277833155527572,0.001754452470667265,0.0004773643437448272,545.7862085922693,2.519143932165335,0.3446905275935892,0.06330889014044833,0.12545175588873717,0.027408048116990866,0.032885737918451244,0.010059096357822525,0.003995574954410763,0.002487135601157097,Voltage Sag,voltage_sag_100
-0.013079940153841462,0.6411261311752006,0.6412595425489656,1.0152515100955868,2.0305030201911736,1.5832146622854826,-0.004081478339704484,-1.2180985093923984,526.3536651649389,50.0,0.875495042861985,282.8086420391802,0.8206167563540167,0.0012597162152725955,0.0002787081597443911,0.006163177090087206,0.0039564298531144975,0.0011148453940390348,0.007474829403319898,0.5076259600376333,5.008922550900578,0.007219661118180908,0.001954745020381454,526.6960110856163,2.4746319753975343,0.5381436788285267,0.079041978647235,0.19191157845807913,0.03381965023541794,0.04996222266408641,0.012384595018284799,0.017847505471890956,0.005264644197151315,Voltage Sag,voltage_sag_101
-0.008334430843653127,0.6485021362297004,0.6485556903088374,1.0262128003458284,2.052425600691657,1.5823048285268628,-0.011081684224394909,-1.3841902377091506,538.3993387929249,50.0,0.9077542421573319,87.35364661258038,0.8410670293952965,0.00010643743098956103,4.985684555872191e-06,5.453655787201224e-05,6.517228501136075e-05,9.836960256871577e-05,0.00710373057818888,0.5132401776303617,5.1269464334178245,0.000491188423750984,3.3257447097613655e-05,541.0558028858007,2.5082066874927977,0.30124166135536545,0.05918000839987497,0.09976452747574696,0.024480693402160213,0.011102516759308848,0.005843951990654141,0.00048358703185280745,0.000866497339926691,Voltage Sag,voltage_sag_102
-0.0022710278251047407,0.6630045389915927,0.663008428521717,1.0452177373170501,2.0904354746341003,1.5764773000638215,0.0022832240241516697,-1.2929130488901746,562.662625652271,50.0,0.9153126324861376,272.24807165669574,0.8778614613566023,0.0009620266263231705,0.0002418032209441885,0.006817577610405719,0.0026784368169144378,0.001175817486703958,0.00777487340136945,0.5226499566383993,5.3621736915681595,0.006031123074710798,0.0017227918292039626,562.2653173805343,2.5569341955567904,0.5279812269520328,0.0781361149945614,0.1822948889199397,0.033011174396580474,0.053235322388821164,0.012797678561305398,0.0416029835579648,0.008043294135191746,Voltage Sag,voltage_sag_103
-0.002021114305119817,0.5810350923530981,0.5810386075372338,0.9595044712286738,1.9190089424573475,1.6513609573965118,-0.001582667899140497,-1.0657785402532804,432.1355052144737,50.0,0.7788324813856319,357.43282092685246,0.6718646491875148,0.0024856921061379034,0.0006252398143575832,0.011353455157387962,0.005252787097847904,0.0008443777669849201,0.007110456084326434,0.479848894435274,4.012985714053253,0.014306427542088853,0.0043964004457625,433.59094648591866,2.2451202331031106,0.5825251320354473,0.0820431162618704,0.20939788741235918,0.035387285555874705,0.17307739707992992,0.02305827366153012,0.09084649566910906,0.011886300452941164,Voltage Sag,voltage_sag_104
-0.006366772628053014,0.6161248216506571,0.616157716536725,0.9751522711580478,1.9503045423160956,1.5826341941111484,-0.015889742635937537,-1.3198914639321155,485.9524245091216,50.0,0.855612755196358,276.06052892876426,0.7581438242241809,0.0008398318198981524,0.00020233581570935978,0.0021559423744015108,0.0020733014607876602,0.00043872618161255536,0.0072205370253346285,0.48766277372000993,4.620684011968854,0.004699027382250531,0.0014131985713452648,485.6614317646408,2.376321046080634,0.45907775073731744,0.07306165701487445,0.16748418450848068,0.03173527559118544,0.028348329635059732,0.00932179100929157,0.029854023401549915,0.006813848981469566,Voltage Sag,voltage_sag_105
-0.0032143513684748494,0.6133296381955632,0.6133380610591685,0.9793365239345676,1.958673047869135,1.5967320244919458,-0.009602517852198414,-1.3081923380531302,481.5149787440901,50.0,0.8520712258907344,293.9929092470298,0.7511721266684819,0.0008563649816701035,0.00024049154593225303,0.005510723777413443,0.004075592803856149,0.0011684630203499641,0.007223802279624691,0.4898016431455013,4.557132676865516,0.005402097829460885,0.0016717860832386028,481.6200713401219,2.3664754348982058,0.36767661216464287,0.06535300414684285,0.1614849877919209,0.031054357988462324,0.05050365317053798,0.012460928851414277,0.035580807633581985,0.007431189791522179,Voltage Sag,voltage_sag_106
-0.011955366683686656,0.5451007634395937,0.545231852604898,0.970634101496971,1.941268202993942,1.7802226646478785,-0.018437153820655805,-0.850382148093932,380.51554956156065,50.0,0.713068353278852,332.9060491771518,0.5918167758465024,0.001961828956733216,0.00046472439368705265,0.00974000687688201,0.002817021781156926,0.000938092581060533,0.006324584361310816,0.4853406763757016,3.393540249467047,0.01123162446559577,0.0032429900576750213,382.6271377630996,2.109299185973151,0.5862258168882654,0.08238752095794948,0.2445417153259846,0.038381469257618,0.1044894999258644,0.017926161560470288,0.08636642651612797,0.011581435465717872,Voltage Sag,voltage_sag_107
-0.0014157537766211314,0.6097439342292027,0.6097455778339539,0.9762546075789467,1.9525092151578933,1.6010851789124407,-0.003541397977569189,-1.2332658028047219,475.89077720071975,50.0,0.835962571230991,348.86085552690275,0.7410437616543122,0.001828843333149237,0.0005138968537607267,0.0027933112637349043,0.0027261037739092003,0.0018507713404425582,0.007451227736758629,0.48822699055756563,4.489731830079102,0.011510213123996518,0.003612577010882671,477.2217276831253,2.3553517383306932,0.82210160003377,0.09772878317370282,0.23453566314634183,0.03758747287259832,0.10686090301431139,0.01813241560794524,0.1091401208676212,0.013028267207414138,Voltage Sag,voltage_sag_108
0.0011469091484375582,0.5727804392893684,0.5727815875472225,0.9745017592240497,1.9490035184480994,1.701349659990609,-0.0028320261565292254,-1.0488639307482024,419.9407962023892,50.0,0.7717883635832246,259.99509544425314,0.654964951789705,0.000912731089696596,0.00020429760201257666,0.00469839004095492,0.0038205760957462963,0.0011316455274117806,0.006560142523837218,0.4872629486511605,3.854672832670559,0.00549578853391846,0.0014368700587768656,421.1701763272986,2.2126351505124884,0.39425284079164785,0.06769401209457455,0.2183138507159944,0.03610020049309337,0.03837816594284997,0.01082263494887081,0.011903536852472113,0.004291882773373367,Voltage Sag,voltage_sag_109
0.0027891271743579306,0.669153808779927,0.6691596214918215,1.003084278998407,2.006168557996814,1.499020931299824,0.006043475479919326,-1.4205409267110969,573.1514867648996,50.0,0.9391874930308575,259.5064195958346,0.8946951000053469,0.0006372265136372897,0.00015160002346234654,0.004433362148192786,0.003281316673868636,0.0003810911050107316,0.007832586441275482,0.5015425197143908,5.5808673290805135,0.0035293146872625806,0.0010878080746845437,573.0830641340813,2.5813387487520267,0.3635492287657648,0.06501717987568484,0.14746381835954656,0.029795379353469688,0.05040129609098356,0.012442333602323562,0.02374756932926612,0.006077124530632599,Voltage Sag,voltage_sag_110
-0.008147569609551273,0.6461845515950588,0.6462359148257313,1.0387777122008004,2.077555424401601,1.6074280125382963,-0.007829616634917415,-1.2462699352324753,534.5546977416318,50.0,0.888521103829383,294.3931221835408,0.8335899480237977,0.0011981492231651495,0.0002832970950591967,0.0077310066447906,0.0019184942182913854,0.0011801420714867472,0.007540913569116332,0.519399441430279,5.046547012821779,0.006836681574512234,0.0019835081865832967,536.3586635609189,2.4973189429247875,0.4523200258378297,0.07229177492563142,0.13592002055705013,0.028602223822883896,0.11134895166062207,0.01850302278862092,0.020703712917468198,0.00566498852385358,Voltage Sag,voltage_sag_111
-0.007122036708639578,0.667804290016336,0.6678422666851073,1.0035708496191205,2.007141699238241,1.5027064019157224,-0.009963980362058335,-1.42801571249264,570.8970152590105,50.0,0.9372867813244821,189.79369495855167,0.8915953564786027,0.00030148136323948996,5.768215427550297e-05,0.0024874571812266927,0.0020664400337996732,9.64785536475407e-05,0.0076257526411456795,0.5018284006788547,5.557541023982322,0.0015823575653327684,0.00041278641738247656,571.3506174474838,2.5775149160275683,0.33330311790046024,0.06208502768467999,0.10220244171153667,0.024767636387163748,0.03148817835841128,0.009842806330776888,0.0034414025064407575,0.0023133624272513482,Voltage Sag,voltage_sag_112
-0.012538340108234161,0.6005297233775395,0.6006606018647918,0.9981747490283182,1.9963494980566363,1.6617949403169692,-0.010380036894199801,-1.0867085476513005,461.8152430496945,50.0,0.8061102871687756,309.47003898609375,0.7192361251368308,0.0016849716625982503,0.00037069623331413847,0.007114991100532014,0.004852917099782359,0.0013273049434123687,0.007029950747862598,0.4991015379793176,4.288010236768665,0.009304540576835977,0.0026337249452373377,464.2986208048976,2.3235344980707597,0.588040146676529,0.08262214903480418,0.22074923626436518,0.03630493497462392,0.06874201600245211,0.01453209127338233,0.029656069738286002,0.0067892181629684665,Voltage Sag,voltage_sag_113
-0.011559411290758709,0.5608853910210345,0.5610044936096391,0.9753099168506479,1.9506198337012959,1.7385064254539722,-0.01926193210191635,-1.0125022122866147,402.84933356826576,50.0,0.7522028750398849,298.8536108540616,0.6276797791127684,0.001256328492918429,0.0002802051257071157,0.006789818995072196,0.003547964131129048,0.0011457514571380652,0.006398889874893241,0.4876592303063301,3.649452776058253,0.007055723232020224,0.0019638510849425425,402.278626624151,2.162333787068887,0.6958895026711913,0.08991002060189673,0.14385034325604806,0.02943426729710516,0.031420020357024785,0.009825219494204814,0.05596461198023765,0.009324137989477019,Voltage Sag,voltage_sag_114
0.007920256241288389,0.6119077753351517,0.6119590312876689,1.0107881763705289,2.0215763527410577,1.6517252376225282,0.0031531137653820654,-1.0854223236087925,479.352135647414,50.0,0.8214698560914317,337.3908276387228,0.7460123031145275,0.0021830599524237876,0.0005344174902848712,0.010632566699714886,0.0037095598416350033,0.0012690783760106687,0.0073246421007493534,0.5054064605957297,4.458533421467317,0.012545683341426412,0.0037268347705973655,479.3939347152325,2.36042255453197,0.4778736847768556,0.074507068368535,0.3716912450531425,0.04722221989109675,0.10748412745406141,0.018175901424330496,0.03128968074141927,0.006959603505211756,Voltage Sag,voltage_sag_115
0.00964302371497922,0.6322339899652406,0.6323075248435175,1.0487489991943153,2.0974979983886306,1.6586059124509067,0.010872374216388973,-1.0812827269446286,511.7603916463815,50.0,0.84585996709122,347.88771990763814,0.7959277374809466,0.0026970452052035338,0.0006596381243626599,0.012255582046591617,0.0038331930456420695,0.001546716417412813,0.007658578006953827,0.524430194925979,4.7456227175025365,0.015573027245982932,0.0047073975169634585,513.4809730215818,2.442186204507192,0.6223637311048561,0.08482258067902594,0.25809820756640706,0.039304077157676004,0.08133430218638908,0.01581951613912616,0.14153693885614643,0.014836060465004353,Voltage Sag,voltage_sag_116
-0.0047160019676294514,0.6784305418449575,0.6784469329156123,1.0419094793585182,2.0838189587170364,1.5357273042408741,-0.009093947227356933,-1.3655686230158166,589.1715082017297,50.0,0.9469447286783337,277.3952215647421,0.9194267169701583,0.0008241154917082141,0.00022443733971302805,0.0067491596328739965,0.003165408552064851,0.0011019782204205156,0.007989933064645698,0.5210332929136785,5.677654009184283,0.005183999316676456,0.0015805992269154283,589.1882198553857,2.61744624443313,0.4330853916476731,0.07079570108875209,0.20619887513271282,0.035123296177211084,0.04925571868432442,0.012296933067641706,0.03589132807340209,0.007464163593958166,Voltage Sag,voltage_sag_117
-0.000230465657004858,0.6700978609003644,0.6700979005322008,1.0122702837797768,2.0245405675595536,1.5106304362009007,-0.000707184829752451,-1.416355400790833,574.7599312610089,50.0,0.9395206939275687,279.96312760057674,0.8970118073381346,0.0007765130373083001,0.00019941272181260496,0.0017474040401801328,0.0017053582897724791,7.362729216930683e-06,0.007900810162060496,0.5061354372494107,5.576946326221993,0.0044947505979199,0.0014130557303161852,576.3681148131136,2.588531895035133,0.3978072109504231,0.0679686513144061,0.15593518337934803,0.030613325275747626,0.047888656369190166,0.012138706097294989,0.04271906316271091,0.008144971618260244,Voltage Sag,voltage_sag_118
-5.5366889054236926e-05,0.5659658399413343,0.56596584264953,0.9935738551625772,1.9871477103251545,1.7555367838268727,-0.00021097442745025908,-0.9517544328873808,410.00618885887036,50.0,0.755029268598536,380.5874993273477,0.6368539390436755,0.002790697269250361,0.0007238906380970218,0.001664676449811501,0.0016566460624924135,0.0015511452879275454,0.006904389724512816,0.49689948014601865,3.673071385973598,0.016030570833821554,0.005043221953154787,410.4652640344295,2.184451646962182,0.45438753379122765,0.07257195633689863,0.4890436808059385,0.05410159983126427,0.19494071668629406,0.024490791807244987,0.042607655316463475,0.00811906583112182,Voltage Sag,voltage_sag_119
-0.011231936895799235,0.6201950196987199,0.6202967184062211,0.9561729955261549,1.9123459910523097,1.541476791915628,-0.005860947855392914,-1.3428615417394234,492.5030641478743,50.0,0.8617373834525196,177.07917437274557,0.7689665135282597,0.0003717427184163237,5.327471381717146e-05,0.0012215076756521273,0.001443606075249247,0.00017955894925684047,0.007050356574351207,0.4781031553270078,4.747001711557526,0.0018700116870662665,0.00037164103203124054,492.9471731918148,2.394060998342774,0.3321120318981978,0.06210253524972615,0.09588165339691306,0.02400618162364615,0.022356294657285378,0.00829387886815477,0.008405690787315234,0.003612506039064707,Voltage Sag,voltage_sag_120
0.0015032753624151685,0.5926877662413419,0.5926896726694053,0.9891984817531845,1.978396963506369,1.668999018147694,-0.003385856292405549,-1.1535112474198943,449.6397415538776,50.0,0.8073885839383598,253.1725591834847,0.7015518470346741,0.0007668389055029661,0.00017727910257236,0.004456633306003372,0.0034869975142587427,0.0010308168922714695,0.006786163358184531,0.49464636957851177,4.169615762238736,0.004715880487969224,0.0012381022597819326,452.0880806371742,2.292165981365387,0.42516469551029923,0.07031097120716008,0.17087129613384858,0.03199869231946548,0.0741316902884338,0.015089629849574545,0.010269698377173234,0.003986854076868517,Voltage Sag,voltage_sag_121
-0.010787522636422808,0.5863583619491834,0.5864575852287708,1.0157931739564883,2.0315863479129765,1.7320829324059408,-0.019585207985917067,-1.0268875910144206,440.23359906862197,50.0,0.7880815758476163,309.40812695271234,0.685767665565438,0.0015069383785703857,0.000346399068730255,0.007219621456281062,0.0046099667185143575,0.0014041527848002854,0.006788647254511377,0.5079975650564642,3.99379513389918,0.008513794645181635,0.002447887512573752,440.7988445924234,2.26395204036503,0.5422764684871013,0.07940443517938069,0.32759613424162876,0.04425832975711014,0.03337030865326801,0.010130250250766462,0.07313387200857271,0.010658188865944074,Voltage Sag,voltage_sag_122
0.0021954493599172565,0.6317943538337586,0.631798168352923,0.9676357777356631,1.935271555471326,1.5315583776646997,-0.005983045486948414,-1.3205687469543406,510.9362246836588,50.0,0.8744158303980898,246.87122866430343,0.7974048942205357,0.0007182222306707424,0.00015454452536278133,0.00383424366309777,0.0029677755775876923,0.0008449558462709372,0.007345385974151033,0.48386177506246375,4.936245601790029,0.004239220516879681,0.0010786984800594233,512.0390095002531,2.4397153936331115,0.3923011865276926,0.06752135662947516,0.1517957761549786,0.03016033560522155,0.06416077297720899,0.014045492314412504,0.010249852633590701,0.003985967524159234,Voltage Sag,voltage_sag_123
-0.006299615297794492,0.6554452397235881,0.655475512455814,1.0392484055111348,2.0784968110222697,1.5854877653871253,-0.006861292291174226,-1.2979991150943495,549.9496287093915,50.0,0.9076624508166022,284.0526191654335,0.8579402356362675,0.0009905552061923906,0.00023863804946527568,0.006995339742341461,0.002595168649805748,0.0008455791427036199,0.0076483333061453124,0.5196243844843664,5.2259175071131825,0.005665551814458999,0.0016660886279118387,551.5232502901106,2.5323480565223893,0.5045284966444353,0.07643900792967155,0.18923935754691718,0.0337328943329318,0.04998181530853704,0.012400015486453407,0.049956106751049584,0.008808879605703944,Voltage Sag,voltage_sag_124
-0.0043739048380156634,0.5854937883245029,0.5855101256256033,0.9802112062265044,1.9604224124530087,1.674114867232225,0.00450345243431224,-1.1273877330547741,438.8122972289406,50.0,0.794473806707036,290.39405406274614,0.6842475648059362,0.0010348286180728258,0.00025087467890389447,0.006406918723144884,0.0034324749343952925,0.0010567013653064526,0.006708522415523213,0.4901240140568965,4.060037062377285,0.006332242985513102,0.0017660169247352428,441.29126256810144,2.2650082222894423,0.4716747237885854,0.07400105615665346,0.17218813055275373,0.0321952469575676,0.05799926523407909,0.013358619309216429,0.05257994483149821,0.009040684614553523,Voltage Sag,voltage_sag_125
-0.010002102833532233,0.5874205604726065,0.5875057079952872,1.00616864870778,2.01233729741556,1.712610847883266,-0.01542575266197193,-1.0855305510041755,441.8085848666159,50.0,0.7953041449434806,299.4659760164575,0.6886230715286685,0.0012187191793922945,0.0002812591291834226,0.007192800743153415,0.003023349060471782,0.0010309045118475193,0.0067115595867578825,0.5030909465031501,4.036102637582647,0.0069588376971132645,0.0019694077775521956,443.10113140740407,2.2698763661436696,0.47382172630569624,0.07414098529095292,0.1791395177017121,0.03283383566729631,0.06198615447564708,0.013809171187893838,0.05751799613245914,0.00945323620095432,Voltage Sag,voltage_sag_126
0.0055720998728922225,0.6147391910759336,0.6147644437845171,1.01455074181127,2.02910148362254,1.6503081010411085,0.0047587478380393695,-1.0810400025847657,483.757211317359,50.0,0.8220537754470347,358.7034774641178,0.7520940272359973,0.0027506441795887983,0.0007276023939548048,0.009559164027651766,0.007081894055756421,0.002029808728550846,0.0075322006784819965,0.5073535899071664,4.493680828573831,0.016609660323634153,0.005091009450746984,483.3229503588818,2.3703736978239456,0.5489048351703439,0.07958357909452081,0.30686756227972556,0.04298071278494269,0.20087389310305506,0.024846434835619092,0.08253276886978521,0.011314419288412942,Voltage Sag,voltage_sag_127
0.01698821763110845,0.5639267214298185,0.5641825473026137,0.9590558167187889,1.9181116334375776,1.699903375782156,0.005694492482253239,-0.9511316414066067,407.4264917515085,50.0,0.7415852579308232,262.58777291053394,0.634707785182109,0.0012844100836766862,0.00023728410597534172,0.004269008338625577,0.003946845223014749,0.001169169718038521,0.006414361345891231,0.47958618395295033,3.745634440074132,0.0069174085135849965,0.00168150993451023,408.420765593528,2.177131890655086,0.3737567010734732,0.06591460528688758,0.17712478878803933,0.032658825935011696,0.05149803773492537,0.012587259418923542,0.04903203767346469,0.008731707889742242,Voltage Sag,voltage_sag_128
0.007725077171806605,0.5638429974645484,0.5638959146927003,0.9825913837325527,1.9651827674651055,1.7425048810050017,0.022561932083184525,-0.9835907969147795,407.01261133710983,50.0,0.7510836507612723,353.87660963971985,0.6328391587143898,0.0022596388937235466,0.0005816018871406439,0.011021630237439644,0.005092158136522187,0.001803120215645102,0.006778638393617392,0.4913273421335891,3.6692142790609896,0.013448184844702277,0.004135901637838058,405.92076849593593,2.172251179560111,1.093008265644378,0.11272782538419282,0.2404598759016186,0.03786794335184868,0.10839600875245153,0.018250446708051357,0.08368300821248753,0.011395762686646074,Voltage Sag,voltage_sag_129
0.009118698759405047,0.6505926295958704,0.6506565302458235,1.0164909398435136,2.0329818796870267,1.562254265638297,0.0018800553662935626,-1.2576010392028243,541.8930180499638,50.0,0.8910406668374218,319.489325114385,0.8441333190052719,0.001890795378663961,0.0004382710258677853,0.009231232988425883,0.004217733227232201,0.0006295355718591449,0.007834448849675055,0.5083924579423994,5.180230799666559,0.010491507210432093,0.0030878005133241045,541.3532071711529,2.5086555692075057,0.5867981769376139,0.08256669133961317,0.26157342461625155,0.039611021338871163,0.07175123852376734,0.01482157398898971,0.025927290979657003,0.006335731950454478,Voltage Sag,voltage_sag_130
-0.0035582840667619047,0.6448796822381629,0.6448894990221921,1.0173416340779482,2.0346832681558964,1.5775441151063956,-0.005943416735307281,-1.307393062299482,532.3295564148401,50.0,0.8948249908326298,295.40666838634195,0.8303096709685706,0.001077099848112642,0.0002666206496044366,0.007165599963935359,0.0037242685169381735,0.0009715114063304919,0.007619907776248385,0.5087368273674641,5.06749953576251,0.00615935644160181,0.0018803178743814072,534.9042599450413,2.493711672761541,0.31885373223126784,0.060887012427151284,0.25524623121081536,0.03921010264621658,0.06837959289588463,0.014505109774298232,0.015848551623263863,0.004952092208598249,Voltage Sag,voltage_sag_131
0.0149986705955874,0.6303874021457296,0.6305658069572729,1.0450390180952949,2.0900780361905897,1.6573036573872604,0.011543877753601502,-1.1126431572113271,508.94494323670637,50.0,0.8528171069167435,244.14388677894118,0.7937239847990258,0.0010203513651573237,0.000188843694879581,0.0030379634871582953,0.002748412630494856,0.0010447603977023342,0.007188829598735905,0.5226461234242784,4.739650437958584,0.005482101202038452,0.0013387049768596416,509.996190121786,2.4336075131334964,0.3705954857075457,0.06564484558690845,0.17584116039454634,0.032540547425534035,0.041989853066800975,0.011364857281120112,0.03906159504396344,0.007789178359392103,Voltage Sag,voltage_sag_132
-0.0001930312818872043,0.683726704940012,0.6837267321885272,1.047401964238772,2.094803928477544,1.531901437997944,0.0008079670740328809,-1.3185793707851556,598.3772727157786,50.0,0.9448719073738525,130.372456536854,0.9345613865644723,0.00036426610266966473,3.0338168276035508e-05,0.00040172675558783404,0.00042349813351277794,0.0003825517054581886,0.0076935336849156336,0.5238064195345855,5.788162009658113,0.0020949071604474396,0.00020993434262663274,598.7552370609683,2.6385406539332776,0.3939254729429114,0.06763696562724282,0.11140087435757513,0.025817981824559303,0.014284010993077322,0.006625917815994289,0.004279846045101745,0.002579647558648787,Voltage Sag,voltage_sag_133
-0.0019202468060460554,0.6480265427710633,0.64802938782405,1.03725865457062,2.07451730914124,1.6006352089245854,-0.003580634681342149,-1.3258815677427942,537.5258719790245,50.0,0.9027331052929137,270.294891983839,0.838874604194031,0.0007442552126979063,0.00019142509754739524,0.006478103300597929,0.0023252442622014426,0.0004108402288918233,0.007531494809486029,0.5187553806661256,5.083934844571947,0.004381569770836092,0.0013344031240672815,538.4173603949491,2.5020094947186347,0.5123431550933543,0.07716413229505753,0.16096951552807812,0.03105630375499346,0.06047705538231356,0.013638366379746398,0.02930744455233653,0.006751134459162319,Voltage Sag,voltage_sag_134
-0.015471531901688668,0.5937839901729532,0.5939855177402046,0.9821825820850706,1.9643651641701412,1.6535463454060186,-0.006683402578068792,-1.1261387710102595,451.60805796492656,50.0,0.8044087169276933,172.20574867339397,0.7047846518427427,0.0005342303213117606,5.9744947555662666e-05,0.00100999211825971,0.0010921437420659062,0.000560969428694945,0.006584039201937321,0.49111078369114697,4.215876277365217,0.0026437803035145643,0.0004174860702310068,452.316424458273,2.293150512164972,0.3794838868351128,0.06641011417866706,0.12344682379035976,0.027267261394450928,0.012152953811023092,0.006111357597778212,0.009905564796491125,0.003922160663331091,Voltage Sag,voltage_sag_135
-0.0019287348581708108,0.6219456869005936,0.6219486775228357,0.9743013200542807,1.9486026401085614,1.5665300936618545,-0.00020405758297393055,-1.3850005042351223,495.1298015646774,50.0,0.8707813963693527,225.37746613440657,0.7731936380632023,0.0003304088299883332,8.241596803797629e-05,0.003247581561071995,0.0023169704365718223,0.000539980703940109,0.00708547330975526,0.4872102500382945,4.733178976371506,0.002000814226467861,0.0005769124805304613,497.6158822579689,2.405141371443643,0.3316655006188639,0.06200995530506721,0.12164853172753701,0.02706124361587708,0.022761855583713127,0.008368557514579423,0.017268598718930085,0.005181892528275438,Voltage Sag,voltage_sag_136
0.008732238609008663,0.6317263997332304,0.6317867489201036,1.0244915752986703,2.0489831505973406,1.6215781306717578,0.01688497485771607,-1.220673130510292,510.9177550221234,50.0,0.8644563853055253,311.9549872921566,0.79612134709826,0.0015840942205006072,0.00038514968147948346,0.009562578380526003,0.001168368288756442,0.0005588401142098653,0.007531123466772644,0.5122495762889846,4.798905567359237,0.009024935081534945,0.002715977927576142,512.328859294746,2.439675315254258,0.635588944169269,0.08562025541556822,0.2166098331873366,0.03611927175537142,0.07246628537363164,0.014909129355110278,0.0479927617415269,0.008628746062039127,Voltage Sag,voltage_sag_137
0.01091400062107634,0.628252166889829,0.6283469587825841,0.9738254155724964,1.9476508311449927,1.5498211648190732,0.007427151947877026,-1.3179345598716026,505.3694727824926,50.0,0.8709453020336188,229.72712348701816,0.7887939730109297,0.0005750778077551908,0.0001113925304868553,0.003290340109529004,0.0025462003590300134,0.0007120633188146231,0.007201518332367844,0.4870113138074503,4.857231874762716,0.00316117753763523,0.0007862744000744974,506.4724296172349,2.425687991735006,0.2991694048868422,0.05887734591931351,0.1603352334399586,0.03096065363880494,0.014882053899906584,0.006766066908376748,0.02241851684972369,0.005901649243141083,Voltage Sag,voltage_sag_138
0.006428729293092655,0.5671366885910119,0.5671731235754232,0.9909729694330401,1.9819459388660803,1.7472142600556646,0.001436423519301263,-0.9154617725021148,411.75725069606676,50.0,0.7498444668553447,334.3037902775193,0.6407619480574144,0.0019190715226558277,0.00047318493880961645,0.009359587116609506,0.004732501598808632,0.0015115709350775458,0.006636854556054869,0.4954991194112522,3.7133297551087097,0.011449294863104906,0.003352723997706452,411.1973541851226,2.1863852966356525,0.5689803936822415,0.08112221767911514,0.2732328232707324,0.040569823525037185,0.0932331439643433,0.016934129742922847,0.08954868110656046,0.011792888961216748,Voltage Sag,voltage_sag_139
0.005078375275380617,0.5425320692978508,0.5425558368610972,0.9506241961870833,1.9012483923741665,1.7521223284318033,0.01356584490688434,-0.9141252206188168,376.7895502234183,50.0,0.7148524743028423,374.28220949051246,0.5851648982325074,0.0025755412644159134,0.0007080933323665628,0.008910128246999225,0.006922430351725813,0.0021556372293521486,0.006601204454431289,0.47537535164000005,3.3803095203059876,0.015881718642292052,0.004932085932614053,376.0256193701409,2.0907542148489116,0.7694557225655262,0.0942394916232889,0.40106311334812106,0.04889113052459747,0.051370185654114324,0.012571302835475915,0.14877278392148446,0.015210888021247496,Voltage Sag,voltage_sag_140
0.004612159183528125,0.57757017724961,0.5775885920449608,1.0272001891772267,2.0544003783544533,1.7784288043824257,0.015898263098699884,-0.8793628570950851,427.01898452541457,50.0,0.7625266355771763,381.18222194934384,0.6628469139993716,0.0032158507779500543,0.0008277722454392191,5.857165381519813e-17,4.6750220700094627e-17,0.0023388451179544513,0.007033075822828615,0.5137167950591526,3.7939042277125132,0.018445722738755003,0.005769174954073418,425.67155465708123,2.2246898468733045,1.2173157527094862,0.11866381288355839,0.3579562184298351,0.04635938890827891,0.13091230111877816,0.019981359773073127,0.048694392129691975,0.008679634826868614,Voltage Sag,voltage_sag_141
-0.0015903402813919442,0.6148661401828244,0.6148681968727406,0.9652812893784757,1.9305625787569514,1.5698995236481392,-0.0030137639529242703,-1.3794699580919685,483.92051139268517,50.0,0.8608434848233614,245.42674655079736,0.7555332405394951,0.0004366947270583892,0.00011234118296084666,0.0050172502368430105,0.0015341186739820203,0.0005850725015374157,0.007079148924116954,0.4826981791288814,4.620074148405241,0.002576639646564118,0.0007815183117669973,484.2327845614711,2.372851362564267,0.3185866706573012,0.06086389369463875,0.14436100198899043,0.02948734953991461,0.04212300529034758,0.011382373089004626,0.006598938217553384,0.0031954133228558625,Voltage Sag,voltage_sag_142
-0.0026151597789501936,0.6274257253402322,0.6274311754124001,0.9567040198982826,1.9134080397965652,1.524795160629263,-0.0032318680003775063,-1.4026123493770957,503.897446245614,50.0,0.8781993129226782,257.43209480660107,0.7866211190238386,0.0005206432270765943,0.00014014105294394576,0.005556772424961928,0.0017660736401926302,0.0006520851178915775,0.0073126236066835,0.4784820318295698,4.871967150160625,0.0032315191731668016,0.0009744305098338849,503.7176695017456,2.4201557111139045,0.3576465556446992,0.06446207209008979,0.1267382057712199,0.027627823998963186,0.030626439580576308,0.00970693286800841,0.02930768777815615,0.006746577894539712,Voltage Sag,voltage_sag_143
-0.0036464530555537444,0.6531243982995414,0.6531345774601314,1.0161308615956848,2.0322617231913696,1.5557756343961986,-0.006131939618631813,-1.2815202358151345,546.0285136307511,50.0,0.8999207933123902,342.8563891110926,0.8502022517735311,0.0022047360845295775,0.0005457847145734106,0.005563235224469306,0.005006886964463713,0.0019067922271252913,0.00802414619078865,0.5081726628614546,5.221956480367934,0.012323125374190932,0.0038453961861544374,545.2151096118749,2.5178567691785307,0.8185428736420368,0.09753821873447614,0.14430108698387978,0.02948348961231597,0.2150232426858042,0.02568967095340985,0.03247336905192349,0.007088093054349396,Voltage Sag,voltage_sag_144
0.0072643310861786,0.6530241864961305,0.6530645899565085,1.0052184810549811,2.0104369621099623,1.5392328668752129,0.010712203054470801,-1.4043048848817936,545.9114990784802,50.0,0.9155360999379418,164.4531810590323,0.8526979162800076,0.00019228474029404073,3.2216221806380315e-05,0.001375454944951956,0.0013100869786802738,0.00027254237485297144,0.007323472178895323,0.5026092464279666,5.262062365270663,0.0010150091152746356,0.00022856388425468313,546.5977037676656,2.5205344447154205,0.32415178039842185,0.061384845108773976,0.10781417903397782,0.02546011840596574,0.014935894208017188,0.006769511721916542,0.002470222383350239,0.0019568683698071975,Voltage Sag,voltage_sag_145
-0.002750197183891459,0.6745847526926182,0.674590358773316,1.049936502090142,2.099873004180284,1.5564060298724165,0.0008468651287555868,-1.3985175746952168,582.4923547518863,50.0,0.9447654940948631,220.35660874606472,0.9096832147458042,0.00034079169316420774,8.242086345448528e-05,0.0037780577377197456,0.0018135884473307073,0.0005170196413178436,0.007612992409100131,0.5249710954612096,5.5854100685186285,0.0020809554942846495,0.0005818041968160628,583.2144365694495,2.6040902191393145,0.38326310475292014,0.06673297960651643,0.15914026580080753,0.030956095826773163,0.016367055461271762,0.007096119904532507,0.017288349208575894,0.005183096653037101,Voltage Sag,voltage_sag_146
0.0034395817094406535,0.646921714773523,0.6469308585682486,0.9818030906472837,1.9636061812945673,1.5176321822375858,-0.0022049328865092546,-1.368502056978451,535.7050057828496,50.0,0.9019713420116753,267.3474041208293,0.836023901990258,0.0007591096385138709,0.00017808477338520132,0.0053573146950804075,0.003213511347967516,0.0005225067593488276,0.007583532053606025,0.4909163193814511,5.1912476089585375,0.004403225717612495,0.0012667809725443152,535.9674648895842,2.4961889791021052,0.4269380655835136,0.07044643660190589,0.21463727167308563,0.03589593135853348,0.022314552765878737,0.008286120913917264,0.034249872047983194,0.007293411173519293,Voltage Sag,voltage_sag_147
0.0019057956228064553,0.5839471129033774,0.5839502228145356,0.9852989625124715,1.970597925024943,1.6872995745456172,-0.0006980006906995454,-1.1018018937623417,436.4772642881865,50.0,0.7920278116104515,298.96740482084385,0.6803534031462158,0.0012119758203552261,0.000312703215641809,0.00365029122484514,0.003373542036738079,0.0006037069268902055,0.006840658652506433,0.4926668847534235,4.018540480730259,0.007494214145419146,0.002183423830068099,437.8789902847001,2.2559698968359627,0.6356611891619098,0.08584537386695999,0.14843171642602138,0.0299010698181633,0.10426684678234088,0.01790607012808317,0.03448075165161989,0.007313054406743387,Voltage Sag,voltage_sag_148
0.004225180288873104,0.6360137991790126,0.6360278334275905,0.982154343301564,1.964308686603128,1.544200256154096,0.0025140730946013575,-1.3825154235160035,517.8001982650813,50.0,0.8893883366738387,243.1508958471072,0.8084539463383922,0.0004470931025214697,0.00010521169481371642,0.004576704605590258,0.0015365180613509924,0.000642692583734275,0.007246727774932789,0.49107728411204504,4.981596864248895,0.002586346992141845,0.0007405481152798674,519.440752470685,2.457060862421525,0.2816355634963691,0.057098742810928985,0.15730585463618485,0.030675154588613782,0.02456258969554702,0.008675015357812265,0.006294728559731843,0.0031242562301474325,Voltage Sag,voltage_sag_149
-0.0116739087625413,0.6218898271156791,0.6219993868290912,0.96414977471857,1.9282995494371398,1.5500815517394433,-0.005701696254647924,-1.3186536641024145,495.2105436361797,50.0,0.8607503684737535,224.54880025190408,0.7728961694950554,0.0005930160619619479,0.00010371491101716229,0.00300791396877837,0.002333746892830902,0.0005452894395869855,0.007093434424328331,0.482195434803928,4.760143919085176,0.0030870603261729697,0.0007324581291842428,497.4196415065374,2.4049842028071278,0.32136279791013034,0.06111456970279628,0.15420785881565943,0.03039431700529224,0.016487327376593783,0.007120469566355267,0.021314770410193667,0.005755408767358213,Voltage Sag,voltage_sag_150
0.0027052653994259603,0.6131854801458926,0.6131914476920157,0.9567153381086438,1.9134306762172877,1.5602228989136322,0.007893895977698245,-1.3544186183955256,481.28480194896656,50.0,0.8538809729926653,297.3354641954909,0.750790086317218,0.0008806299112115249,0.00024110468361668015,0.004848362697086153,0.00393574691482085,0.00115497310150765,0.007268809676969317,0.4783759240093708,4.603913795892731,0.00538592965069921,0.001677638069696871,480.94465124828673,2.364800473339495,0.42709530341747565,0.07016237510195128,0.18836212080494755,0.03349112049731708,0.03512632514073026,0.010379932632365776,0.0303108504400485,0.006857523761656716,Voltage Sag,voltage_sag_151
-0.002656081683039535,0.6046247110949137,0.6046305450740269,0.953318269533365,1.9066365390667297,1.576695516458022,-0.0029206061920276313,-1.2013729075254111,467.93996292673904,50.0,0.8209854936075034,371.0456365670074,0.7271675732504671,0.0029783098381544566,0.0007307493035003759,0.007874467448254038,0.006645579101219103,0.0015913462913368323,0.007595930158840204,0.47674191751399586,4.440841974252526,0.01660553164548366,0.005185178696292722,467.95831368798673,2.332574745884932,0.8406737499098855,0.09883043611876716,0.4422738120723324,0.051558886434574944,0.10538809981754667,0.018007169810074275,0.1565246334333738,0.015590869687985317,Voltage Sag,voltage_sag_152
-0.0021797544342940013,0.5932093464146418,0.5932133511672512,1.035955037214237,2.071910074428474,1.7463447765868176,0.0016188899733934586,-0.8876717968158303,450.43466240394287,50.0,0.7788695680605756,326.89108830103254,0.7008909910050255,0.0021512657656709896,0.000554644167439611,0.004224064135453353,0.0039893497819282805,0.0013736864736183542,0.0069925542335935445,0.5180400486810269,4.063465845665465,0.013302487165441013,0.00388226133574368,452.19941478168977,2.292779821132728,0.6229469611345293,0.08448662961836957,0.19594786111594004,0.034302780010450465,0.16898347777215816,0.02276723514139675,0.0324983906631541,0.00710893722979402,Voltage Sag,voltage_sag_153
0.004230074835678152,0.5988899071533467,0.5989048458839348,0.9894469969107454,1.978893993821491,1.6520938237671967,0.003951087222562525,-1.181608411217951,459.1193784617724,50.0,0.8190476243742767,308.25141900825355,0.71570549348754,0.001209476414852747,0.00032277061776465345,0.006909901150086032,0.0045963908993116856,0.0006723626306572946,0.007059809692768897,0.4947240758969378,4.2728810654318075,0.007542018578103941,0.0022544429554017123,460.5401363184175,2.31350155874305,0.41304683716241236,0.06920931715225066,0.14126115466778968,0.029169878812676832,0.05592968968997233,0.0131044978061825,0.05509373035858355,0.009248714937618632,Voltage Sag,voltage_sag_154
0.006702898259746373,0.6443456592746917,0.644380522262442,1.0250010239138911,2.0500020478277823,1.5906766087737831,0.008809899010965348,-1.2002026701639896,531.4896095631585,50.0,0.8751350563768604,357.4159597368799,0.8265878291350212,0.002838929255188563,0.0007116226444107017,0.00489101310713581,0.004617826716393084,0.0015366189791411067,0.007983387693181172,0.5125132993974116,5.027876536688799,0.016424359003300287,0.005087915195092416,530.8990548836183,2.484133039104035,1.118654486148457,0.11403978341452488,0.28175949911344106,0.041183754294855976,0.09490574217283339,0.017087898982040765,0.15345844480143744,0.015437431910316103,Voltage Sag,voltage_sag_155
-0.016345805909037094,0.6467388609257307,0.6469453915148693,1.024901977351243,2.049803954702486,1.5842171391773532,0.0005295329226860741,-1.207449039522311,535.7290746909792,50.0,0.8782618095526461,252.11172812760975,0.8352566922346988,0.0012442173291232037,0.0002271257251272532,0.0033112604923385873,0.0029956573101092058,0.0011387466433450588,0.007530197676935149,0.5125745405285698,5.101320558936607,0.006506394600279622,0.001590337130934279,535.4441198794193,2.49455839321438,0.4825263917371625,0.07481564509674768,0.13552096265472313,0.02857046730660229,0.027733180120839522,0.0092354060873865,0.04639556320826793,0.008488966532388828,Voltage Sag,voltage_sag_156
-0.007107574076918355,0.674894686556548,0.6749321118094175,1.0320980948713274,2.064196189742655,1.5291880128548911,-0.005729338449301806,-1.359697255487186,583.0826951059457,50.0,0.9393882892649031,278.05714089011326,0.9097158472965521,0.000989216824798383,0.00022709130832833347,0.00658094989378088,0.0030659411588018215,0.0004904253353894101,0.007933003299090136,0.5161553811403451,5.630802175947467,0.005478335451560529,0.0016004476786659182,583.138202723275,2.6039644812793363,0.5819625016397182,0.08200305843904063,0.17716125600311544,0.03257844626636302,0.04439419028873862,0.0116667786574135,0.013430069632528746,0.0045602029469593,Voltage Sag,voltage_sag_157
-0.007786555677970636,0.618032871052762,0.6180819202589944,0.9946448048907567,1.9892896097815131,1.6092442964071205,-0.01690060101064527,-1.342760897324754,488.99233299333883,50.0,0.8613456051720745,209.75667693842576,0.7635226687408491,0.000366535887501678,7.377324832206772e-05,0.0019446303420811244,0.0017561117134807444,0.0006679813407932452,0.006988703244879269,0.49743647536006264,4.617507408567521,0.001985055151591091,0.0005211160556772638,489.3028729567511,2.3852592999280198,0.3148313798928763,0.06046316040235451,0.14668933874116696,0.02960308105948899,0.019653926057252066,0.0077504688003391786,0.00434543107274579,0.002593486326658574,Voltage Sag,voltage_sag_158
0.008306975773133,0.6316380334508783,0.6316926556072884,0.9692079678838155,1.938415935767631,1.5343030495589929,0.012060652008808202,-1.3574133329536124,510.765582269681,50.0,0.8805244317728889,237.63342083047112,0.797255711778609,0.0005667797371412221,0.000132002587516768,0.004643238137776607,0.002456510729493857,0.0008283328695082111,0.007350817400921195,0.4846150339517567,4.92805294292165,0.00326910536945397,0.0009150757125130231,510.71770791939167,2.4365944421136083,0.28942241288420134,0.058010292648231536,0.14475354139199714,0.02949303882753509,0.04215654165355118,0.011388090453285999,0.01870858081654154,0.005388363541338796,Voltage Sag,voltage_sag_159
-0.013014212543412357,0.5885240365128643,0.5886679125632044,1.0065898871923866,2.0131797743847732,1.7099452266860233,-0.01412260183663384,-0.9246136001447192,443.55828644034614,50.0,0.7728265761780035,336.2409751601745,0.6896550768951423,0.0024220262028041718,0.0005935938496812753,0.01148385675856385,0.0018948490595346156,0.0018413360968968014,0.007010884552170445,0.5033210325404822,4.0490061461793045,0.014248123518393739,0.00418446572929018,443.3729957692056,2.270478007015837,1.0075719917340795,0.10824003903917351,0.28598642265819196,0.041345689922296223,0.11304575572277342,0.018642890450095387,0.09809673007649564,0.01234055186963871,Voltage Sag,voltage_sag_160
-0.012642842927578935,0.6091457016114928,0.6092768888354861,0.9547489319661336,1.9094978639322673,1.567019772880903,-0.004969227203240988,-1.2665772710613026,475.1594589043831,50.0,0.8379919643097373,237.2320067483704,0.7413790348287133,0.0007154347630112577,0.00013401449407993968,0.003372036761455157,0.0028332718583848012,0.0008144351098222279,0.007018387824102032,0.47747295685730073,4.545743981159293,0.00389216527272029,0.0009477746455317408,476.0028214364312,2.3525707805423606,0.31085814362917363,0.060119795270114046,0.1514875071812074,0.030204795843365728,0.0538219670132127,0.012854784951479632,0.009377642057830343,0.003812590244941349,Voltage Sag,voltage_sag_161
0.0016959952842908854,0.6351541338193335,0.6351563981475683,1.0256558497616985,2.051311699523397,1.6148083413020886,-0.0008527737484738896,-1.1707710570666408,516.382272137974,50.0,0.8617440335623151,317.66714383149474,0.8044084617482476,0.0017876713999315078,0.00047177724059756996,0.003319228604237192,0.0031920749077585784,0.0016468385083597,0.0076428326364711,0.5128955159366432,4.859312314035762,0.011293567163267244,0.003360449492331769,518.2063917913051,2.4542088835005735,0.51296888823593,0.07716080789882152,0.24832815371652533,0.038476150210795965,0.09423049663325565,0.017018784139697447,0.07156391852664173,0.010539029520667367,Voltage Sag,voltage_sag_162
0.00019578543046940843,0.5800467810693594,0.5800468141114646,1.0021192407547326,2.004238481509465,1.7276523486954845,9.834074472326097e-06,-0.9392436252773768,430.6615123979009,50.0,0.7618930521321641,347.08441120245743,0.6694871979882429,0.0025143426636678994,0.0006620778385075176,0.012527775611231534,0.0014504157391758922,0.0019680631452738033,0.0069694163337230206,0.5010959235384628,3.9037575110951437,0.015435659556850672,0.004649061403496899,429.8968451177118,2.23574825366107,0.8879556402959862,0.1016110001738804,0.3000939224143415,0.0423188482307038,0.1182956120667604,0.01906984801339167,0.08850261863998166,0.011732013070660078,Voltage Sag,voltage_sag_163
-0.01594304018664925,0.5656933024826925,0.5659179207307082,0.9500727689814893,1.9001455379629786,1.6788172527794931,-0.006510632038452971,-1.0354522119708316,409.9367590453352,50.0,0.7556179713760238,231.3351340493603,0.6392301472523039,0.0008557256967881695,0.00013731117106333753,0.0028329283972155185,0.0025210352621697495,0.00049209723325983,0.00633504759255542,0.4750533732511374,3.795840491383344,0.0044884475052683675,0.0009722226996451463,409.8060763356647,2.182334038331585,0.3478826589154278,0.06357103630667695,0.13857661110714387,0.028840651675161748,0.03764145555688335,0.010761582861061854,0.026868019734464958,0.006460669609288863,Voltage Sag,voltage_sag_164
-0.011349035193478171,0.5827728313845989,0.5828833276049719,1.0390076387882825,2.078015277576565,1.782531065103049,-0.012150436351166477,-0.8189225858450486,434.8838062078015,50.0,0.7587991892782776,343.92488039507396,0.676075086476722,0.002484447523558697,0.0005984468085367696,0.01080212839698091,0.004611794303623759,0.0009679933799765066,0.006781102983334426,0.5195131980911809,3.873189028733462,0.014343624418458078,0.0041858577461758185,434.94853486665227,2.248823297910575,0.6298997336743745,0.08525858512287136,0.24513408587591146,0.03842740404114991,0.050849018942927385,0.012492973863376684,0.11446899597587658,0.01334068838816825,Voltage Sag,voltage_sag_165
0.007702438771642081,0.5726796192833911,0.5727314151551324,0.9713748872712756,1.9427497745425513,1.6960391233410326,0.002889711233752916,-1.0251433033368875,419.86723059916875,50.0,0.7652074666003394,328.7545567509433,0.6537017376327444,0.0016984105591302005,0.0004260084034792636,0.009579049114402386,0.0024001717122671823,0.0012469496964068283,0.006718510157647972,0.48575891373143604,3.8522396530480014,0.010255382307995687,0.00299533967055543,420.30370670682805,2.2099712354623415,0.4347929092976376,0.07103849873290308,0.30444703941260143,0.04282442654527195,0.15549625392341518,0.021862919777298043,0.025123716702130313,0.006237692645833587,Voltage Sag,voltage_sag_166
-0.0020182096933700462,0.6074718753387855,0.6074752278883374,0.9598722389722227,1.9197444779444455,1.5801010393580706,-0.002492912635420136,-1.1949024535769823,472.3534751974239,50.0,0.8238331216659397,376.255206132425,0.7338324742965575,0.0031415679273425964,0.0007823309547571277,0.006668808168689188,0.00600145465584206,0.0022856173227400914,0.007654702646800535,0.4799578485299409,4.476971941799387,0.017596209387217766,0.00551260031618999,471.27684188095174,2.3409320676841863,0.6676127168584561,0.08808849147394589,0.6103642999103851,0.0604036362059575,0.05548153941065902,0.013061632518956784,0.16647421601184587,0.016078745890111816,Voltage Sag,voltage_sag_167
0.006996355755931216,0.6671484612741665,0.6671851454988724,1.035938384247803,2.071876768495606,1.5527000132349336,0.0083581502511237,-1.2938416884363455,569.77410351917,50.0,0.9176649867524531,334.89754616048316,0.8872775177227513,0.0022019599896374773,0.0005405492980709219,0.010356321149591612,0.005339560302048073,0.0013142161316514554,0.008181599764205062,0.5180140943109471,5.456307842340428,0.012605648051624412,0.003873405991422593,569.346198134539,2.5726639116347267,0.6690776743350652,0.0881619476030051,0.24532605067328125,0.0384357675249402,0.08230156715255732,0.015910250175310135,0.11670670823628666,0.013472224687312923,Voltage Sag,voltage_sag_168
-0.0039040172855732943,0.6167647212638007,0.6167770770274944,0.9762423304043284,1.9524846608086568,1.5828122781535008,-0.003522876735431946,-1.366684550673708,486.9298723156221,50.0,0.8618902926876266,238.76421597990654,0.7602947367445414,0.00039053357901962867,9.311031887705042e-05,0.004295807610843168,0.001475224717970384,0.0005976280261966154,0.006972303950517361,0.4882403588660791,4.6324910435561,0.0022953630569094415,0.0006565174916769102,487.9514555122584,2.3819345025811534,0.28325785703297285,0.05737833858568448,0.1153698293250372,0.02634310596307968,0.026865763445503604,0.009090576346687864,0.01960476837951853,0.0055195174693011525,Voltage Sag,voltage_sag_169
-0.017216597817809876,0.5695815243223975,0.5698416658071311,0.9597976749944681,1.9195953499889362,1.6843234403249785,-0.003523588921722367,-1.0128551916578925,415.6409908350031,50.0,0.757329653201914,208.2649679589762,0.6482002775842184,0.000796424742982044,0.00010857660028568521,0.0018662418449911157,0.0017373430571124397,0.0006631167506901457,0.006321566516748249,0.4799915528588396,3.8441312505573872,0.0040562409812995495,0.0007634471041609532,415.43243089145113,2.1970099699116945,0.407685452703729,0.06874597125747554,0.11852352530614636,0.02658893803379983,0.01478279927531034,0.0067440419629576,0.020017234203015925,0.005578561298581684,Voltage Sag,voltage_sag_170
0.001497051137765154,0.6789568889041743,0.6789585393472449,1.0352366157873827,2.0704732315747654,1.5247420214806358,0.0016119646051890816,-1.4072902253682327,590.0604136352567,50.0,0.9525187699179897,236.27860842475744,0.9213453913834884,0.00046232888535658993,0.00011687802026762128,0.005192555374643091,0.0010117015401363131,0.0008655565807908141,0.007832729921857526,0.5176191158965133,5.706772436039079,0.002694285496850346,0.0008116344375318487,591.8630623860116,2.6229833052378706,0.3563517708646961,0.06433597181623742,0.15594984259894906,0.0305667970113721,0.0533525835258413,0.012802684308383369,0.006851478680057436,0.003255999245421475,Voltage Sag,voltage_sag_171
0.011757101160469857,0.565574875120777,0.5656970645103083,0.9542314315111227,1.9084628630222453,1.6868240819588831,0.018892403024088504,-1.1754842747963168,409.6168560583423,50.0,0.7748668601244407,187.39551741273502,0.6393784207331823,0.0004241013632674711,6.3294614539608e-05,0.0013577921444319705,0.0016940202854107398,0.00011202197317485661,0.006306650687453088,0.4772087551472081,3.7797487674332224,0.002174002629740276,0.000447343075124691,409.9034823011576,2.1823071034062576,0.31283224372260515,0.06030907664185865,0.12715752748243697,0.027644168830901296,0.013009458947937617,0.006325002448890209,0.012692367475372548,0.0044428562959365,Voltage Sag,voltage_sag_172
-0.009523001692766311,0.6372571702510161,0.6373283208814535,1.0304728896750086,2.060945779350017,1.6168634845038767,-0.01236417068453865,-1.2298785666273748,519.9198574048935,50.0,0.8740041206814666,292.8480094815813,0.8106496753576202,0.0012393902461990893,0.00028984217541179214,0.007687025983791851,0.0022042614173021853,0.0007237335015643925,0.0074582154259926715,0.5153095482722364,4.894352665230731,0.006978683767962383,0.0020165354899681523,519.3796965837392,2.4573290936400904,0.6800106619172044,0.08879693768556762,0.19356312311213783,0.034103260596997774,0.0622377014429116,0.013828343666272584,0.052923933224564686,0.00906578008940034,Voltage Sag,voltage_sag_173
0.0033731336021400244,0.6250411208826331,0.6250502226417619,1.046790595132298,2.093581190264596,1.6747303771949467,0.006904458489520589,-1.0257813240885525,500.08035945538063,50.0,0.8323818150283534,384.143381703401,0.7763269442977608,0.0037322757172895673,0.0009535468092202149,0.004711488784325901,0.0045304559821158896,0.0009456062014048469,0.0077567400421494,0.523544236427287,4.600385917747162,0.02126438415893402,0.006664243798095668,499.08359044814244,2.4087977158474927,1.0405290984120177,0.10996130341062142,0.4658628216143141,0.05290930022949101,0.20677785902337242,0.02521514722956145,0.1318595118004997,0.014320231090503063,Voltage Sag,voltage_sag_174
-0.0032145826882998526,0.5936909021677843,0.5936996049002035,0.9820346224708943,1.9640692449417887,1.6540934411339436,0.004409231457101803,-1.1983727445298749,451.17340269908175,50.0,0.8154443169217949,261.94008648357504,0.7040428745948498,0.0006890502376537936,0.00015834457586299999,0.004835980747515816,0.0028090797932739937,0.0007643457079557321,0.006709396002885424,0.4910542813205928,4.202197943316769,0.004120306467765791,0.0011156186484882241,450.9302420371639,2.2898373711181317,0.4246872644166462,0.07025657675876032,0.17087504285114113,0.03200904310083515,0.06682652073939933,0.014334264482494849,0.009273167572068426,0.0037925287623573017,Voltage Sag,voltage_sag_175
-0.005749499825101434,0.6342069244416272,0.6342329853909734,0.9857028157734196,1.9714056315468391,1.554165170334413,-0.013268284570032632,-1.3812906780475909,514.8818940901717,50.0,0.8871710294142285,234.01602096394228,0.803889136952355,0.00044034771121975735,0.00010235242878124102,0.0028715310872537746,0.002431833880756696,0.0006010306081239206,0.007285895879968869,0.49293363957639574,4.9389535689214785,0.0025023064655121763,0.0007291132232553356,515.1288608236126,2.4474203381149056,0.41996504236620885,0.06987733335771514,0.10723521017294294,0.025412150635003444,0.04146711551601956,0.011295623885859987,0.006138612011397264,0.0030822033548236565,Voltage Sag,voltage_sag_176
0.003992091673035203,0.6560199972113692,0.6560321436767643,1.0430323007109132,2.0860646014218265,1.5899103584522516,-0.0008981977981268472,-1.2657338015301098,550.8840621275274,50.0,0.9049248879891216,285.5420510832871,0.8592965365224541,0.001081787375369354,0.00026414143960991733,0.006375584120570323,0.0040412047938693345,0.0004641907832053112,0.007684364020415147,0.5216389809828491,5.227626553307811,0.006425508801643737,0.0018677979057177756,550.8054448107018,2.5305207499602376,0.6709110833446801,0.088257571101488,0.16074827693391505,0.031096578747477118,0.06248979724512392,0.013865276856732724,0.055914901859921554,0.009324374397113285,Voltage Sag,voltage_sag_177
0.002556997149607615,0.6207911849130716,0.6207964509404017,0.996032088057708,1.992064176115416,1.604442303990758,-0.005524988291667993,-1.209281644950398,493.2969388802542,50.0,0.8467240312495511,271.0069457833332,0.7694460305324454,0.000997188786851296,0.00023979482003725957,0.0056166481714889265,0.0038349108870503216,0.0010442336494648982,0.007229097820487318,0.4980908955724875,4.665101082718948,0.006231847021537042,0.0016762008165499792,494.40660422868194,2.3973060759658322,0.36455800776453556,0.06508910842685829,0.1634341678578689,0.031375843829806405,0.05359730680488553,0.012841854333427775,0.044219441696113936,0.008291849998592856,Voltage Sag,voltage_sag_178
0.0031594786042475316,0.5879244394917362,0.5879329288760096,0.9877148062919235,1.975429612583847,1.6799787148825354,-0.005412323079048605,-1.1152694118527757,442.45136493660533,50.0,0.7965713371124853,277.8689123145757,0.6900421823570222,0.000965756117436733,0.0002288250680048348,0.005705002311811689,0.0035835675227478075,0.000981884498614582,0.00673109926014668,0.49392963937798656,4.087291341383985,0.005931742409558072,0.0016082818140011744,442.0482811612235,2.2671354129308035,0.5028918360058091,0.07646394799387972,0.17185317494737953,0.03208271794124219,0.052392656855358516,0.012696745881913604,0.04485388284119111,0.008350639205645391,Voltage Sag,voltage_sag_179
0.002035608795916363,0.6339574818479417,0.6339607499633974,0.9713775841196001,1.9427551682392001,1.5322361584280284,0.0032107400012147884,-1.3896680726121255,514.4399775925161,50.0,0.8857651469544077,274.17013817381826,0.8028582576721666,0.0006922539470004692,0.00018863409733851637,0.0061724966591549186,0.0028737405747980447,0.0004709467159679045,0.007456967410374603,0.4857269486280073,4.962572040877772,0.004277921357648583,0.0013097779122662292,515.1481138485407,2.4472175436296966,0.36286896053538575,0.06462470958709664,0.13799548633581885,0.028826498627711413,0.03988813841331275,0.011065031856114961,0.0219174038905268,0.005838228422584661,Voltage Sag,voltage_sag_180
-0.00018687625955630393,0.7016103680519956,0.7016103929395524,1.042552667970742,2.085105335941484,1.4859424524788614,0.0006019772405735557,-1.4336011022988104,630.0891436554151,50.0,0.9856977315685185,151.73555248907996,0.9842860195651407,0.00018421098275049402,3.28434456275727e-05,0.0009761058943591595,0.0012037143144400474,0.00044387557559508054,0.007942606830827089,0.5213752429812525,6.16277718975215,0.0010934299091299804,0.0002253726552036796,631.2310847889257,2.7090505884877674,0.32993491296983307,0.061925183188425326,0.11774048808070012,0.026607910771916484,0.022187496653055836,0.008248867710060783,0.0018343408775810663,0.0016848124115976845,Voltage Sag,voltage_sag_181
-0.00047968952310075975,0.6355142884738321,0.6355144695098922,0.989159730396259,1.978319460792518,1.556470824586482,-0.0003581931047050767,-1.2349429556278941,516.9646604242428,50.0,0.8627580506373935,386.2124046515014,0.8031140057633323,0.003350404771984032,0.000939694649653015,0.0009593790462016591,0.0009593790462015655,0.0009593790462015606,0.008120723394545282,0.4946242367132473,4.930729898278551,0.02128812523798683,0.006675452800704549,517.824778104624,2.4533901851558624,1.637664779949525,0.1379924883318582,0.2384997689715568,0.03790143222835132,0.2769366036207622,0.02918274435261523,0.12823040742529954,0.014105647298245826,Voltage Sag,voltage_sag_182
-0.004283294742874602,0.6457391056415681,0.6457533113880459,1.0179619189043014,2.035923837808603,1.5763944233048024,-0.013669458385305379,-1.3403621934475056,533.7565941358421,50.0,0.9004522612366612,276.2213570969965,0.832943956497883,0.0007529487870329513,0.00020372988273068828,0.00633334937997954,0.003250026339599598,0.0008013791099099963,0.00755583145265641,0.5090209402834962,5.08394935140515,0.004656750798405165,0.0014368456065745854,534.3667509340197,2.492670180277822,0.4950598004742911,0.07587082671248731,0.21633359237617705,0.036042784352852714,0.061913305857648246,0.013765236611730907,0.012136016964517578,0.0043444276055066055,Voltage Sag,voltage_sag_183
-0.001614045108276513,0.5904710405941018,0.5904732465759079,0.9996183056791215,1.999236611358243,1.6929104095301688,-0.0051812773447533975,-1.0610771830248875,446.283078300023,50.0,0.795852171003155,369.5005018411896,0.6940616501552023,0.0023450301320984118,0.0006595132433060478,0.0031845411856084027,0.003107915354034714,0.0021099086720104175,0.007218929098961567,0.4998208741219655,4.0866181947677855,0.0149288149364382,0.004693202978945007,446.1377488281801,2.2775790979136485,0.5855632841929344,0.08202060892978762,0.2922344687386085,0.04186043193847997,0.13551994325848798,0.020419711697563098,0.1418101512314785,0.014850742594547354,Voltage Sag,voltage_sag_184
-0.00041507234171221375,0.6423540087095111,0.6423541428139368,1.0375849054652395,2.075169810930479,1.6152848348082802,2.9057879334937144e-05,-1.1615688873917787,528.1521213314912,50.0,0.8662254263414851,341.37609563541696,0.8218516936412368,0.0024671786109484377,0.0006722722490759685,0.012492772704604036,0.0029605427156202653,0.0019141088010626514,0.00785853126794589,0.5189381809891271,4.963081987950222,0.015446630841255915,0.004691544273398091,527.4382238153698,2.476433141849545,1.0897675554015998,0.11253449729227996,0.2638909570691256,0.039535031389257076,0.08159371830178477,0.0158288855530155,0.09190938953189172,0.011955681282849712,Voltage Sag,voltage_sag_185
-0.00798288298609599,0.6474351248018738,0.647484337453801,1.0274905514499344,2.054981102899869,1.5868963803648155,-0.013222548115306522,-1.379386971087847,536.6220380774241,50.0,0.9056473863667017,158.7948039989793,0.8381776846528498,0.00019207494217407615,2.8524333598692825e-05,0.0012351163882633365,0.001069287105175943,0.00031169832374823667,0.007176097299644741,0.5137453951690664,5.102872055880208,0.0009872958080667672,0.00020032679630701476,537.3412508945822,2.4996266967008927,0.3279719711483431,0.061694205282509615,0.10701844541904583,0.025309056897444764,0.01178296512230834,0.006020436176166241,0.005693802684561061,0.002974765758035792,Voltage Sag,voltage_sag_186
-0.008433216892464618,0.6032250656501349,0.6032840118681787,1.0354713688300397,2.0709427376600793,1.7163911995973469,-0.013682295075671178,-1.0596247114774116,465.858046688979,50.0,0.8137843441075793,320.88854066409124,0.7256206197462283,0.0016575530390971352,0.00040427913286600467,0.009521627167897471,0.0021402049167377713,0.0007296553841962458,0.0070621976141902075,0.5177821060851203,4.246012143335198,0.009679268237517347,0.0028603993784439385,465.38847582972,2.326140319799784,0.45558389022852314,0.07274732834770294,0.3093745445626146,0.04314752698408492,0.13987576839798885,0.020723914742896588,0.0349993260267514,0.0073661450432523515,Voltage Sag,voltage_sag_187
-0.006591909151879585,0.6241176590649923,0.6241524698525454,0.9600281701263317,1.9200563402526634,1.5381308518279166,-0.011099083081491736,-1.4092679649336985,498.6448711974817,50.0,0.8748459004217439,187.82816233025383,0.7788013532740696,0.0002284924032718344,4.349132326400083e-05,0.0019532286234130226,0.0015661478912368317,0.00025758824840306667,0.007033798527219915,0.4800553082967793,4.807184698137093,0.0012210975284690248,0.0003080737385686315,500.5487919622357,2.412486093114662,0.2909359725863342,0.05816061453162825,0.10477574275913422,0.02507056510948447,0.02556059745799883,0.008865698592418017,0.002567264629556778,0.0019942365995316885,Voltage Sag,voltage_sag_188
0.002687846198983113,0.6149437460526772,0.6149496201531381,1.0106073765405135,2.021214753081027,1.6433986515630388,0.003203635416864112,-1.0903975482898667,484.0486852179058,50.0,0.8229275705395039,370.23327912957797,0.7522193619678279,0.0029697622874482335,0.0008269914685241245,0.005207804069248842,0.004916848494868355,0.0016683791970317889,0.007617977809887619,0.5053605715247037,4.501730382271268,0.01854368729253525,0.005761753714843819,483.14979977771617,2.370036904417964,1.129518674538491,0.11436071446975464,0.4189775719614742,0.05001959297790635,0.21113797841742327,0.02543804166393346,0.04858919860008675,0.00869283417718104,Voltage Sag,voltage_sag_189
0.00537456646268245,0.6755670981332712,0.6755884768443513,1.0292997291536965,2.058599458307393,1.5235602210978993,0.004651072059966671,-1.3943721782950396,584.2173312574344,50.0,0.9454908339741281,244.7077167220823,0.9121455977900947,0.0004969871012543731,0.00012282040850574466,0.004982794625013145,0.0015838272582990043,0.0005960577308274202,0.007748299540305615,0.5147375279208786,5.652581129678623,0.0030172449930026416,0.0008663357670368849,586.4423236183527,2.610540419583386,0.44089703562978216,0.07159894313522917,0.13743488812425458,0.028769303925343315,0.02837481169949383,0.009323584240485275,0.007693783157051465,0.003453606430971506,Voltage Sag,voltage_sag_190
-0.013268594900344799,0.5649274226992239,0.5650832226568199,0.9523890638672885,1.904778127734577,1.6853961074756552,-0.014702276097616578,-1.013672909296962,408.7283821161178,50.0,0.7532727152313375,297.968548453623,0.6364904573954683,0.0015018817873990323,0.0003446371258887727,0.007549589762854823,0.003928598327292658,0.0013255791934596846,0.006624807871771748,0.47619851777639777,3.7675491213554286,0.008557635392459613,0.0023971081498295166,409.16738144237956,2.181088403241015,0.36061345658521254,0.06475221780354803,0.15824919557338438,0.030874751186132327,0.06845121571307242,0.014497022338848616,0.054515049632753027,0.009199235115563666,Voltage Sag,voltage_sag_191
-0.003991956061697474,0.661722517779489,0.6617345587542067,1.0165295495183146,2.0330590990366293,1.536159077788706,-0.0005376363921246419,-1.320149213820779,560.5025615995195,50.0,0.9154887950582891,310.74074388660387,0.8737429585773722,0.0015043670618440927,0.00038161669313805833,0.00685687581108687,0.005096327603508978,0.0014599626198405367,0.007989979196208905,0.5084165370397576,5.397576605525518,0.008896808496191119,0.0026782111385108645,560.4355069790028,2.552779078238166,0.49700796806867636,0.0760016012975145,0.1938048059830031,0.034126802538945046,0.10291741144266528,0.017793530178007975,0.06314183586913735,0.009900730226746889,Voltage Sag,voltage_sag_192
-0.014589020544837078,0.637800133606989,0.6379669661899044,1.0021926377314339,2.0043852754628677,1.5709161929107456,-0.0027614738275369265,-1.255524169270376,520.9623679354249,50.0,0.8744891197302465,221.8916884383561,0.8127739018818757,0.0008245199933359613,0.00014279527664091613,0.00139878536699122,0.0013655549758376895,0.00018507832292966655,0.007370250313096199,0.5011125446991187,4.9804925719413795,0.004284276018607054,0.0009846416301863433,520.8191836206603,2.4604822382938587,0.4206225690054874,0.06973054592836264,0.15252926136927697,0.030258284559707253,0.03215021629673404,0.009930818719078041,0.008010244527680423,0.0035207618948466944,Voltage Sag,voltage_sag_193
0.0005685488235563973,0.6133325825598858,0.6133328460773512,0.9596446057108277,1.9192892114216553,1.5646391871017395,0.002117514812425446,-1.390833472713216,481.5067904990001,50.0,0.8586801292924904,268.1353670662434,0.7516266918227392,0.0005257917938989111,0.0001465454932778221,0.0011288968032312804,0.0011143906517024863,0.0009151767743188621,0.007134539061574176,0.4798405074652486,4.602463679538188,0.003322339015761436,0.0010391434961519715,484.1162576546862,2.3720898912578896,0.30691854062178814,0.05972160792166396,0.1274892643778514,0.027589435545916523,0.033450822914710784,0.010141507667877633,0.02050259873488443,0.00564047075164505,Voltage Sag,voltage_sag_194
-0.013868767295398005,0.5844191196877048,0.5845836554017274,0.9579050588465011,1.9158101176930022,1.6386107445761338,-0.008510456244984465,-1.1737902546249241,437.42470420844245,50.0,0.7972661092354493,177.99470256181834,0.6827497304375441,0.0004595512137411722,5.5796054083241363e-05,0.001265351210536697,0.0012137082867107996,0.0005110782321336373,0.0064938782406774925,0.47903676400013695,4.100402148038593,0.0023014194919048995,0.00039104857803033265,438.5774636243777,2.258172230634189,0.2853818081775274,0.057581963703251776,0.10554681913888106,0.025159237578266293,0.02871935684912514,0.009399337496785043,0.0034643072898483626,0.0023173555208741417,Voltage Sag,voltage_sag_195
-0.007675366072814304,0.6250359267666102,0.6250830512766659,0.9930933990137777,1.9861867980275554,1.5887383236257981,-0.01406931949068182,-1.3756031711155088,500.1328908714841,50.0,0.8741411234777716,158.91364192210253,0.7811575639109022,0.0001978746787916451,3.21362511225476e-05,0.00033821108910637944,0.0003365844614533034,0.0003241163627828662,0.00698168241056529,0.49655381788189695,4.753099191188781,0.0010282137945259772,0.0002226702007678999,500.0627448233866,2.4111831464361035,0.31821558287658624,0.06071559031946108,0.10097470815343562,0.02459547192382563,0.013105497804078405,0.006348796163610053,0.006399546674842733,0.0031525250646049145,Voltage Sag,voltage_sag_196
0.010675035669921937,0.5351031491256818,0.535209619299556,0.9540099409351851,1.9080198818703702,1.7824977476711694,0.0070551128880383665,-0.8125830755698953,366.6551508361929,50.0,0.6956751593197716,338.78379558797303,0.5702096643910488,0.001946397504168155,0.0004601388965028638,0.009514627710405798,0.0032927023298983055,0.0011183966966298972,0.006076793836848651,0.4770199614421082,3.267822695054305,0.011290269573517945,0.003227919104357876,367.6478506198349,2.0662715719902893,0.4043357792987973,0.06851018651909568,0.20631340971050743,0.03524814419830104,0.09415890086839232,0.01701862390701021,0.09614389080555333,0.01222295362241613,Voltage Sag,voltage_sag_197
-0.003399707681715142,0.6943449194082253,0.6943532423200284,1.0434106076096845,2.086821215219369,1.502708627271409,0.000869990681017311,-1.4048907160423243,617.12182415403,50.0,0.9725652434586477,247.764418113427,0.9634495983915469,0.000600046305482854,0.00013973993699671752,0.004991186999823762,0.0026059851129431027,0.0008018319983279206,0.008052317871484123,0.5217937051005541,6.005018275418898,0.003454740649876195,0.0009956800898086495,619.3326272213442,2.683371300126938,0.4764479810738658,0.07442821407756624,0.18564218828602735,0.03332840048543801,0.032693999739256414,0.010008311114778425,0.010649673199556564,0.0040630048485101825,Voltage Sag,voltage_sag_198
-0.014548609529330982,0.5875310048178887,0.5877111056135956,0.9655522480637533,1.9311044961275066,1.642902846040373,-0.007321534078043208,-1.1619880672983585,442.11755988679033,50.0,0.7997994980688828,156.60398469146037,0.6900837644435902,0.00045071033074960105,4.7426715481703875e-05,0.0005505148772841388,0.000812564241879726,0.0005214141366559116,0.006522755007566894,0.4827878835487291,4.140264015425525,0.0022025397555504086,0.00032656370573018874,442.80495574381547,2.2689396311324876,0.3375505468943755,0.062649723502503,0.10617796122975619,0.025253822091549995,0.022168473335187087,0.008258957797260116,0.005698241236023912,0.002973652025138567,Voltage Sag,voltage_sag_199
-0.0019494790377630245,0.773730358504227,0.7737328144389368,1.306319141571573,2.612638283143146,1.6883336433354534,-0.0002656369348358267,-1.3808418951051415,766.2879592186857,50.0,1.085031478329771,215.87111164425724,1.1967352906056294,0.0004371746422818609,0.00010872996633776871,0.004340733365500524,0.0021329462145796055,0.0004489975263021015,0.009093686053258892,0.6531976522379318,7.86659041713131,0.0027397722104826735,0.0007689856719575053,766.0493863121319,2.9845442314157973,0.403844140847831,0.06852111282836505,0.14832442148073316,0.029811014921554788,0.04539968001237271,0.01181578453259971,0.009356305082635682,0.0038137803365263785,Voltage Swell,voltage_swell_000
0.004887879967646547,0.8947559085293447,0.8947692592052721,1.5899229743595145,3.179845948719029,1.77690835709968,-0.0020015903389075914,-1.1621576024307416,1024.7833948400016,50.0,1.2291791110613932,262.31146542551716,1.5991423335576822,0.0015658037490988816,0.0003603411908888647,0.007326416457801424,0.004222897637928412,0.0011585866190825147,0.010797940920791373,0.7949726530983684,10.931934941076348,0.009347058692477893,0.00253933214996756,1027.3081386432737,3.455560832162321,0.5491059101788445,0.0798473535985766,0.15377031115838147,0.030239931802574102,0.027644067608992847,0.009222716439631655,0.07532980215474946,0.010819647105076963,Voltage Swell,voltage_swell_001
0.002551833869554143,0.8224443922004563,0.8224483510337144,1.3182710062088718,2.6365420124177437,1.6028617536291097,0.006146236582623946,-1.4162509947483333,865.819251351137,50.0,1.1545332293119246,233.5426458759906,1.3520084773785632,0.0006144489825544457,0.00015557906865442737,0.005471318963229397,0.002839453091331878,0.0007406791554276722,0.009758817061255448,0.6591384598643922,8.94226716093988,0.0035789890816101434,0.001093417291175571,868.9071503898181,3.1780049916710564,0.5172793277911478,0.07732129646413033,0.13087958082547715,0.027938203302824715,0.025775745345583297,0.008904811715840419,0.03294278151333273,0.007152638772475632,Voltage Swell,voltage_swell_002
0.018031765584456443,1.019083494965874,1.0192430104160408,1.835747226521372,3.671494453042744,1.801088854924052,0.0361951529085647,-1.0277523239204804,1329.7360822809003,50.0,1.3847431274353965,287.55150548710463,2.072661546395928,0.0035845755051499848,0.0008381112335239148,0.01283694186414539,0.00429276116694829,0.0002984415603426712,0.01281761017172766,0.9179119132182706,14.38124507272614,0.020211155038415776,0.005822434793734338,1329.3103946407325,3.9304005565745768,1.0817215249110497,0.11209285725706336,0.36515586000333267,0.046861597120567276,0.1644632931689904,0.02249502085174792,0.17392061527490418,0.01644621597651995,Voltage Swell,voltage_swell_003
0.0011764537265528062,0.822223244777872,0.8222240864243903,1.4459757583687962,2.8919515167375924,1.7586151783209845,0.000663091799631629,-1.3083150741893754,865.3471338194216,50.0,1.1464617724862238,244.76142418521192,1.3508880389787339,0.0009008650809642675,0.00022919852074568386,0.0023025224943783056,0.0022144747168410276,0.001144796981155271,0.009893698938592564,0.722992088419341,8.966632039061949,0.005659210666717526,0.001632187245633141,865.6700005218388,3.172555982230658,0.5313076378196505,0.07853374442509894,0.15010163045537633,0.03003908305949535,0.06930139300018101,0.014594218757980986,0.03547464163093217,0.0074203691594129225,Voltage Swell,voltage_swell_004
0.0012154938396647997,0.8445912723999275,0.8445921470386772,1.4515320646055894,2.9030641292111787,1.7186189448874893,-0.001319952384752528,-1.2708717085070405,913.0699453944354,50.0,1.1727969069134754,219.71802699017445,1.4256490007985967,0.0007779152830803182,0.00017853199877115758,0.0023561650832890236,0.002226518459887667,0.0007862213693567438,0.010120773048996235,0.7258604026673775,9.600709648879402,0.004776385796328266,0.001258885720246425,912.8531667186072,3.2579948884876586,0.3641844958599514,0.06484726892194556,0.1468698063071914,0.029744240401160724,0.06380819913278286,0.013996550820114632,0.01045638367168604,0.0040321286974499115,Voltage Swell,voltage_swell_005
0.002436828780184264,0.7988042891105667,0.7988080059913906,1.3801449263783983,2.7602898527567965,1.7277555007273495,0.00941742932948234,-1.401032863960897,816.7606149580051,50.0,1.1207225347006067,265.4416376723472,1.2748659015524428,0.0009898843070727057,0.00023675422210852994,0.005870826290518474,0.004105679029544003,0.0008771769194416407,0.009589201840298045,0.6902463089851645,8.341287888881578,0.005496279991880314,0.001700531921776027,817.6118319498402,3.083084176748455,0.5691964233696185,0.08109062884095325,0.1654563260290091,0.03143356988544375,0.04428131598366576,0.011671506978607662,0.05129699889446594,0.008925388404034456,Voltage Swell,voltage_swell_006
0.021785407604217495,1.0406743414100181,1.040902343571988,1.8712489837367792,3.7424979674735583,1.797718100348928,0.03208988921472177,-1.037256040425875,1386.851441732681,50.0,1.4140122312507244,252.31435386457707,2.16321228949105,0.002581873144880862,0.0005032656003609235,0.007266724850965902,0.00561440349320541,0.0014375236704019744,0.01273266058384229,0.9356485539694454,15.024815870925044,0.01396051105541871,0.003564195504716314,1386.2424216365575,4.013837959708676,0.5653731719398086,0.08106718650367531,0.4451511173723406,0.0517784114262584,0.08276199220384298,0.015935766467763467,0.03524504523601431,0.007391317971649211,Voltage Swell,voltage_swell_007
0.004410403549480241,0.7435033522202387,0.7435164331890731,1.2823102311286636,2.564620462257327,1.7246562064901299,0.017653577343097634,-1.3865889237129445,707.605358620418,50.0,1.0435266675363162,252.96442679016351,1.1046644969613093,0.0007131857974292146,0.00017152810135948306,0.0060804125567162194,0.0025407964777667104,0.0010625416402870673,0.008870029135364537,0.6409893214400528,7.221939978651463,0.004046505430688592,0.0012301718874296777,707.3663418038785,2.867914234624783,0.3739574003635241,0.06592043600384931,0.1383831239135979,0.028796049421746607,0.0426376177107683,0.011453098382994473,0.03703671042729174,0.0075892990501527395,Voltage Swell,voltage_swell_008
0.00649193904730645,0.8013425989342853,0.8013688951658585,1.330015613810506,2.660031227621012,1.659679608020691,0.019357586388102862,-1.38446742383073,822.0058958583663,50.0,1.1226566996995782,230.21273265422272,1.2834952196276868,0.000640338730039734,0.00015051402589340762,0.0032020402642905627,0.002801725238036586,0.0009239447359791168,0.009517059611608286,0.6650896177606131,8.490036518337934,0.0036379429837968525,0.0010721578590517848,824.5644263968715,3.0956073869925627,0.4388084091506539,0.07139850733718962,0.13838252461937905,0.02887112207853925,0.02758837599419984,0.00919252195218293,0.01633013456716806,0.0050392707974827025,Voltage Swell,voltage_swell_009
0.007366610600765061,0.870201090452695,0.8702322705903308,1.4506822614208696,2.901364522841739,1.6670058218308978,0.01653786748148474,-1.3230610228360289,969.3493821143077,50.0,1.212881017986187,256.6022771809681,1.5130559358983209,0.0011283655392411867,0.00027003198021045843,0.006559364494731818,0.0041088243020237876,0.0012827041707013172,0.010509760071864925,0.7255424482117735,10.161291619963091,0.0064437986477562815,0.0019082405089310172,970.3070648826423,3.358435980217625,0.4666086456340012,0.0735273945099817,0.17602011977915277,0.032333698339862896,0.048326119542222844,0.01216671050396229,0.016047108443506725,0.0049838069825447005,Voltage Swell,voltage_swell_010
0.0013755584503548969,0.8136028392942407,0.8136040021218555,1.3685396606649063,2.7370793213298126,1.6820709547815802,0.0034842836767131295,-1.3245324000526981,847.2978845039363,50.0,1.1326739941185298,279.9146969487791,1.3220944827007315,0.0013370574093734045,0.00034264107803108233,0.008187823326653607,0.004207815496926975,0.0010974266751710815,0.009970516812466336,0.6842810513149086,8.886121630850228,0.007812238048036121,0.0024075727334492477,846.7045711787947,3.1377061905628882,0.7726271676038531,0.09438014078649029,0.143793926309133,0.029231879161248843,0.10043106805932814,0.01757787214324626,0.0203087128204825,0.005605420969147628,Voltage Swell,voltage_swell_011
-0.007139068777201924,0.8697828844365746,0.8698121822335056,1.6349663537866632,3.2699327075733264,1.8796774604679751,-0.008252323837873544,-1.1423520790740191,968.4137374231209,50.0,1.199252801008893,284.44259353053553,1.5107188537194822,0.0017736497565491352,0.0004404633089946687,0.009081312844861376,0.0037486311429571033,0.001080138032089203,0.010536706412006963,0.817509964302201,10.15793752550891,0.010993972205390496,0.0031152463787771107,968.4237616645449,3.355702638209464,0.991742272591831,0.10726152520262798,0.13219027359193575,0.028214758368760882,0.17234942993014082,0.023016973370120753,0.026467878095834854,0.00640627943990563,Voltage Swell,voltage_swell_012
-0.005546809026693272,0.8054910113007061,0.8055101094192505,1.3237049595861592,2.6474099191723184,1.6433126587807432,-0.017749499092381535,-1.4050069920299026,830.5235665620644,50.0,1.1295511328291188,232.3095330041856,1.2968343089671142,0.000614979271075678,0.00015510920803914663,0.0060858921591010005,0.0007987065496920305,0.0003638184208787497,0.009567595287451831,0.6619088245203137,8.56540581201521,0.003674950465909652,0.0011044997906325409,830.8166347214519,3.108159889366707,0.43410028707028897,0.07100768918055651,0.16172043449112133,0.03119292231243443,0.03706069609668912,0.01067595406009836,0.02393732834817825,0.006095367484147495,Voltage Swell,voltage_swell_013
0.008580786875212298,0.878806112969484,0.8788480039778956,1.5776022041432796,3.155204408286559,1.7950796918248033,0.01506693451413146,-1.2299937100148626,988.6384820427919,50.0,1.2174605600425639,275.74934642470345,1.5426200580348612,0.0015548609475948382,0.00036518377707303324,0.008533213691188335,0.0028139808622884067,0.0010975265457124407,0.01056634915471528,0.7888712078322723,10.356119430590955,0.008947458497074144,0.0025636719535538435,988.3383877375092,3.3897990645296825,0.4223727202928722,0.07003080319148086,0.20069897934924968,0.03476519145182182,0.07855849584741346,0.015546120845053317,0.07643679703704553,0.010898544761946074,Voltage Swell,voltage_swell_014
0.007999851309584565,0.8361900937252748,0.8362283602373571,1.4878666799034348,2.9757333598068696,1.7792588133214422,0.018079316592411795,-1.2489370556279102,895.0756741955316,50.0,1.160320394498383,275.4275956772723,1.396644950822087,0.0013932498532683718,0.00033150093006775657,0.008434784844194377,0.002046449055490022,0.0012141346618283315,0.010132658504425655,0.7439930223767806,9.35761463276724,0.007999765627216892,0.0023306778047119518,895.1255364167148,3.225808223072041,0.4731178382246393,0.07414654431551036,0.25241128700895504,0.03894235608158796,0.1251276695972591,0.019612648679231615,0.024368699747801183,0.006145972196308382,Voltage Swell,voltage_swell_015
-0.00020717524234412644,0.829208607128762,0.8292086330098128,1.570079806608472,3.140159613216944,1.8934677523889194,-0.0009830062332499417,-1.144557145416186,880.1113050342431,50.0,1.144676394968505,338.25431744675745,1.3710396646966179,0.0030504144944033897,0.0007876031754528866,0.007495568195314622,0.0065461626078198625,0.002147161969577721,0.010526969357722083,0.7850921780024326,9.184020349106452,0.017983999368844542,0.005634594905558677,878.8503003520274,3.1967467082372707,0.8712384311731992,0.1006496341512551,0.4117035057935006,0.0497726749075815,0.23575628055569373,0.026920514990420245,0.10919981777967078,0.013031831832986864,Voltage Swell,voltage_swell_016
0.003875992432826858,0.8265900418837977,0.8265991293600531,1.4186177959531518,2.8372355919063037,1.7162101260011235,0.0014520224899635138,-1.2740600646695819,874.5806344432611,50.0,1.146504017729324,257.1765372005763,1.3650658313922523,0.0010924780443655544,0.00026170207841479353,0.007119025736728235,0.0027104095441828806,0.0011703230747934614,0.010000585374884137,0.7093101747124064,9.22020457705546,0.006508771215136448,0.0018590818645385441,877.0928541193899,3.192920606063817,0.47378178951060673,0.07420666672829794,0.175354779828345,0.03245685355868986,0.06676543534416673,0.01432512624605196,0.050122758853801096,0.008827888960640623,Voltage Swell,voltage_swell_017
-0.0015890577399641282,0.8119676836667176,0.811969238594416,1.3926822271295836,2.785364454259167,1.7151908729186751,-0.00171467706383428,-1.2805513488471891,843.8963768622025,50.0,1.1282823961122617,262.81442037523743,1.3170873710600979,0.001100468292825881,0.00029050997142485326,0.0030792321087231974,0.0029078724220909565,0.0009972639914582002,0.009892844654160127,0.6964232153651113,8.856222586715573,0.006913280657433497,0.002049503050005626,845.3425065899575,3.135021421651043,0.5959003920189743,0.08308721660409933,0.21384947380092256,0.035845025128698936,0.04927466807743227,0.012311007062777511,0.06146304070873443,0.009776808108339608,Voltage Swell,voltage_swell_018
-0.007302305190310304,0.8570511505351179,0.8570822587678861,1.6191558160927657,3.2383116321855314,1.8891486780026492,-0.031812930464864816,-1.17089229756726,940.275197817167,50.0,1.1814155647474671,325.65918722006586,1.4652877306555772,0.0027672268688929626,0.0007830206868626121,0.011529721778900194,0.007044000453097911,0.00014805471415323473,0.010824275908146257,0.8097766982210765,9.842947474011847,0.017658904278051866,0.00546253408900565,941.1484207532571,3.3080612828477447,1.3702628143784676,0.12620175210220633,0.30336630042595913,0.042723837109542966,0.15458381056716533,0.021808577941598052,0.16469991911678428,0.016004424331357264,Voltage Swell,voltage_swell_019
-0.0042732008237773515,0.9029846347456406,0.9029947457388654,1.7162387968487551,3.4324775936975103,1.9006077332626794,-0.017632037764732777,-1.0440420776092232,1043.7113738649577,50.0,1.235273928493471,348.3736769347123,1.625029384682154,0.004161734062871768,0.001162364813373345,0.008070455290212403,0.007263055630101901,0.00010413690785617162,0.011611904625098406,0.8581351416494515,11.035433303283924,0.025832840557185658,0.008081149968114626,1045.142321007878,3.4859130429944325,0.9929091689498083,0.10744950436615318,0.6437513850606552,0.06225583764335535,0.4361539796113238,0.03663342808856431,0.06819602370881475,0.01029846737382504,Voltage Swell,voltage_swell_020
0.018477795534702458,0.8460865553889744,0.8462883008394965,1.6480688396856122,3.2961376793712245,1.9474082745192418,0.05387705457510215,-1.1060006609255237,916.7409768163866,50.0,1.1633986712564066,216.3963773836287,1.4305126980555587,0.0012642580692105556,0.0002130321851179721,0.00212008994979602,0.002040420458202681,0.0004771941568273236,0.010176045260227374,0.8240357146915559,9.62585715479408,0.00664799631278384,0.001507460363182049,918.208778188269,3.265806658006005,0.4326648454874394,0.07091342280783648,0.16256263855193082,0.031240923634277377,0.028504697398460708,0.00936263357101933,0.03546820057635226,0.007426593888968941,Voltage Swell,voltage_swell_021
-0.00913804600791776,0.9024625197158926,0.9025087829915014,1.6726464555553,3.3452929111106,1.8533298368678561,-0.032162225341700344,-1.0635029664249684,1042.588292322305,50.0,1.2292343482708818,335.28340072343303,1.6236323117296199,0.0038759567147805644,0.0010589122107749099,0.013976307312169558,0.007868043078224314,0.0009533092523764195,0.011576934894337273,0.8363756461434997,11.147650411203987,0.024090176827974347,0.0074483366675837225,1040.5408216930377,3.4783067905986114,1.428162058626565,0.1288656524953472,0.7834812716296153,0.06868049511546206,0.1138603952758217,0.018689252956767842,0.13937323917419536,0.014705346008260577,Voltage Swell,voltage_swell_022
0.008453102494897941,0.7510375608784531,0.7510851301896779,1.2883474238517576,2.576694847703515,1.7153147786652159,0.023230145320738284,-1.3870485016425347,722.0849571738181,50.0,1.0537102481999052,188.90963336065238,1.12775215831528,0.0003479019266809293,6.328265680323406e-05,0.0024500992369525937,0.0018709463081647022,0.00042065557495716253,0.008705137077736248,0.6443067202979526,7.388955999900281,0.0018239222787894231,0.0004480567436696063,721.9882343806682,2.897244390804247,0.3231844057717884,0.061184467321830215,0.10526231106226666,0.02513309847706105,0.0216959858628071,0.008169836331640232,0.013119308540030081,0.0045149315495430714,Voltage Swell,voltage_swell_023
0.0033645360644328436,0.888142218581363,0.8881485914696675,1.5909602818386117,3.1819205636772234,1.7913221921617557,-0.0026003120290859646,-1.1343620216179522,1009.6741382778296,50.0,1.2199560686595003,251.69196226192838,1.5757357317014464,0.001416443307426326,0.0003326890007789554,0.005843089958059356,0.004463354138082522,0.0012732582720475123,0.010782509784945575,0.7954938846544876,10.75523211758406,0.008709469018855248,0.002317786891346369,1009.8310917081286,3.4264785912824034,0.6961227421883591,0.08996889133180272,0.18162082948665248,0.03306621136640116,0.07441325247607102,0.015128371448551963,0.06363970084742217,0.009942295594883282,Voltage Swell,voltage_swell_024
0.007396540563186083,0.7506950960361747,0.7507315339221236,1.3194699073997775,2.638939814799555,1.7575789050775295,0.024113558439527193,-1.355439517119886,721.4052301120826,50.0,1.051077650735433,241.70634642384312,1.1262386123704533,0.0006938113177745823,0.00015225531034808,0.004910819260821708,0.0029659616357764996,0.0008797806120337046,0.008903038952270334,0.6598752862920793,7.399323769601928,0.00378318256145139,0.00108120794340779,721.3874090066223,2.8959125245695247,0.4606748046194345,0.07306453148007865,0.18720329036822814,0.033581685009926615,0.031034532577619015,0.00976541342168089,0.011822318146911457,0.00428641470259563,Voltage Swell,voltage_swell_025
0.0001326041769082298,0.7636851908615403,0.7636852023740509,1.2178146698537227,2.4356293397074453,1.5946553187967176,-5.518260152303073e-06,-1.421374276944888,746.5153130561216,50.0,1.0737834436210874,188.64397035134417,1.1660649053787469,0.00027281548217316135,6.735160735436535e-05,0.0035888989421048755,0.0014351130565584608,0.0006354763116036679,0.008906761560157303,0.6090773745278034,7.665313449247644,0.001681609303215604,0.00048033307679112944,746.4402273339335,2.946102189143322,0.29881221890633874,0.058804735590212015,0.12290387382711318,0.02711417281415332,0.02080710416311262,0.007993558276907866,0.009471209035164916,0.0038379285273217934,Voltage Swell,voltage_swell_026
-0.001472964777708946,0.855412085203724,0.855413353378248,1.4661318132755299,2.9322636265510598,1.7139454364181752,-0.0019284301948946784,-1.277067996842906,936.6169665764089,50.0,1.1877166557153083,270.2951436315578,1.4616163149968453,0.001353225821620304,0.00035976261576414526,0.0028827062978724373,0.002772221282483958,0.001429439923075229,0.010471058084263648,0.7330857342724316,9.84839829454101,0.008426349024189102,0.00252823712618266,938.1362187156201,3.302628402432769,0.4856120367843133,0.07504596779077455,0.25967584699389645,0.039531104703055514,0.04839653320084038,0.012183507322627804,0.04370813841998619,0.008234381167364878,Voltage Swell,voltage_swell_027
-0.011751771191860366,0.8293002782732211,0.8293835395462027,1.5279430742945268,3.0558861485890536,1.8422635625596075,-0.039436138510018495,-1.259510108472023,880.4826312578402,50.0,1.1533933894662403,251.85025514922705,1.37398994132658,0.0012564856683888077,0.0002703900249716475,0.0037908178197295903,0.003418551956972362,0.001300975470244989,0.010018571934977932,0.7639744511911173,9.11845033526463,0.006791431690608668,0.0019000833228966566,880.252228331778,3.1991242068152252,0.5299415290343866,0.07849910336060538,0.1562460142241704,0.030443124011801166,0.02294411005589911,0.00840221761655313,0.056584249579559154,0.009374382650823404,Voltage Swell,voltage_swell_028
0.0006715013917451107,0.7829085582029713,0.7829088461765995,1.3489579946778343,2.6979159893556686,1.7230077310581684,-0.00035993419356104416,-1.3442438139232402,784.5712146196151,50.0,1.0950004051235065,212.596408358355,1.2252009409268976,0.0005183349925645243,0.00012654496491256825,0.00423696198055797,0.002758387337944004,0.0002995425254370785,0.009274357435662904,0.67448150559025,8.09334251135535,0.003253961706115361,0.000889104939509319,784.5499070738258,3.0203496632252023,0.3199487797888482,0.06096808687716767,0.14910738527225675,0.02995723864712812,0.029677830337357495,0.009553466699298654,0.01459793771601095,0.004764658843823313,Voltage Swell,voltage_swell_029
-0.00047517161629827,0.758128915380607,0.7581290642919848,1.2919819467580034,2.5839638935160067,1.7041715027280726,0.001513311924439073,-1.3674591679088772,735.6923879990277,50.0,1.0615206244292703,139.32826449558965,1.149289113144996,0.00019465419509967028,2.6522935902768754e-05,0.0009076587474597591,0.0008356064568639694,0.00025836155222621287,0.008714064963110418,0.6460393324914138,7.581603778779765,0.0011439521978624254,0.00018672295919512963,736.1348196038023,2.9256376519183402,0.2978897260067139,0.05884387600962028,0.10535937550333255,0.025174417116966996,0.011509760640341767,0.005949918958403036,0.005060273813153388,0.002804361222486054,Voltage Swell,voltage_swell_030
0.020364879552666353,0.9442116348720252,0.944431225525129,1.765443258320238,3.530886516640476,1.8693190256778465,0.0413379878756645,-1.0553280412187724,1141.6964348760284,50.0,1.2880052560554949,237.7657999208817,1.7812275921941076,0.0018067892502229928,0.00033189368593415056,0.00544571593734743,0.004217542749822283,0.0009548868901092932,0.01135610855459614,0.8827870467274661,12.203573530650088,0.009754281729667486,0.0023466572358923146,1144.264296061609,3.6454985047399218,0.4899929824687832,0.07548148260779294,0.22188139502126136,0.036542373878207066,0.07493169895578385,0.01518402515832651,0.0683460341224858,0.010305405748422258,Voltage Swell,voltage_swell_031
0.011131938771712313,0.9868167449490874,0.9868795307294247,1.7579652568239033,3.5159305136478065,1.7813372373047098,0.013272936057300379,-1.1185547988248759,1246.6319464610938,50.0,1.3510382036212705,293.05002119873717,1.9441122848549381,0.002732397389669603,0.0006539544693383113,0.01152020553082896,0.0035547695279161172,0.001242739935311778,0.012121266195748036,0.8792092083412143,13.36119502117691,0.015977353116777185,0.004593641588616618,1247.124613876707,3.8073587762174848,0.5008864881143522,0.07630583347488143,0.531504933335619,0.056582567892750915,0.049210978759320484,0.012304352262529206,0.13522114964707926,0.01449783355735428,Voltage Swell,voltage_swell_032
-0.00624846141695391,0.8320419788547183,0.8320654408437804,1.4905870791438456,2.981174158287691,1.791430103899617,-0.008502437909987875,-1.2487012846695507,886.1861092435901,50.0,1.1539328416992256,271.9605132700131,1.3828781604233014,0.0013213039082214813,0.00031197582311090396,0.007844633046930973,0.002945164666520121,0.0007897779786951856,0.010033564314897415,0.7453708780888457,9.2652035822885,0.007691466595708011,0.0022082001081338465,885.6805767295019,3.2090706933883557,0.5541613457943028,0.08023180476552977,0.190413312290739,0.033814829567562626,0.06676649574187142,0.01433133384648326,0.06598203057031729,0.01012774134758921,Voltage Swell,voltage_swell_033
0.002183386077790811,0.7829917083215396,0.782994752520761,1.2533573136948222,2.5067146273896443,1.6007224948292216,0.0054788549789773775,-1.414023777997181,784.7434015680612,50.0,1.09973079637352,229.71213672787118,1.22548084609093,0.000493934544177592,0.00013328525600681145,0.0038336510506923388,0.0029838682254512082,0.000927079991671067,0.009266303257364003,0.626736902212819,8.088925033109152,0.0030372413431522735,0.0009284028108643482,785.4976708529051,3.0219817722240525,0.40499739986539135,0.0684182081885344,0.14602947921131446,0.02949738407232555,0.029384260806101774,0.009508521070514983,0.00783958812941587,0.0034915410383008906,Voltage Swell,voltage_swell_034
0.015585227608435415,0.943743369248063,0.9438720497606086,1.6762989239557942,3.3525978479115883,1.7759811029250976,0.034101788627689936,-1.0949651449392166,1140.3448912886947,50.0,1.2881211023217325,282.72584503855853,1.777816009394228,0.0028351275830746413,0.000656287948415231,0.0015737702255447892,0.0015661827112000049,0.001474479247328265,0.011828509539517229,0.8381873933536179,12.291618196121814,0.015782141724448452,0.004567157581563475,1141.1557512308013,3.6413867752856888,0.8742553970946086,0.10072132699657647,0.37932428425244635,0.047798993455408695,0.09242607535357457,0.016863188178257014,0.13647892142491594,0.014558343614035166,Voltage Swell,voltage_swell_035
0.008049375832250077,0.8680664709505358,0.8681037901309995,1.6246351084383213,3.2492702168766425,1.8714756540704511,0.021456310221022522,-1.1766214115398959,964.6133637629521,50.0,1.1995780239756577,298.0871481616403,1.504337009716773,0.0020674136573998842,0.0005419307334720639,0.010688074332972532,0.0037406125844381384,0.0012764886664471545,0.010717907306759011,0.8123756258824715,10.080147890129368,0.01270239899315664,0.0037717787022380498,964.2787356547534,3.3482125106698253,0.45370036071519576,0.07256028115828168,0.41309303830668476,0.049874437013202426,0.11259802731445934,0.018610587470167056,0.03169180432833607,0.007004235571322524,Voltage Swell,voltage_swell_036
-0.00048717077725097255,0.8090926482673672,0.8090927949349616,1.3587866409722584,2.717573281944517,1.6793953048114887,-0.0002995498952605088,-1.3859885041348654,837.9278730440546,50.0,1.1352606711963005,217.59321603518327,1.3085726467121974,0.0005104789370996257,0.0001300415171220085,0.005255449411195223,0.0014161005803789077,0.0008423498506840071,0.009551864711439973,0.679503587513305,8.59190406514728,0.003207827781027987,0.0009317435203615666,838.1153040642165,3.1217467470443045,0.3701375594166466,0.06534483258793536,0.1294770038985057,0.027892735514913385,0.04783994289876564,0.012129901829994993,0.016572722013733242,0.005076790855762598,Voltage Swell,voltage_swell_037
0.0003405741875258994,0.8586398281937597,0.8586398957370817,1.6485610878190577,3.2971221756381155,1.9199679586306255,-2.4697558591055373e-05,-1.0427127022060148,943.6959623057747,50.0,1.1736922410876791,269.29857864547665,1.4718704038817967,0.0019948896691961994,0.00048157663831147643,0.0006811483750515889,0.000681148375051626,0.0006811483750517167,0.01064182027212234,0.8243198358568676,9.999746581525791,0.012327094368001687,0.0034220731763290406,943.1791805862072,3.3116759846254924,0.3634543316826187,0.06500919396943103,0.3815037653647775,0.04792074734447243,0.05874563812194058,0.013436814308408727,0.06297046075749736,0.009884455647755145,Voltage Swell,voltage_swell_038
0.000801876146875874,0.8340129542449994,0.8340133397337398,1.38335799189799,2.76671598379598,1.6586760978403183,0.002403595269345717,-1.354926993411335,890.3401610928979,50.0,1.1657687716695757,270.3349230857663,1.3896974046579564,0.0010570537944099654,0.0002919248892871276,0.001592187391776689,0.00157173070316725,0.0012907999022477295,0.010113967056981412,0.6917332825942855,9.259799369473937,0.006664776049070559,0.0020698757015513505,889.8042747968094,3.216589295139819,0.7054393971466665,0.09052273547118785,0.20889581275534164,0.03525316734986937,0.03946631589743677,0.01100444783700444,0.04120862997997787,0.007996684794130382,Voltage Swell,voltage_swell_039
0.0004320912597203519,0.8460142553570148,0.8460143656996262,1.3962155101123472,2.7924310202246945,1.6503449193277853,-0.0011800248149369075,-1.3694168015619075,916.1475929217804,50.0,1.1837112064067425,143.31857782503053,1.4311775161484521,0.0002516930999720918,3.823349741421431e-05,0.0008464236543596811,0.0008154005135416704,0.00044079095835836146,0.009798475545970802,0.698290866937915,9.520164896639841,0.0014747190970551072,0.0002678943843390136,916.0517982847589,3.2636977205903945,0.3828338587706881,0.06669650442513153,0.12764808974158706,0.027635122446380646,0.015354098028464398,0.006863159459384071,0.003025172719590164,0.002165669520222007,Voltage Swell,voltage_swell_040
0.0007791921038959426,0.8002914052048347,0.8002917845292826,1.4268267900054736,2.8536535800109473,1.7828832153299248,-0.00222174315817248,-1.2781688932730089,819.7976836928817,50.0,1.1128664584086683,162.6662491426688,1.2804613939451182,0.000393728856524319,5.851094984857253e-05,0.0014746713069437607,0.0013347453048455726,0.0003650007426690561,0.009312216986322848,0.7134233056313682,8.538281106843279,0.0023007516988537762,0.0004068451335480531,822.6659737470901,3.092437885577075,0.33432862687224696,0.0622012963827424,0.10267543014686153,0.024859630757295418,0.016347395844654136,0.007078755684230163,0.0031990698898266366,0.002227449884664868,Voltage Swell,voltage_swell_041
0.0027086844841812618,0.8600848289905723,0.8600890942404612,1.6590342493251027,3.3180684986502054,1.9289097611314971,0.006867161206043674,-1.0381979966108956,946.8841600401624,50.0,1.1758444050421335,322.3001487734336,1.475300128712273,0.003056473882567824,0.0008327030111187068,0.005248503360386971,0.004955861323308922,0.00169084606001631,0.01091804544749122,0.8295324108249684,10.008213871776785,0.01944602849304032,0.005904368960093774,947.533720989675,3.3189501681845517,0.7470659240207943,0.09308546489543552,0.5270407450399541,0.05630598404501173,0.24373330026074128,0.027320187626966985,0.04964183176676462,0.008786355969351243,Voltage Swell,voltage_swell_042
0.003974356719662525,0.7593038144333247,0.7593142156738092,1.1880897446270795,2.376179489254159,1.5646878724260598,0.01258451608981704,-1.4389282068462004,737.9943399991449,50.0,1.068407718821463,201.92900990001021,1.1526620878107492,0.0003288306434122871,8.01512117890508e-05,0.0005518279374867648,0.0005491667287021407,0.0005156862502696083,0.00888202570759225,0.5940451483780401,7.58543003284183,0.0018558591689940608,0.0005580561915881155,737.8403149803038,2.929060279143275,0.3550395378609348,0.06417873208851944,0.12443729943386328,0.027354678565612384,0.030409923928036986,0.00967243746423697,0.004713504647005018,0.0027004852998745023,Voltage Swell,voltage_swell_043
-0.005573391556255558,0.7624791390425767,0.7624995083070862,1.3951660214315702,2.7903320428631404,1.8297271096309435,-0.009991360346962476,-1.3145492550802387,744.1990402157419,50.0,1.0639564674921662,264.56238626453296,1.1615113661681424,0.0009646778349772227,0.00022214042492861547,0.006553433387885573,0.002440341845961147,0.0008764562809231611,0.009064730803465629,0.697588002143133,7.658596317693222,0.005496571061442026,0.0015657257718701945,744.6894234936117,2.9426452801605087,0.43126535324966875,0.07073567213117261,0.12663500660798302,0.027469570019441364,0.022862513559011546,0.00838712951030672,0.04675264273948008,0.008524057728567479,Voltage Swell,voltage_swell_044
0.003547230766114612,0.816403816767899,0.816411522995175,1.4813516369361832,2.962703273872366,1.8144668408154296,0.0173411751604591,-1.2966178912499577,853.1555518455057,50.0,1.137627601097018,310.62496417669064,1.330405379039119,0.0019530209997720407,0.0005009689467963862,0.0013809081517840763,0.001374246917012048,0.0012872058500318349,0.010104148075649168,0.7408785780820213,8.803017336229406,0.01110366113290941,0.0034734408990601644,852.6141763925499,3.148514687069033,0.9683046505151165,0.10588931882964456,0.19610697727814969,0.034358185940925566,0.13656372402026684,0.02049807734589438,0.029330377780353422,0.00673630117622131,Voltage Swell,voltage_swell_045
-0.018853012490222955,0.9432371486645834,0.9434255427434907,1.7856245975961704,3.571249195192341,1.8927032571130775,-0.048011567894272446,-1.0003575351311822,1139.266246017088,50.0,1.2796269965797566,280.28581404006445,1.7758037215114741,0.003005425805332828,0.0006889635873895625,0.010654859512389732,0.005579399572571206,0.0018821209746796332,0.011783981461940053,0.8930541934065709,12.226875931346019,0.017114742064548,0.004791039539434671,1140.4714399667623,3.6415163951063505,1.1011664704813253,0.11313590329741802,0.22635401424000934,0.036898643870425234,0.17213834043539894,0.023003051679825665,0.10575117359033508,0.012812083376882916,Voltage Swell,voltage_swell_046
0.014155444468931933,0.8403253000255433,0.8404445171878584,1.6231468174470813,3.2462936348941627,1.9312956230308063,0.046625063616002,-1.1219452992760008,904.1241426830495,50.0,1.155757372375804,284.3329248828608,1.409891766771492,0.001974643394008095,0.0004594527797868114,0.007849013017275164,0.005363235635505079,0.001463736070044016,0.010318843907148366,0.8117250402690198,9.486699788773269,0.011454282653234069,0.003227092648999764,903.6522921059742,3.240744407286757,0.7685169297480063,0.09452872617453686,0.32782524042087713,0.04431628585456954,0.1563988592916158,0.021927058967275318,0.035901519037148444,0.007469859369072365,Voltage Swell,voltage_swell_047
0.008543764679826366,0.787674602396841,0.7877209373730812,1.3443940428926113,2.6887880857852227,1.7066882180055236,0.02407735886077441,-1.397349789200743,794.2454722251849,50.0,1.1053901777088764,185.11234017803693,1.2404359503572187,0.0003937876584607033,7.79154782588924e-05,0.0002696501095696943,0.0002696501095697928,0.0006574788583607089,0.009201655497500086,0.6723027170821951,8.125596014636114,0.002111969224304442,0.0005427275752086584,794.1242857471624,3.0385578341441053,0.3522268278385398,0.06399608112653024,0.1259939044009246,0.02750467512365403,0.030832111547635904,0.009731076045951598,0.010681067731246661,0.0040756901687412595,Voltage Swell,voltage_swell_048
-0.012053446208288705,0.9408474949268849,0.9409247017034311,1.6755088426159364,3.3510176852318727,1.7807044916355668,-0.01705618091627373,-1.1114165898453592,1133.2342966728843,50.0,1.2875644907569193,291.432076830575,1.7672750265071089,0.0024633918564997697,0.0005817593244732445,0.010679788266570556,0.0037442920067912236,0.00129332615642434,0.011503639762229054,0.8377747905823725,12.157024872729394,0.014286809279594236,0.004081836594417535,1132.5845658564551,3.6288525772508335,0.5995549333110727,0.08347456710036824,0.3686251243383241,0.04712202328873594,0.22322744292551985,0.0261805155316448,0.03417437839543096,0.0072814318113927435,Voltage Swell,voltage_swell_049
-0.006094672342380497,0.837586546902131,0.8376087204550801,1.724940330351992,3.449880660703984,2.059362908032712,-0.022203478969740408,-0.9904212209987726,898.0331117854676,50.0,1.1429746293644043,340.81161182588113,1.3975940219399818,0.004156869059892978,0.0010144069476588475,0.014867816396630127,0.005423268583142609,0.0009792878181470823,0.010756377379063623,0.8624767723702238,9.429119106331104,0.02340370689969547,0.007100058220262084,896.6761588794689,3.2289859423038125,1.1960194225637348,0.117925659015152,0.41240706487062406,0.04984167320659016,0.16611862690439044,0.022577469711510593,0.11056294859451463,0.013112374497548119,Voltage Swell,voltage_swell_050
-1.6653345369377347e-17,0.7499791806672051,0.7499791806672051,1.2090878554130389,2.4181757108260777,1.6121618927285208,1.973894197633625e-17,-1.4423049844456417,719.960027435843,50.0,1.0558761767629314,199.22341164793446,1.1245478092250936,0.0002864545458500753,7.524217769495354e-05,1.045871699965943e-16,1.0979002881827278e-16,6.521077654286551e-17,0.008736839366982755,0.6045547181532275,7.332584355347319,0.0017936751910970887,0.0005359556376328763,719.9165490183755,2.8932742480367355,0.3443026505524094,0.06325485485685053,0.12764660113262877,0.02769173601580104,0.038574168359192,0.010893635533247119,0.004532382750112958,0.002654958900875176,Voltage Swell,voltage_swell_051
-0.0032953712844974946,0.8446830429019692,0.844689471011704,1.6908809579338384,3.381761915867677,2.0017781870852844,-0.017500514608733066,-0.9693367898563081,913.2803871206814,50.0,1.1518867271669206,367.4831358758246,1.4202590692275214,0.004978624307063464,0.0012751144959837783,0.0044176422363829074,0.004311352335021123,4.51452877685737e-05,0.011017304048524931,0.8456311716238037,9.61604276322591,0.028787495408026855,0.009035230963307349,912.3903140664065,3.257119426995184,1.4340795389331036,0.1287608582151687,0.4448232101112147,0.051746407522768434,0.4860759159574638,0.03860377994115826,0.07627433786745441,0.010863034832056306,Voltage Swell,voltage_swell_052
0.005948761452497614,0.8698892278549036,0.8699095680016511,1.780464134343757,3.560928268687514,2.0467232455343347,0.00492917799180472,-1.0394263721079555,968.6306003210486,50.0,1.192113019765873,295.9178133909777,1.5100335640684266,0.002603116359523881,0.0005941759914021543,0.009375564611644458,0.005831083556348339,0.001051299165735959,0.010730135668330008,0.8904182723874444,10.143075822447498,0.015161114015754339,0.004212277106989329,970.0067647158509,3.357763837063267,0.9387154850452283,0.10447105086567758,0.48790378443904814,0.054097214394345665,0.09341434313507425,0.016914154972739695,0.041591858983022804,0.00802926041888985,Voltage Swell,voltage_swell_053
-0.01612329019058356,0.8293447310122816,0.8295014426415445,1.6356380187153685,3.271276037430737,1.9718326390183398,-0.053426421365969624,-1.060894149881754,880.7329834808365,50.0,1.1390495222519397,273.81659149987956,1.3734273876736773,0.001924144262353951,0.0003902518487721553,0.007352871527111832,0.004651864249868186,0.0009215021068414991,0.010077548329011279,0.8180502384046582,9.240534685969935,0.010311087727127476,0.0027674397029153466,881.3614836124041,3.201176277004244,0.6105875268238722,0.08408989421647199,0.16412277146105317,0.031304434833466586,0.029803469711096424,0.009574571791515465,0.08018718401018204,0.011161695007337142,Voltage Swell,voltage_swell_054
-0.0025744469868205664,0.9123713583163029,0.9123749904799142,1.5829645096168679,3.1659290192337357,1.7349933153937998,0.002217057085137136,-1.2473702084724345,1065.507997764126,50.0,1.2628412739142838,234.20620644399887,1.663394292043982,0.00111197593007587,0.00025166427067741475,0.00556395693969394,0.004017646230899441,0.00118219479340937,0.010974591542925124,0.7914868630065296,11.262059156459435,0.006682052829833371,0.0017720035613831282,1066.8627347518157,3.5220047486782042,0.6254125238984413,0.08518111560738995,0.18067721816849402,0.03291330613165973,0.05635856092623041,0.013166135622200497,0.05236453110400163,0.00901871364469643,Voltage Swell,voltage_swell_055
-0.00039981277248026247,0.7857989553611211,0.7857990570730422,1.3016628170542766,2.603325634108553,1.656483047843142,-0.0004834007662081715,-1.4054418024220563,790.3746023640093,50.0,1.10417805071489,216.47589770293075,1.2343621787747963,0.00044005938643839866,0.00011513439451245101,0.005171868668915754,0.00040008537914904013,6.0039997405104254e-05,0.009244521666525054,0.6509047687696228,8.079512699431369,0.0027640704174139168,0.0008193184103446301,792.4663407237058,3.035286710836869,0.43118458971488316,0.07073395180975194,0.14263169859124197,0.02927270215899187,0.017185570733561226,0.007271494398267937,0.024594077754805883,0.006180091558340177,Voltage Swell,voltage_swell_056
0.013431702662434587,0.8066850662300061,0.8067968807047543,1.3994585190424336,2.798917038084867,1.734585931738162,0.023495371117911758,-1.2967027933876714,833.1791445950995,50.0,1.122778853102952,97.85359463500468,1.301364847015163,0.00028032444036286107,1.3793009078619978e-05,0.00016437248311012767,0.00016991378384699602,0.0001609599349073713,0.009281767713954833,0.6997293751901548,8.704560450945342,0.00129363174581975,9.216329978382703e-05,833.8098996406062,3.1128701821231766,0.33738017992719305,0.0625583162444692,0.09284841716694303,0.02359014314897518,0.010826053989458923,0.005771562634903692,0.0007146272828069211,0.001052672000897145,Voltage Swell,voltage_swell_057
-0.008938773401819467,0.9173911869502851,0.9174347342258097,1.652680656565689,3.3053613131313777,1.801414961641414,-0.02563562463587196,-1.169249128236457,1077.358709201897,50.0,1.261834412599694,307.9862840470674,1.6796078576165154,0.002708788308206074,0.0007118123142347902,0.012320840180416685,0.005142281476490678,0.002153483449913497,0.011499526834008648,0.8264401670913416,11.41898508943612,0.01658891086601512,0.005045521087884921,1078.8996363338972,3.541906508730633,1.2282130393580892,0.11932517364563702,0.23397811018572334,0.037401660954967976,0.27819478378166895,0.029254359102414543,0.04248073385692732,0.008127551983704084,Voltage Swell,voltage_swell_058
-0.008429314229414203,0.9304169194839655,0.9304551023023143,1.6367299687076968,3.2734599374153937,1.7590638867539334,-0.020891512725245358,-1.1602948448720687,1108.155772672525,50.0,1.277732778440265,310.71641176524406,1.7273279733690647,0.0030630460160198103,0.00074935904940699,0.00976767619102869,0.00724193271443743,0.0008649631084440756,0.011718621883348365,0.8184363564661199,11.83876696563832,0.01752205699440436,0.00534383631341059,1107.2729942229291,3.5881323473426288,0.6108655213249562,0.08425965406352084,0.3820661133868268,0.047974745138115255,0.24665018594100085,0.027522583938175176,0.08467296394996074,0.011474971758680765,Voltage Swell,voltage_swell_059
-0.005551419072622643,0.8840631045793496,0.884080534302276,1.5463837104884224,3.0927674209768448,1.749143489181212,-0.017419515313902696,-1.2509039609652945,1000.4459406492131,50.0,1.226429221745642,296.16071095729745,1.5604374632964388,0.002023343206768777,0.0005123362279901893,0.00763208513691112,0.00593506844212737,0.00021933877533358376,0.010935631179930344,0.7731925470534757,10.49029734270933,0.011843787153943394,0.003650001204207543,1003.1871504268018,3.4152433145875936,0.7503895758070372,0.09334948929622114,0.3117603476769316,0.04329434782609409,0.08725959873665505,0.016339255165898816,0.030763144477944544,0.006899116067612893,Voltage Swell,voltage_swell_060
-0.0054269809797967365,0.8680680335363424,0.8680849975493228,1.4369137815236082,2.8738275630472163,1.6552685342777282,-0.006655488020958566,-1.3516806484379154,964.5716006018658,50.0,1.2125883623253453,243.0196280226212,1.5060018075969606,0.0008362406497659403,0.0002012738257284572,0.006439799613957596,0.002076795787311449,0.0006297863005861421,0.010326891709307557,0.7185599439683399,10.063808288068673,0.004920906441310088,0.0014235794140878626,964.2857626623546,3.3484776395577063,0.49665303903733243,0.07590909782934871,0.14032950684296736,0.02896689592114073,0.023510591493679508,0.008502300710792434,0.040794251303613104,0.007960698861967779,Voltage Swell,voltage_swell_061
0.007282698505677842,0.8585488520713521,0.8585797395062156,1.4201400895252292,2.8402801790504584,1.6540573043807474,0.017623849940652612,-1.3356234759150667,943.5637364359181,50.0,1.1986005496893968,248.10549391341897,1.4729899337320282,0.0009571388461864837,0.0002324569089105861,0.007284098658527559,0.0009522274945528497,0.0010930835467868284,0.010324286333226813,0.7102652136777343,9.862808921556901,0.0055293163700540875,0.0016363020563916458,943.5760788716194,3.312056130138355,0.5646850427359188,0.08093495273901538,0.15574234694847255,0.030500389229458306,0.05144696744724961,0.012578916481876874,0.04000617001810122,0.00788124416890886,Voltage Swell,voltage_swell_062
-0.010458695292832165,0.9458470578739911,0.9459048795709396,1.7433933177200511,3.4867866354401023,1.843095807380767,-0.024601197335392493,-1.0685469053387364,1145.2621327310255,50.0,1.2922160951113157,313.2945173121001,1.7848359805930072,0.003355924257117068,0.0008559981625683973,0.012536297559235837,0.006663581546043013,0.001738937663247889,0.011905255590109992,0.8718147385347101,12.217994023531137,0.01996845815916526,0.0059841318755620475,1144.7792691136085,3.6484057752875168,0.6631683935811393,0.08686339883013201,0.20182373129891334,0.03484502282043515,0.27717187382775416,0.029201479167171567,0.05031174840652471,0.008824292192616417,Voltage Swell,voltage_swell_063
-0.014361616319152243,0.806292009097853,0.8064199030023694,1.426122309975727,2.852244619951454,1.7684612007520955,-0.028540324800286277,-1.2449515317699724,832.4007167466891,50.0,1.117868342732702,157.772626904684,1.2998539530554554,0.00048819002193865586,5.840779286956306e-05,0.0012318227825508777,0.0012034235098913305,0.0005272251677468589,0.009430661955026206,0.713078036567469,8.741683644508022,0.0024219051243941463,0.00040513718311396005,832.3339835946721,3.1106755622111346,0.3500320141420276,0.0637971562854317,0.12878764847927526,0.027750618523100512,0.015295901805258048,0.0068484804990913825,0.003702885052702003,0.0023958094970443927,Voltage Swell,voltage_swell_064
-0.0011079171704128532,0.744967038819605,0.7449678626679861,1.3736657741391216,2.747331548278243,1.8439262188005108,0.0026257725257579174,-1.3186268886220147,710.3707090023775,50.0,1.0400646789975938,188.05586311529882,1.1094248575633863,0.0004243796594048237,7.705796331881146e-05,0.002053510993719299,0.0017862472869269418,0.00044947332363329056,0.008708418529199683,0.6869535382040434,7.301941603863929,0.00250552524460052,0.0005336958069177961,710.533327648939,2.8743494528117832,0.34448690008585053,0.06327207454785863,0.10601518335269923,0.02516728488784024,0.01950904723241219,0.007742067225979851,0.004322223796433441,0.0025905453561548856,Voltage Swell,voltage_swell_065
-0.008980914405671947,0.9149792322298966,0.9150233069357158,1.796466617422195,3.59293323484439,1.9633014851133634,-0.027687231422778583,-1.0049375771700266,1071.7025948615337,50.0,1.2499270442405472,328.38541266858,1.6693178408782547,0.0037657736756728883,0.0010033802874830167,0.014028371780717539,0.006688420596751332,0.0011699082213356858,0.011618475582031466,0.8982646300377556,11.310959184796381,0.02309200793201542,0.006973480902446667,1070.7882304431141,3.5284402966276516,0.5909592620157099,0.08251350924741792,0.3405639841075941,0.04527953858482023,0.2882522463847532,0.029757707587674646,0.10077189535518624,0.012517869326063493,Voltage Swell,voltage_swell_066
0.0035792628720855146,0.9076499273168784,0.9076569845933221,1.7082173836436547,3.416434767287309,1.8820076445587466,0.008331104062731503,-1.1043879642690175,1054.516738151734,50.0,1.2433530282674794,318.4305679729585,1.6431044953441136,0.0033919077475373753,0.0008594047537229197,0.013909386386494648,0.004204379144687826,0.0016190886140358296,0.011468392853854334,0.8542976632123793,11.15810479351596,0.019676729953212253,0.00597856045346216,1056.2067547694035,3.5039723796485247,0.6525045774619413,0.0867733405081458,0.4723355689857975,0.053289178110209855,0.12136268127712042,0.01932364509218669,0.17984852455507683,0.01671230147018368,Voltage Swell,voltage_swell_067
0.0008171335031462279,0.9004971126858876,0.9004974834294552,1.5846426711119819,3.1692853422239633,1.7597413654897378,0.002326186748677417,-1.1765879130495558,1037.946518608361,50.0,1.2371508710476058,326.21699203523593,1.6173386070727616,0.003305549719230789,0.0008323726686059226,0.010429734794985098,0.007704589997616145,0.0008653303258829282,0.011440303227753633,0.7923303243438122,11.072329024715229,0.019058923535753308,0.005939679675030722,1036.4226796094651,3.4714938158472495,1.349983524268,0.12480994391371276,0.4305877837784857,0.0509116594263046,0.09099358346140546,0.016710986712964695,0.11660226486986955,0.01346628812729101,Voltage Swell,voltage_swell_068
0.007696782461020196,0.8422617548452542,0.8422969215990639,1.4896428501724053,2.9792857003448106,1.7685483728738018,0.021622005216845947,-1.2586003287611456,908.1140532931322,50.0,1.1700203090013048,278.9717347820998,1.4168948443873197,0.0014824786586265753,0.00035857697399235497,0.009025921501155613,0.002155693835179607,0.0004435087361582315,0.010272328501731267,0.7448214560700384,9.479676363864629,0.008524250478637998,0.0025396299968311474,909.5473437074678,3.2513992597164423,0.5004314891359539,0.07606571999609378,0.12351014371713956,0.02722101287605515,0.14317058606182415,0.02098342824090371,0.021340136657055357,0.0057597285063779625,Voltage Swell,voltage_swell_069
-0.0001529725958393624,0.8469137012962231,0.8469137151114531,1.4294560228330704,2.8589120456661408,1.6878413908355085,0.0005084290484108715,-1.3199199364781573,918.0964362801708,50.0,1.180292067410932,108.57556572645584,1.4342652561510518,0.00023740841170040208,1.8051326221912335e-05,0.0003038787504367306,0.0003002246080790266,0.0002502166821323845,0.009765911766252392,0.7147682093070016,9.609147678464707,0.001339836938721883,0.00012587765583081453,918.0762362070963,3.267299544690551,0.3697446525672241,0.06552920434402115,0.10327584522759442,0.024864640510875828,0.012169271695489817,0.006119117192461514,0.001060593851290077,0.0012823067837755624,Voltage Swell,voltage_swell_070
0.016607317996124672,0.9845942131812497,0.9847342624490266,1.76646429690273,3.53292859380546,1.7938487206769398,0.03129064002488777,-1.052608102810615,1241.2180065805164,50.0,1.3407425544362814,288.47734882461083,1.9350834513767896,0.0030727012406662722,0.0007124585462172389,0.011601512123430725,0.004486860107019989,0.0009216413412595279,0.01227549665714103,0.8834599012000853,13.396001993881804,0.017392545560214086,0.004962596840504957,1239.8327589105456,3.796343792597243,1.0323034336551828,0.10955855535700527,0.5748861002748529,0.05879099074305237,0.05632425575207385,0.01316260290886145,0.1280488188008868,0.014101215537275946,Voltage Swell,voltage_swell_071
0.0038052050554040983,0.7413291049958725,0.7413388708947448,1.250533853388805,2.50106770677761,1.6868586047266214,0.0066709943767395965,-1.4257909980697991,703.4666515193537,50.0,1.0425158887793449,219.73054930157156,1.098637200220036,0.00039146152101528946,9.031603411517367e-05,0.00421888007845827,0.0014638071969824483,0.0005843123798506837,0.008599455907330831,0.6253582018297834,7.1552239746510855,0.002220973307866153,0.0006350642330906609,703.3763865375962,2.8597867415920075,0.35463710644212076,0.06405865587317573,0.10891325601704745,0.02561058761135163,0.014986392949882674,0.006788624630437915,0.018975483785011,0.005430250927403987,Voltage Swell,voltage_swell_072
0.01239482110608418,0.8109496713238514,0.811044389050633,1.6236308479498835,3.247261695899767,2.001901338406916,0.04348502306154875,-1.036127554815248,841.9750412934586,50.0,1.111961705895081,310.2285184678167,1.3120113149249129,0.0026080572444233214,0.0005942511203465381,0.010639315682395137,0.00470542531317684,0.0010110108235790883,0.010076150775895477,0.8118154419021767,8.828699842519583,0.014442053666191442,0.004175701624078673,844.4531119154703,3.132105620355447,0.44548831408315637,0.0717821430250946,0.16455477214065212,0.0314330890485213,0.21424669636261262,0.02565114862037377,0.043349231708228436,0.008207209462080981,Voltage Swell,voltage_swell_073
0.004343542760890884,0.9065360119781468,0.9065464176626359,1.5957563845326774,3.191512769065355,1.760258882987242,-0.0008434037371417969,-1.1965128280023023,1051.9378014425067,50.0,1.2490489083000593,261.2383064962666,1.6415877616335977,0.0015500143647502736,0.0003626404819629383,0.007655409614512297,0.004192725142032487,0.0007782427124158747,0.011016289804212993,0.7978915945183342,11.182915327922192,0.009275995515765882,0.0025689112215267693,1053.1355542813963,3.4989409650505814,0.8047074995965013,0.09671789707977298,0.21160114271079944,0.0356633694138082,0.07524064043834056,0.015212462652832942,0.0714630246655362,0.010540541668305257,Voltage Swell,voltage_swell_074
0.0061317513254907806,0.8172200079720687,0.8172430114746689,1.4838355850556453,2.9676711701112906,1.8156601698879407,0.022019756347510456,-1.270524097960686,854.8942589493579,50.0,1.1354983416855124,294.27622322954426,1.333559591158641,0.0015813661126359124,0.000433442187855495,0.00909870680766575,0.004739578640086025,0.0011619716501271955,0.01006443674817606,0.7419336469279583,8.878619042252124,0.009992149623476955,0.003043452575337391,855.8669507236882,3.154111281346813,0.5922413735245119,0.08296957902583965,0.2823428591402239,0.041240156137895,0.07480389922486427,0.015171217027901737,0.09159625973861434,0.011935032114983306,Voltage Swell,voltage_swell_075
-0.006032283712346348,0.7465552741373002,0.7465796446388059,1.3032268817503294,2.606453763500659,1.7455965898709749,-0.021594667711723466,-1.371086566345011,713.4478922099272,50.0,1.0461434510414114,249.93055231267164,1.1137469012922931,0.000746038666792703,0.00016941244284160114,0.005024172696824694,0.0033560125696744775,0.0009408842557395742,0.008901562208801683,0.6516475187217312,7.305892821374953,0.004095045109111545,0.0012116739092366668,715.1932668490283,2.8837306196051915,0.361366466201386,0.06449852983278656,0.13166282460180678,0.028160069970501387,0.03111134728195319,0.00976250471846066,0.01621855718643083,0.005021632840658848,Voltage Swell,voltage_swell_076
-0.000645243453792782,0.8087650861223831,0.8087653435142115,1.289143344696133,2.578286689392266,1.59396462154648,0.001359663279222563,-1.4286547205043882,837.2497675131654,50.0,1.1369056045983323,152.2933753148476,1.30797572801713,0.00017863690352351157,3.546785479557635e-05,0.0014754406869538603,0.001417500518196856,0.00029727314612778096,0.009312050996342199,0.644645433084283,8.609566291738757,0.0010678848336146051,0.00024656713369679577,837.4776318184277,3.1205660674586335,0.33690196740828965,0.0625892414663271,0.11548974203224957,0.026351222551272802,0.017147336097859102,0.007262849300135023,0.007161602563592888,0.0033352509814122367,Voltage Swell,voltage_swell_077
-0.014975603737877935,0.9609673104057477,0.961083992362671,1.7920469294621333,3.5840938589242666,1.8646101107717012,-0.028037254350308485,-1.0353821424034109,1182.3135236809862,50.0,1.3081269114342624,298.3439504825899,1.8431880894471075,0.002981222895041219,0.0007110091378347647,0.011562441620734382,0.0045951287032651045,0.0015839709731322181,0.011781166399713366,0.8960740003938388,12.663301187931276,0.0175700438857316,0.0049870265602759865,1181.5026422914557,3.7063047086922674,0.8486929664241577,0.09919360929695892,0.31961857444470576,0.04387556502382528,0.14043431773599915,0.020787093884338297,0.14877467096344524,0.015205912094071917,Voltage Swell,voltage_swell_078
-0.014752943764661713,0.8504106740120052,0.850538631587817,1.540725323650636,3.081450647301272,1.8114701277854264,-0.0346837395324243,-1.1693528022469146,925.9724336937935,50.0,1.172898861878274,238.76814425883154,1.4450709440437992,0.0012204129004068924,0.00023653992054988146,0.004965808466995846,0.0037109203811224005,0.000824996958129164,0.010198395671150539,0.7704356685855887,9.775100643778645,0.00655269415135039,0.0016768931305429177,926.4876689509795,3.2821311697986055,0.49953598836052215,0.07620921650782422,0.19059591450493402,0.03384146610017637,0.0954870307760985,0.01713674858616623,0.013868128140183735,0.004635696220316948,Voltage Swell,voltage_swell_079
0.0035025178503416965,0.9072200082522702,0.9072267693385934,1.622075278244616,3.244150556489232,1.7879490917418468,0.0024434804405772574,-1.143203724480221,1053.5173260858128,50.0,1.247954917152587,281.3619439835003,1.6433810144187029,0.002026955979621766,0.0005105520483598737,0.010538027493634947,0.0023206653456391483,0.0012353509553810695,0.01121918656598284,0.8112786955287036,11.188830010663558,0.012449864270076747,0.0036325224443210452,1053.684310684527,3.5000179639433617,1.0317659451784378,0.10934905873552433,0.23875047660440485,0.037910192020602716,0.08261201963134006,0.015942804165315242,0.10871979339120137,0.012994164683633548,Voltage Swell,voltage_swell_080
-0.0004595805279400511,0.7794257589913873,0.7794258944848842,1.2747798717986154,2.549559743597231,1.6355369776872384,-0.00048296676198389876,-1.4266694046264112,777.6060479917592,50.0,1.0959506770148484,208.02476023765436,1.2145021918675734,0.00037375352895244694,9.719830464811118e-05,0.0009125389521589148,0.0009008254351243854,0.0007399730730608865,0.009130075848040728,0.6374437070351643,7.944552532155187,0.0023212299984214256,0.0006865555977790239,777.4571151482518,3.0066922980679816,0.3472506905767502,0.06344252627668381,0.13826670256452195,0.028823786061237772,0.03842599818833069,0.010864958535729743,0.012277910609280884,0.004364444717860593,Voltage Swell,voltage_swell_081
-0.012099887066948945,0.8400859455099742,0.8401730792583278,1.6505971193438098,3.3011942386876196,1.9645917729224653,-0.04722494389813322,-1.0472414424913674,903.5402279813381,50.0,1.150118344211439,317.1948688130163,1.4076733313885452,0.0029615665942711337,0.0007276564460328468,0.008935628533991333,0.006975069547588595,0.0004741589909284245,0.01059530141574823,0.8253560931050196,9.511495724102554,0.017350958922777743,0.005176773933624457,902.6775881394037,3.239701470752808,1.1438322198136208,0.11496516369926622,0.29543792345369124,0.042174180103472715,0.15256136509062193,0.021663264349746254,0.1554074054771048,0.015535632317861002,Voltage Swell,voltage_swell_082
0.00486043140430602,0.8584100956283925,0.8584238557205769,1.5790232618577733,3.1580465237155466,1.8394447583594615,0.0037249485689559584,-1.186420303122844,943.2211405698329,50.0,1.1844244736346803,277.23200151449663,1.4715045783484195,0.0017031654140502613,0.000402240332395855,0.008825660877689935,0.0033561447169526337,0.0014481814574139567,0.010483784154642623,0.7895151765284529,9.914078137112112,0.010002542732061654,0.002856166251975657,944.3666429135,3.313263960916117,0.6468792466579317,0.08672396825584301,0.3015357249471462,0.042619765826978386,0.1433798930674911,0.020983639457503794,0.03194564062453892,0.0070463507723868375,Voltage Swell,voltage_swell_083
0.019067359896676222,0.9308311596316398,0.9310264292460297,1.7128013471539665,3.425602694307933,1.8396914344732398,0.03925634876815654,-1.1171108449075475,1109.5170713019038,50.0,1.2772993647449227,206.03653150878162,1.73154509773349,0.0013861787852077888,0.00024078435363204137,7.146712674881464e-17,1.524889065979628e-16,0.001239235518412324,0.011217255502007651,0.8564018217344915,11.788172623090482,0.007271737818187034,0.0016706367349929125,1109.7761969565515,3.5909768234914012,0.688122904412106,0.08933887009708635,0.13460504534520662,0.028399886920323057,0.0594540838761813,0.013525367583627799,0.04830101243725568,0.008660780458780942,Voltage Swell,voltage_swell_084
0.007870616169568906,0.8370358824829551,0.8370728852154441,1.4320412594955858,2.8640825189911716,1.7107724844358079,0.013269320346438098,-1.2584784199151022,896.8844994085223,50.0,1.160274931881073,269.20772109663403,1.3996283583879472,0.0012727527102418357,0.00030666171913311727,0.00793100672108494,0.002505123199671936,0.001198997967497226,0.010141955911438358,0.7160241539546017,9.475619464177528,0.0074064783129648305,0.002145394141480582,897.3032595468925,3.229685595095292,0.3588580893797157,0.06458006086615958,0.16766622148536253,0.0317690968261571,0.06996090546170375,0.014666205299785302,0.06119596375791243,0.009753762543783108,Voltage Swell,voltage_swell_085
0.007102793377956895,0.7684022603256708,0.768435087269816,1.3259140272637202,2.6518280545274404,1.725473041545843,0.02554665896925506,-1.3818160634709435,755.8303786846334,50.0,1.0774743379949479,230.80479314848245,1.180090333998445,0.0006434332261175666,0.00014706478594431313,0.002169290261178728,0.002048782167765319,0.00068342096774751,0.009115455529753123,0.6629679153197964,7.737620564309102,0.003529324981691433,0.001025022621097865,758.600722567843,2.9690226617118776,0.4724008908185576,0.07404334529597863,0.13808360255403881,0.028820779842333933,0.05179600122656737,0.0126220335884164,0.008616494272675971,0.003651363775340729,Voltage Swell,voltage_swell_086
0.004682083648841917,0.8717212493047121,0.8717338231344833,1.5736850837781804,3.147370167556361,1.805235774973023,0.01697860891872714,-1.1422030326311932,972.6974187477283,50.0,1.1960435170503223,332.9294227013193,1.5155303201625236,0.003086408298124195,0.0008770389706376871,0.008555143140383397,0.0072202034060004595,0.0016773753915785723,0.011107335295066155,0.7868436944524585,10.339442607561953,0.019608100831261417,0.0061227891122184975,971.4382138498539,3.36089026312094,0.9139825881592073,0.10250099011783827,0.41940528635091656,0.0500529616485019,0.22739975923347822,0.026381325214357928,0.051682085180482396,0.008965250762369419,Voltage Swell,voltage_swell_087
0.007478593725904104,0.7704786401070223,0.7705149344596011,1.2394573608508892,2.478914721701778,1.6086091332137142,0.0150009310249352,-1.3922695145885051,759.9273782083627,50.0,1.0803472760564123,187.77482608200512,1.186929697372957,0.0003158210502906467,6.240517586787083e-05,0.00268163800456519,0.0018689370604363983,0.0004994792812166695,0.008955748620944325,0.6197893891288225,7.884008942293901,0.0017182482339887944,0.0004408383195986246,760.7372941140204,2.973676276693693,0.30594698638676965,0.05951294371933538,0.09900351264912545,0.02436356444672196,0.021342651045128544,0.008102903082926402,0.012944075963320706,0.004484845038163979,Voltage Swell,voltage_swell_088
0.0015494945674887294,0.8853040164203567,0.8853053724130618,1.6765822951705163,3.3531645903410325,1.8937898124336359,0.0016889700413324057,-1.0920131296611804,1003.2199711019905,50.0,1.2142121872532594,292.1074456708605,1.564253103024741,0.002419414680777679,0.0006258719456569445,0.0030572813890491625,0.0029838965785730703,0.002028326150223068,0.01105014659808657,0.8383772868099696,10.59368280699421,0.014984627056873243,0.004398062590402699,1002.6129135859969,3.414359136024077,0.7316566427669368,0.09206376855767198,0.2909030601856141,0.04186198537325681,0.11994688827470167,0.01921075051908962,0.1316597488102142,0.014309307860456215,Voltage Swell,voltage_swell_089
0.0017457879119039121,0.9142811476857103,0.9142828144447062,1.6635477294524623,3.3270954589049246,1.8195111000320028,-0.003776963485123798,-1.0680406780836433,1069.9687229298343,50.0,1.2480073155679625,205.89823686764038,1.6704331353746924,0.0011189969252510799,0.00020087010416455062,0.003294969267306045,0.002922348659481493,0.0008884809304991678,0.010932239132003856,0.8318943025885346,11.485875728216625,0.006694196275334626,0.0014047340520565075,1072.3224449693632,3.53074065196399,0.3692223116395772,0.06520513873487419,0.11376745426752745,0.026157466346717322,0.08168471074648409,0.015849970018952015,0.011296831400750397,0.004184144021307432,Voltage Swell,voltage_swell_090
-0.010970788597773335,0.8172711068398408,0.8173447377194494,1.4254231721156483,2.8508463442312966,1.7439681279298525,-0.026484525260999297,-1.3683227447121922,855.1070979554247,50.0,1.1443557558231752,165.06997286959347,1.33552537637421,0.0003803105390030628,5.8098225891185665e-05,0.0014866026067657677,0.0016504347686994395,0.00018541215179571237,0.009501905363577519,0.7127249485496562,8.784426904206658,0.00197358032600793,0.00041427914846249277,855.0954359012665,3.153095298635269,0.39606700305748255,0.06782537977488014,0.11873597085668391,0.026678199863995944,0.01412990173826997,0.0065928640983499,0.011810594984915497,0.00428555521329688,Voltage Swell,voltage_swell_091
0.009417515006725946,0.8714015344723733,0.8714524220344497,1.5964705371352717,3.1929410742705433,1.8319652304211842,0.021407205550353508,-1.1637479809444746,972.0695345532272,50.0,1.2011150229266494,293.262248884055,1.5160142148948026,0.0020756492506832356,0.0004984635659444624,0.010133754414934224,0.00347957691448787,0.0015058627723012522,0.010709610953751569,0.798235380567372,10.240421699346236,0.01188108322145998,0.0034763561625246204,974.5265521835546,3.3651260867201147,0.9034835409351245,0.10245154300003222,0.254845780385475,0.03917190651964265,0.0856047325265972,0.016200136854795575,0.03778997864390639,0.0076634773608177005,Voltage Swell,voltage_swell_092
0.0076690399176545295,0.9290296830400054,0.9290613360498174,1.7607682787448709,3.5215365574897417,1.8952120924861748,0.01661105826602445,-1.0626506108880514,1104.8383566626198,50.0,1.2695007942392684,317.2875524089737,1.7215602594175754,0.003501271352802325,0.0008721835310708914,0.013898240276729503,0.0038784665008290324,0.0021070960987705158,0.011698806959712931,0.8804432532419906,11.723443848281121,0.02026317322872303,0.0060642665423546295,1106.9004071431818,3.586741891482075,0.8049990418503928,0.0966816797891366,0.2852265206717821,0.041418883280775545,0.20651269728087052,0.025200321514344856,0.149627741653999,0.0152536681632527,Voltage Swell,voltage_swell_093
0.008020259007363644,0.9565234179779321,0.9565570415269186,1.709225283052647,3.418450566105294,1.786851393956061,0.02309545188561044,-1.0799100882350114,1171.2017583292557,50.0,1.3034002682752894,337.1972410866031,1.8237237133641244,0.004618519577549074,0.001165017986678264,0.005211729862427948,0.005011584351156275,0.0010493152277649656,0.012278909762007802,0.8546745696664549,12.613429768015447,0.02632028605249187,0.008164420433603041,1169.5634846333653,3.6874105682662277,1.6682951681197886,0.13918412865528446,0.461827772237329,0.052745387237788564,0.23835073477763402,0.02707152527209606,0.16593865957850423,0.01606450393082454,Voltage Swell,voltage_swell_094
-0.015911588038794756,0.8838367525858336,0.8839799680170294,1.5823152951879824,3.164630590375965,1.7899899912163055,-0.032617600640060716,-1.2079945153247227,1000.2183473348971,50.0,1.2221236950081233,194.60887646422896,1.5615023160185229,0.0008910936762195012,0.0001434657150270818,0.00263137926837619,0.002748209020473407,0.0005372627193725795,0.010504935073010115,0.7911610054359388,10.53533068133942,0.004602960522505688,0.0010145571432202862,1000.1753445816918,3.409947136662808,0.4113574283529605,0.06902714976063472,0.14691314826423715,0.029742406815010426,0.038472381408257185,0.010875036738021402,0.024863155052467233,0.006213535679648509,Voltage Swell,voltage_swell_095
0.004734355407133889,0.8258427098625081,0.8258562802050801,1.4005689770039205,2.801137954007841,1.69589916620169,0.016003157829689307,-1.3364144350933849,873.0094023093399,50.0,1.1517009728912109,276.74793479597747,1.3624001422149123,0.0012025327634077646,0.0003299190673223489,0.0074795114111309595,0.0045785649150964555,0.0001551415128556918,0.010067587006839183,0.70045021105469,9.096247107074001,0.007502885998617789,0.0023128826365502934,873.9311767924627,3.1873972123001604,0.4601509604586334,0.07314204802943688,0.11910146650840597,0.02674231290972338,0.13158511469560613,0.020119988892692352,0.019509040203308854,0.005508086211844373,Voltage Swell,voltage_swell_096
0.0055421942413048765,0.8481054732617449,0.8481235816162268,1.4425142060303415,2.8850284120606826,1.7008302059939346,0.018308484894101182,-1.2660838030461792,920.7214204077268,50.0,1.1777133936409703,292.31188989112667,1.4363025962036504,0.0016821530503803351,0.0004454265120820514,0.008750711556763265,0.005346299891392494,0.00011335605752704234,0.01048267854317744,0.7214583454175664,9.691163560807077,0.010170621567967338,0.0031468494531738563,919.8912883432232,3.2704446249467067,0.8828659711484477,0.1013122995805649,0.22555560889597764,0.036838832968478515,0.07376170848262063,0.01506367591958599,0.02655017354671453,0.006425752679447365,Voltage Swell,voltage_swell_097
0.0018228230825077963,0.7516957798526325,0.7516979899748618,1.3519902526546619,2.7039805053093238,1.7985817052644726,0.006395651788710518,-1.3483793546188174,723.2638312092768,50.0,1.05184311015943,278.817260898062,1.1286752350480354,0.0010360693900278196,0.000282429856407095,0.0034905062972056407,0.0032243018290056,0.0005464783834720464,0.009125485756449083,0.6756684894343862,7.404711455374865,0.00637215547141237,0.0019516948246138767,724.5565992344328,2.9022532937853582,0.5278089751262779,0.07804770560328804,0.21226307416074192,0.03575602368895115,0.05588563886363484,0.013104440375863434,0.03375160240857658,0.00723595562809597,Voltage Swell,voltage_swell_098
-0.0005185703590927848,0.7194910806858206,0.719491267564567,1.1929451123473154,2.3858902246946307,1.6580397374157188,0.0009959542453973499,-1.4498136401084805,662.6146356501342,50.0,1.013466060400167,157.96000969581485,1.0351386839843835,0.00015369175125933509,3.152980618335763e-05,0.0014898435455238247,0.0014386591968177423,0.00013371609660007845,0.008254655696923067,0.5965682637068538,6.712373544312363,0.0009104158195874704,0.00021976036985466078,663.8290273638388,2.7781330331805756,0.29199627404380357,0.058268937195110324,0.10330954255170548,0.02491690122557083,0.013909634834609826,0.006526272074091841,0.0018253924013398092,0.0016809294920481813,Voltage Swell,voltage_swell_099
0.005386287493410408,0.8233502249036324,0.8233678430336127,1.5767164542646241,3.153432908529248,1.914959963038467,0.02304751022785122,-1.2020606345339087,867.7562943255344,50.0,1.1395012819433028,321.9966879280857,1.352227883108422,0.002719807367047292,0.0006468590708349337,0.009673782042852169,0.006772854782862684,0.0014481035631349222,0.010341406190380396,0.7883607292643992,9.009359956402026,0.015071177120003488,0.004645046819300255,867.0391938245218,3.175141242426273,0.486463492899953,0.07509278036473788,0.3698018581939599,0.04719153820719994,0.10360239337089724,0.017853477912615566,0.1399754998381439,0.014743784351767254,Voltage Swell,voltage_swell_100
-0.00025031916796739996,0.9449670806809712,0.9449671138353986,1.7261175102122548,3.4522350204245096,1.8266429433766478,0.0004713338522620482,-1.0533375318376463,1142.992443174916,50.0,1.2873926753234475,209.93720287399216,1.7841521122571882,0.0014079105053353262,0.00026921883051481875,0.0005006383359347684,0.0005006383359348548,0.0005006383359348236,0.011456537544557064,0.8631151322859726,12.293578556840178,0.008441542699460697,0.0019108374277146966,1143.1401713898133,3.6458069446387116,0.444755419891214,0.07191332024532926,0.22929374779109846,0.037110842278579324,0.07590997739641764,0.015267677057361895,0.03329610792452146,0.007187369826155756,Voltage Swell,voltage_swell_101
0.0075239353225093845,0.7456948174442165,0.7457327740993424,1.226802155302248,2.453604310604496,1.6450962032375087,0.01742012108542323,-1.3974302812264472,711.8302340683531,50.0,1.046437232668279,177.4776587512258,1.1118476775240569,0.00026450862146352105,4.8443412852463435e-05,0.002154844361838616,0.001619725626873203,0.00039487278324850566,0.008610335851373607,0.6134718679276343,7.325283257316721,0.0014033276438416473,0.00034246624701533303,711.8048089642695,2.876735895632563,0.2829357754820128,0.057357984125444156,0.10393463285973252,0.025000715710721065,0.017322699036248723,0.007299254067489118,0.010014206822646466,0.003945022205082694,Voltage Swell,voltage_swell_102
-0.02195864858865555,0.9070506688794945,0.9073164267016102,1.718975730797752,3.437951461595504,1.8945713757711766,-0.04481017586918728,-0.9947281216665296,1053.7255656481002,50.0,1.2324107574404182,198.45926955553023,1.6441510670634547,0.0015009706332118245,0.00023182068458936405,1.6076009482040014e-16,1.9768921452053868e-16,0.0012074964180889482,0.010945746561511474,0.859613397172604,11.304132641052176,0.007723052521855839,0.0016056485782850337,1054.4443404668164,3.501223282460181,0.6390152872949887,0.08606419073279112,0.2315235427413599,0.03733847726274395,0.016751378959620058,0.007179290047148371,0.045607770360897804,0.008415857264508254,Voltage Swell,voltage_swell_103
0.0022201303606973533,0.7828940838875244,0.7828972318030667,1.3338014986292586,2.667602997258517,1.7036737958003982,0.0006625310031659443,-1.3684819631702125,784.547936723078,50.0,1.096717970587307,223.86267433166995,1.2251615136712557,0.0005113232144850478,0.0001310417421409527,0.0038326848831334174,0.002885246677063614,0.0008249031714419233,0.009239635831425404,0.6669286173716072,8.069299497476413,0.0032225667577330448,0.00091055686841545,784.4702245687795,3.020143839309291,0.5040945436847812,0.07655465397585902,0.12916121861682797,0.027894025938068414,0.019705792867156152,0.007786702528272712,0.023776286881061152,0.006076445431680057,Voltage Swell,voltage_swell_104
-0.0005900253394127197,0.7484013926973718,0.7484016252796803,1.396792084717482,2.793584169434964,1.8663669846970594,0.001773440509146006,-1.294776912513085,716.9343906832217,50.0,1.0434517343930734,163.72190891670385,1.1197633293004403,0.00037287402792128685,5.5152061013921e-05,0.001146111515882002,0.001087339532637763,0.0004440051193886804,0.008726478987203821,0.6985291788020486,7.38280126454798,0.002192598360277006,0.0003814362230645736,717.0939293477295,2.8875799319032547,0.3582687258481023,0.06453669549863195,0.0967363144091468,0.02407122252798523,0.01873330312879132,0.007591962553367616,0.010462209602875904,0.0040331436427764366,Voltage Swell,voltage_swell_105
-0.0014346123546234656,0.9258401814861478,0.9258412929692168,1.6500518268921602,3.3001036537843205,1.7822188742506655,-0.0044406756299884866,-1.1435576987611307,1097.1930877016462,50.0,1.271583986836408,331.0022494525658,1.7097219399394663,0.003356542903820323,0.0009333823755672695,0.002848532281438282,0.0028119302623645054,0.0023092734294714473,0.011780481289943662,0.8252270802411782,11.674451689345435,0.021183569535186624,0.0066183849651497055,1096.5223493130202,3.570656571116161,1.5668495640260525,0.13497618736243255,0.45146597008233563,0.05206918356828119,0.10408235978286892,0.017883501871212393,0.13079805814511833,0.014246641568167238,Voltage Swell,voltage_swell_106
-0.0026009061531964196,0.7232120658157895,0.7232167426535142,1.1768380290983358,2.3536760581966716,1.6272273022591233,-0.009474065539788518,-1.439546528261119,669.4943447735801,50.0,1.0182782258367014,219.06044898483609,1.0456081277136766,0.00034636088762100836,9.025272665515207e-05,0.003560994324489593,0.0024976919530173146,0.0005346762908322088,0.008461479716075547,0.5884263566626421,6.806139340093278,0.00207765130768623,0.0006355309118397059,669.9790753428755,2.791109614247514,0.30747998721911646,0.059684364520980776,0.12488898225306656,0.02733688985591712,0.022407102614619957,0.008302488754883888,0.019158194897025433,0.005454610636750961,Voltage Swell,voltage_swell_107
0.00032734537568870903,0.8264651944898445,0.8264652593171303,1.6477405286483289,3.2954810572966577,1.993720256321223,0.0017477963207534247,-1.0642178269428364,874.2973758184083,50.0,1.1328860686851647,360.46681281789284,1.3601522113294997,0.00442263374286418,0.0011031017863818355,0.007921429518270576,0.007128585148993105,0.0027148970392742748,0.010700587724644548,0.8239037889890726,9.151009066622835,0.024788173684304297,0.007773100531123527,873.2765040322762,3.186511905599389,1.2875094500394406,0.12234859017527122,0.42265087018002423,0.05006080512616109,0.16904023601686963,0.022727561067544984,0.06562975955520456,0.010076563086179907,Voltage Swell,voltage_swell_108
0.0019338306805414761,0.8789286168264708,0.8789307442441606,1.8295809100892022,3.6591618201784044,2.081598490061324,-0.0013645967745245962,-0.9910163961932072,988.8246440673206,50.0,1.2020607818296873,259.6423174383955,1.542305268036676,0.0020966146496263606,0.00046739255000921386,0.003749009808965752,0.003543427633077385,0.0012618523511330104,0.010819737466966111,0.91481909018096,10.371734070549127,0.012676944808667396,0.003232009112339864,988.285956871071,3.3899044557439977,0.5490173379040503,0.0798124654145452,0.3350841922640404,0.04492859161921981,0.05203098018682734,0.012652767589434136,0.09496851148661752,0.012152542910550707,Voltage Swell,voltage_swell_109
-0.018910354845823606,1.020089645741991,1.0202649101436427,1.8223366717441674,3.6446733434883347,1.7861406911326736,-0.03249853677057311,-1.0701599276441076,1332.4038231941317,50.0,1.3902584587344597,269.09909359964894,2.077861698156696,0.0028359682701274737,0.0006038481760435088,0.006783640556214646,0.005764086175894048,0.001465594329397074,0.01262867551201243,0.911168491860646,14.384156406395155,0.015601733829039222,0.004282454599098731,1331.482361174347,3.9340868533167495,0.8990037889118848,0.1022421043023902,0.2745061475764274,0.04041932750204356,0.1268274932761646,0.019751967113439874,0.035596280412660566,0.00742287036155769,Voltage Swell,voltage_swell_110
0.0004030304206228963,0.9322545533702283,0.9322546404888762,1.6420351135447413,3.2840702270894826,1.7613590131145858,-0.0009352296514051724,-1.1975344241014863,1112.446354832696,50.0,1.2857452910001852,175.1576135608021,1.7372574203279147,0.000767336147301132,0.0001286794955261639,0.0017657016046598376,0.0022135004023871785,0.0008627379042087466,0.011073154016976873,0.8210591423316359,11.813295268004243,0.004532900104661316,0.0008918455753945771,1113.1571467216272,3.5976062947672087,0.5058003836634367,0.0765269772414635,0.16505790956363303,0.031531485270330596,0.03011332992285825,0.009623312229939129,0.01335619958523633,0.0045574544433962865,Voltage Swell,voltage_swell_111
0.014358172164779016,0.8486620957641284,0.8487835471394789,1.66249546654924,3.32499093309848,1.9586801277547463,0.05049162156515352,-1.0908786825300034,922.1548926651852,50.0,1.1677214254232495,289.42077867437575,1.4376601456691007,0.0023156553169215864,0.0004986142807759525,0.007980719418761835,0.005719667443374416,0.0012413236271640025,0.010466194680472407,0.8313615767500308,9.651162342164284,0.012546604682341457,0.00356338366585871,921.6960205778684,3.2729122431521622,0.7964052212282491,0.09623154361495834,0.3435025544780148,0.045359174855954025,0.17801363141608842,0.02340101737422894,0.029751638455309398,0.0067868427011630785,Voltage Swell,voltage_swell_112
-0.001634802255092388,0.7971680129672988,0.7971696892611038,1.441893082980335,2.88378616596067,1.808765564474756,0.0017718668298280448,-1.2438945100267094,813.4137772501051,50.0,1.1051041096459566,227.45249237339127,1.269867267184145,0.0008387774379520488,0.00018376120413476205,0.004378205282886019,0.003570300270656498,0.0010087289216320378,0.00955456256877848,0.7209500758053812,8.502886296279613,0.00499751777301112,0.0012927929961798893,814.6522388015634,3.07763167193283,0.40983822346808785,0.06901867786056119,0.20317695472034553,0.03498476127742178,0.0323290966040225,0.009967612617361217,0.032311782874608876,0.007088275405849709,Voltage Swell,voltage_swell_113
0.0008235492578722525,0.7629789361116867,0.7629793805755837,1.2803688205791754,2.560737641158351,1.6781171984118373,-0.0019842233027036233,-1.390926177889561,745.1360450348818,50.0,1.0703095774459503,161.93067042619435,1.1640015522465383,0.0002177309931036613,4.075074981671703e-05,0.0015246121100831035,0.0013229628310153633,0.00033096824468660383,0.00880161288528666,0.6401902822815557,7.651096235797221,0.0013174859853254195,0.0002859304963341587,748.0555920859196,2.948821028105828,0.3441537110240287,0.06313929452502431,0.09233405995659395,0.02351047790015716,0.02324673701086161,0.008445556604092722,0.00232821132551722,0.0019013872786272428,Voltage Swell,voltage_swell_114
-0.0007007117285029341,0.7848628041575594,0.7848631169490601,1.2918406456308937,2.5836812912617875,1.6459438821012813,0.0012443038954135215,-1.371470925436484,788.4929438041521,50.0,1.098875249464943,179.48543080767573,1.2316123305879165,0.00031483305643489006,6.830933548748191e-05,0.0022936638926844104,0.0021686178509411707,0.00034111159988576623,0.009184758164083639,0.6459371377966602,8.178877638968498,0.001923476218271224,0.00047426001195630113,788.9593550510513,3.028789791598956,0.3265952564944578,0.06162437456359682,0.12355582361446238,0.027230486843850776,0.021462448389449322,0.008121905583189943,0.011246823167047358,0.004182026346674353,Voltage Swell,voltage_swell_115
0.015978245272564924,0.8584391275417603,0.8585878173003906,1.6272075662715328,3.2544151325430652,1.895213900642074,0.0452895465237942,-1.1895375484423836,943.5814912213106,50.0,1.1865631078049983,235.33332256610902,1.4725434821921204,0.001225912179149747,0.00023575361196410835,0.004655686570597661,0.00363470690725813,0.000692976732539427,0.010262594935886264,0.8138452409109127,9.85510276279459,0.006724720391058429,0.0016695917947800298,943.6227263016739,3.3115354974202393,0.46913180833125817,0.0738559786787186,0.2561649047016431,0.039282688728388755,0.0419533148613415,0.011350388388834589,0.01516070231066621,0.0048522989822675205,Voltage Swell,voltage_swell_116
-0.009245585766846304,0.8402368471420119,0.8402877127218514,1.3454144830478763,2.6908289660957525,1.6011354952320107,-0.013400838844459275,-1.402996618922223,903.7868033936905,50.0,1.1787647893484399,122.62261349694296,1.411864394710733,0.00018907474110971013,2.1114084141278094e-05,0.0004961815281845584,0.0004847257782523735,0.00011725636341756902,0.009661545217544518,0.6727073907994433,9.3714109174962,0.000933358949068695,0.00014572179097988236,903.8648146694685,3.2418424032795126,0.36538316948809274,0.06518124861346256,0.11285875643684852,0.026024739152506526,0.013646750892089627,0.006478535237814216,0.003906687047461146,0.0024633193051572756,Voltage Swell,voltage_swell_117
-0.0074212043727697515,0.7658116711860173,0.7658476284477632,1.423909013456723,2.847818026913446,1.8592588924521105,-0.029988828433591255,-1.2510912037832538,750.7489151988009,50.0,1.0653041367241982,290.7384362776536,1.1709854558061787,0.0015116255525316593,0.00035903894832652777,0.009056351557647637,0.0024442660268909804,0.0007170432045615731,0.00939805784589715,0.7119442031566795,7.756435955173965,0.008491756503611135,0.0025495792375618263,751.6866934012072,2.9564361636432426,0.4681016938434719,0.0732802232931767,0.1652053347483106,0.03153663203856697,0.04061845381807389,0.011177304280907236,0.061391631229812366,0.009762831597374509,Voltage Swell,voltage_swell_118
-0.004286107500982461,0.8970164774988768,0.8970267173401263,1.5503854113777766,3.1007708227555533,1.7283603502616607,-0.0037932812363273764,-1.2486608627014697,1029.9608724761638,50.0,1.2419878356248362,271.2430551720079,1.6072013631697342,0.0015544623095674003,0.0003949384578909498,0.007203090567895337,0.0051125912396626574,0.0011791742796619042,0.010968786176644305,0.7752071845362337,10.881190065957908,0.009440222997142169,0.0027652810302672467,1029.336129906187,3.4596266573571213,0.8802196688803808,0.10116836228952529,0.19120078052514272,0.03379750375105804,0.07236169797472027,0.01492149693496387,0.08284511683486054,0.01135013774065,Voltage Swell,voltage_swell_119
0.0028150326150410245,0.8103365333351196,0.8103414228991402,1.3129750145338706,2.625950029067741,1.6202738468371136,0.007634990000534212,-1.4077270717422825,840.5161237327402,50.0,1.1380467513227421,232.77042063706804,1.3125237636374492,0.0005708654658466285,0.00014904742936989052,0.005171987869974496,0.0029395029513601934,0.0009185721185786912,0.009591144372183653,0.6565252451129625,8.642961462835427,0.0034137325013269843,0.0010428682234430685,840.9764084511039,3.126933039691586,0.34062444227693645,0.06269017143419127,0.1568155596986569,0.0306238449433007,0.03670021272446357,0.010619099048435792,0.023727529797417345,0.00607449020278362,Voltage Swell,voltage_swell_120
0.018091290810712958,0.8673148687401777,0.8675035310250844,1.6746135299808755,3.349227059961751,1.930382378962931,0.05015025478812696,-1.1295524207251713,963.2798417164665,50.0,1.1957593019953903,219.76357263812494,1.5032830155706045,0.0012377649732764567,0.00020412585077421176,0.003806227382057252,0.003157293759768147,0.0006770875210725077,0.010318376626842195,0.8373086927912008,10.08401677031965,0.006371027580656983,0.0014367658311446288,963.7077756093674,3.346248147225653,0.4712552244183751,0.07402058738415823,0.17909409249146024,0.032826173709973136,0.05150285427978748,0.012587819569246256,0.041019109552785094,0.007983431348620139,Voltage Swell,voltage_swell_121
0.0033234697936617374,0.7823134624396195,0.7823205218871198,1.3830157104513778,2.7660314209027557,1.7678376979214205,0.0051763094902610406,-1.2893526312944121,783.3925106761412,50.0,1.0884300530202213,267.2489823265296,1.2225896403677257,0.0010769642403166758,0.000273249868018565,0.005717173550442757,0.004265620639261706,0.0012212499169189238,0.009488234794995602,0.691522044727728,8.15056093158265,0.006482678317304921,0.0019108748616628339,783.0147138005709,3.017319238812366,0.6355579784602616,0.08590372334876462,0.16056950333591888,0.031101141589848023,0.05885274793122757,0.013445110771128164,0.046973703746021146,0.00854008920429124,Voltage Swell,voltage_swell_122
0.00726307826876485,0.827760066655237,0.8277919305326795,1.4273285644335263,2.8546571288670526,1.7242600607538225,0.025065121406574332,-1.3066820614010803,877.1065347264264,50.0,1.1528751335017466,270.33954871375033,1.3686684487045149,0.0013165678000795777,0.00032208162513934,0.0022043483614031115,0.0021513747531915284,9.249475009281493e-05,0.010083975392954749,0.7136732554704999,9.141816707628461,0.0074760721860933875,0.0022682518154079675,876.6834378772418,3.1925588429336913,0.6631131670269147,0.08758999813438324,0.17475592162387665,0.032408186472020754,0.13159113501863515,0.020084419060921177,0.019114894930085884,0.005438201176961274,Voltage Swell,voltage_swell_123
0.006985412513150302,0.8226045364598084,0.8226341953701142,1.49593759376939,2.9918751875387795,1.8184724172504514,0.02452553118834508,-1.2647769195535672,866.210584822061,50.0,1.1437403803758572,288.9927577061884,1.3512716970644114,0.001576264543539692,0.00040768379664611024,0.007843568984346868,0.005195571226310073,0.0014710746726889616,0.010091524160128465,0.7481170444791208,8.983132219382634,0.00944874644931705,0.002856632758851989,865.7756457431943,3.1727461572487594,0.5256404196301598,0.07794058102313,0.2018285562410378,0.03460130686552703,0.05991844316516271,0.013563437837640475,0.04217981104351631,0.008098752493116002,Voltage Swell,voltage_swell_124
-0.011247870161169599,0.8497510806905905,0.8498255195732762,1.539496237036322,3.078992474072644,1.8115439011616636,-0.02695702651121989,-1.1828416485251394,924.4203695590257,50.0,1.1734868863031132,276.3661963033889,1.442177023929503,0.0016045767993121585,0.00036520320921061794,0.00813450312674409,0.003692214089407527,0.0010347467934927706,0.010294933088536904,0.7698128981325368,9.728501687349432,0.009021259551333724,0.002560516318131645,925.7462202922376,3.2809283322354097,0.7516917029790582,0.09340715907377736,0.3043136904223526,0.042815599598371376,0.06507660562420746,0.014141152392254094,0.02139734555974951,0.005758377917848278,Voltage Swell,voltage_swell_125
-0.0010448058921236625,0.7314656504277482,0.731466396613707,1.1999094528836989,2.3998189057673978,1.6404163724225596,-0.0013614505784066905,-1.4228125708186095,684.8551544000525,50.0,1.0281254126681405,213.7757232096346,1.069600268910287,0.0003570652842943045,9.365673289050482e-05,0.002001022447375611,0.0018490215280878135,0.0003253122866413255,0.008583458352999321,0.5999574744741056,7.00412811133881,0.0021995651319089427,0.0006513494864311272,685.4187017169933,2.8230422743476655,0.3283603834413092,0.061734265612339634,0.12455929398309185,0.027380891670969413,0.03253223104279201,0.009999330898943778,0.014474782067493409,0.004740045608645205,Voltage Swell,voltage_swell_126
0.009501785298401844,0.9232582394987593,0.9233071323921447,1.705126636627479,3.410253273254958,1.846759953221541,0.03370301842515163,-1.0996966835665696,1091.194957729543,50.0,1.2652057016896952,324.0957711645498,1.6998737465786615,0.0037410502251549196,0.0009407640853392779,1.2465956909467852e-16,9.401812586901779e-17,0.002491252984767036,0.011712168441569077,0.852603378460762,11.575131008193662,0.02129664193030085,0.006554864937536658,1092.6499397857535,3.563406389167902,1.0814051445130317,0.11206227408679105,0.718478838586013,0.06573202067874358,0.06977617321877905,0.014652409343258408,0.1974936265034561,0.0175127773582112,Voltage Swell,voltage_swell_127
-0.00017481762559796722,0.9583199661615996,0.9583199821067969,1.7500514169863821,3.500102833972764,1.826166050651678,-0.00026550352006353325,-1.0463971514472739,1175.5228007746196,50.0,1.3007455336226383,321.6913323791539,1.831070822507748,0.004199313344593921,0.0010878339363939787,0.015860076364921618,0.003756173955926606,0.002430120120979069,0.012253613502982447,0.8750567549980868,12.675392602744616,0.02489094739276521,0.007560430277125047,1175.746829690805,3.697289430239463,1.4467376985474032,0.1296890587889622,0.23827091662076993,0.03783526463185155,0.2373663339850487,0.027015362695753553,0.14642200212640935,0.015090292921678556,Voltage Swell,voltage_swell_128
0.010513564899467937,0.7504923557966093,0.7505659938713184,1.3375377725294448,2.6750755450588897,1.78203886593479,0.030740823588907753,-1.326081739759505,721.0871182797312,50.0,1.0485438920770227,203.5378327308798,1.1259493231679358,0.0005136717893159575,9.18730069637814e-05,0.0028573137188326802,0.002280565900586934,0.0005979446174584595,0.008795650117378628,0.6688094174071662,7.428230263824585,0.002680734470486757,0.0006506369573187912,721.4654519136542,2.8957832076901364,0.30729498927547594,0.059686984842078905,0.14469546074378703,0.029418530672522578,0.013443762631238611,0.006428984265623354,0.01899474797137081,0.005433917424647434,Voltage Swell,voltage_swell_129
-0.0021807081198392197,0.872136844789452,0.8721395711279271,1.462333952691564,2.924667905383128,1.6767201043276472,0.0025080962429761843,-1.337880355758366,973.6031123548217,50.0,1.2165639357777775,208.99971990616186,1.5204643782193512,0.000603919018838988,0.0001337122676793377,0.0037350577312888385,0.002781671690788717,0.000699319279381943,0.010282072620154454,0.731167714403879,10.17359757668422,0.00362162236609011,0.0009344231144809486,973.3705066461986,3.364246325651412,0.41863981628437263,0.06976626313506261,0.19150651016615755,0.033963106968247586,0.030569554547181063,0.009688231399870947,0.0077528959226799135,0.0034698081301201794,Voltage Swell,voltage_swell_130
0.004099890660626359,0.7464425168325461,0.746453776223776,1.2285419808400422,2.4570839616800844,1.6458379875220799,0.010880738980089708,-1.441664571825499,713.2073472495808,50.0,1.0511719308754386,206.16307400095099,1.1139543954123727,0.0003158512689239029,7.278790690113376e-05,0.0037840100321685543,0.001514434330043661,0.00046543039697629696,0.008647201032361064,0.6142730121180845,7.2364667085735555,0.0017562992714773905,0.0005094609853158794,716.3192580600531,2.8852924793087964,0.29170713217221006,0.05823861197569945,0.11496560923766336,0.026301848446113912,0.02262875267546737,0.008342515663715492,0.015267865648934004,0.004870059677992846,Voltage Swell,voltage_swell_131
0.006641216153977586,0.8246148372633937,0.8246415800739962,1.5189613993473279,3.0379227986946558,1.8419655715264653,0.01255858044021669,-1.2981445661892266,870.4431815512795,50.0,1.1495001838419558,269.51621522033673,1.3584107988235126,0.0012259180494552963,0.00028272773693846113,0.0074498811370392075,0.002624532227286632,0.001024762122952312,0.00983114440051963,0.7594826208595233,8.97005344885466,0.006963599092608051,0.0019890325353006623,870.2171992176806,3.180792518575364,0.44452634948727604,0.07184250062185393,0.2392971258295571,0.03796282357073557,0.11490562428299042,0.01878415264428996,0.016656952022122414,0.005082743319982819,Voltage Swell,voltage_swell_132
-7.1955078642771396e-06,0.8567028297120995,0.8567028297423173,1.5673600851505605,3.134720170301121,1.8295259811621822,-2.2094033071434404e-05,-1.2154471250749075,939.4428652652722,50.0,1.1885869821943718,302.71189058850456,1.4650700847709215,0.002042218896298269,0.0005612781423563358,0.01070507850444294,0.00493993401598111,0.0007875235870003075,0.01063019194744119,0.7836801338354297,9.771842352066587,0.012659179157795877,0.0038958051333950624,939.1455197014117,3.304485956434221,0.9667438924654922,0.10600820120700867,0.32154378339965883,0.04390317329610502,0.16258783784404868,0.02235737280747941,0.07508156908292532,0.010805905956234702,Voltage Swell,voltage_swell_133
-0.0006860901444112278,0.8743362996517228,0.8743365688385414,1.4854084558637137,2.9708169117274275,1.6988977801022487,0.0014050744127940189,-1.3057448509433012,978.5144775786923,50.0,1.2166956179276642,181.56450746409183,1.5282576180237608,0.0005312835596611751,0.00010326189516731083,0.002247797778868407,0.0024273354215158236,0.0005008858845626187,0.01032038567104641,0.7427440062541989,10.264071939825717,0.0031742797493279993,0.0007164862213590807,978.9417996048536,3.373817101029449,0.4293644920252284,0.07063774049656588,0.13232992565093468,0.028218262803385876,0.01771362778757279,0.007380224682115742,0.02066339381723662,0.005664960369896416,Voltage Swell,voltage_swell_134
-0.0030433688707313445,0.7557429623013745,0.7557490900835674,1.2223807965146867,2.4447615930293733,1.6174426308312244,-0.004252573015009091,-1.4432055150759677,731.0805595675394,50.0,1.0642603959220442,196.92886716499612,1.1419792871393075,0.00024227590859947815,6.025891485139636e-05,0.0034573653777067543,0.0012012467237640337,0.0004890515489490937,0.008695305751636634,0.6111929142955482,7.434774455075274,0.0014919593614763876,0.00042667806938855024,734.1612337095323,2.9215022832170874,0.371183286179068,0.06569006511649114,0.1044195175489094,0.025073480527442273,0.013401182121434553,0.006418154440689698,0.012722916931531346,0.00444686478729765,Voltage Swell,voltage_swell_135
-0.016291913105496984,0.8245292843146258,0.8246902249481475,1.5874349289196952,3.1748698578393904,1.924886315971043,-0.051315754806150915,-1.13930802263525,870.5458779200335,50.0,1.1373376399091935,233.47354801555935,1.3583151952823698,0.0013112799323992952,0.0002477009701172468,0.0027220067726081163,0.002573133524303734,0.000864250871553861,0.009963028120888022,0.7937644095359004,9.105800018503041,0.0069031193703237735,0.0017218782480390995,870.345615590497,3.1808056351967764,0.4102336192396982,0.06895281628627187,0.1491519992108802,0.029968958739178278,0.03251182365394885,0.010000440444308653,0.05038363906589446,0.008845912657546525,Voltage Swell,voltage_swell_136
0.0006346976428467377,0.8368011789029832,0.8368014196059423,1.4446093878529611,2.8892187757059222,1.7263467221787399,-0.0004402691728324133,-1.254659890493441,896.3028682937861,50.0,1.1610537082221015,229.75350025654419,1.3992882776363118,0.0008931514909309048,0.00021325404644759763,0.005498416216054075,0.003600358049334485,0.00038038925313294144,0.01009370182512062,0.7224510775215766,9.431155536362388,0.005506868464094551,0.001504180638262223,896.403717859923,3.2284596879305845,0.3265997600898406,0.06157777010845049,0.1943496341941366,0.03419151842312344,0.026664870035049894,0.009051631042933467,0.03142533456823274,0.006990865710717713,Voltage Swell,voltage_swell_137
0.005687444506473338,0.8593357891899683,0.8593546099298939,1.715525753723798,3.431051507447596,1.9962955151445039,0.028965563709298193,-0.9840072515789853,945.2676423779328,50.0,1.1728510442714108,361.0615362809804,1.4703738647599292,0.004870458304792578,0.001240342167419227,0.004354834327108864,0.004250069651371207,7.406124150626043e-05,0.011162387172319129,0.8579600078319171,9.949084150450252,0.02809654651006104,0.008788157781748908,945.1939501088623,3.3145798779020654,1.8280202697895096,0.14557598069027092,0.5931512707166912,0.0597617920387983,0.07808939059328057,0.015495640490825304,0.2653419304103435,0.020299328871886835,Voltage Swell,voltage_swell_138
0.00625167559177191,0.7577334254536613,0.7577592147228855,1.3219229815837246,2.643845963167449,1.74451587773223,0.0170120963091982,-1.3741472738091476,734.9747551967287,50.0,1.0621625759970679,241.35435540499554,1.1475218642424965,0.0006383927431121259,0.00014558486364117939,0.005323089584824922,0.0019512923908998777,0.0007917646414642059,0.008921297005735209,0.6609732721470037,7.521527132275641,0.003551647689420969,0.0010173493900017395,734.7451381604477,2.9228493702604017,0.3866397019755331,0.06705080458113352,0.1376211453747481,0.028731155832976224,0.03713582918076925,0.010685815090140981,0.02982522985433212,0.0068089167582742385,Voltage Swell,voltage_swell_139
-0.006939602992963772,0.9210465956548326,0.9210727384181211,1.60209130027343,3.20418260054686,1.7393754406662518,-0.013418943366678242,-1.2135301088321313,1085.9199865050323,50.0,1.2708798253008151,294.2599088193778,1.6936265709202953,0.0022889883578257175,0.0005745745148264143,0.010858575022553735,0.004658980147329203,0.0004813004329405269,0.011433756914455667,0.8012827027829702,11.532785196464166,0.013356620386383647,0.004020256928297721,1085.3387297798456,3.5524293118833428,0.5268150351136789,0.07815020920619134,0.21352463906046884,0.03581897827336535,0.22054053480029434,0.026003681115587794,0.03380028392715049,0.007232549127146519,Voltage Swell,voltage_swell_140
-0.00371749914378251,0.7879237826465345,0.7879325523545193,1.3249856532470865,2.649971306494173,1.6815978084495309,-0.00904597352492123,-1.4016023198869607,794.6722650366813,50.0,1.1059334415640367,236.89527401679302,1.2408978235476387,0.0005596734165141639,0.00014913214953582378,0.0053648850011042346,0.0026146226466814584,0.0008712856641523482,0.00931873780422333,0.6625062680702316,8.136962567817987,0.0035150856375181817,0.001049289078859457,796.1241962359854,3.042483942647126,0.43374478345978296,0.07100086685425065,0.13822167496312698,0.028821109487763508,0.04390848317315783,0.011618678306210476,0.026533898000583814,0.0064187735362394365,Voltage Swell,voltage_swell_141
0.0015609037317421137,0.764522051911454,0.7645236453369899,1.210764380499923,2.421528760999846,1.5836846746115403,0.00632374417851821,-1.4438767985359713,748.1553974775802,50.0,1.0765564133148318,220.7118625080842,1.1684515600964984,0.0003991234890894324,0.00010163856626168527,0.0015476876298739866,0.001488228507939009,0.00031089188169901235,0.008958958751981985,0.6053955761004461,7.635323694227376,0.00230198107576663,0.0007196788293976428,748.8215906868701,2.95062336242093,0.39150138398856305,0.06746459828769974,0.14234967585976246,0.02922160842186133,0.027446159067532033,0.00918100999308695,0.014399649208702054,0.004732275721882465,Voltage Swell,voltage_swell_142
-0.0012521634086936739,0.7979825707571931,0.7979835531798014,1.4016315807435555,2.803263161487111,1.7564667531762825,-0.0017230236683130709,-1.3950772255376005,815.0755214661899,50.0,1.1189391477911594,241.7135123420143,1.2725229546945231,0.000774485078669448,0.00018800031108185292,0.00645191755064176,0.0009616481800649793,0.0003901811909318128,0.0095092339170393,0.7008171951482077,8.325530620618869,0.004457554626195481,0.0013119747121908523,814.9518520881182,3.078332116240698,0.4736103814794005,0.07412463555301367,0.1835454982163394,0.03320190801856258,0.030107950028601414,0.009617731833561627,0.021669645409932926,0.005805123172680981,Voltage Swell,voltage_swell_143
-0.011885890229157703,0.7752456745429259,0.7753367850708851,1.3948894166172534,2.789778833234507,1.7990755030253422,-0.03373463088064958,-1.3107678370955347,769.4683267635914,50.0,1.0815100740862098,186.78982406094556,1.2014859688970299,0.0005407907607969679,9.350795521313969e-05,0.0005793504939493817,0.0005765625713663985,0.0005524299997880987,0.009137506735951168,0.6974525326628302,7.946160811352026,0.0028133731964334703,0.0006455949431734159,769.2842207405012,2.9905013547360233,0.3596980385483549,0.0646721771500835,0.14374884762259912,0.029325846480435656,0.0194566110405686,0.007736063156858396,0.018653847863774834,0.005382277255262697,Voltage Swell,voltage_swell_144
-0.003934267127928298,0.7365767649726898,0.736587271920624,1.200998131939641,2.401996263879282,1.6304899334011738,-0.011249903380310417,-1.4470896595437843,694.477835718998,50.0,1.0378224745198383,199.17959795751466,1.0847489072667773,0.00027117550150486077,6.304749048475198e-05,0.0036580919993618385,0.0008379609383776472,0.0005660042293076661,0.008514295970694735,0.6005805588181841,7.038239534809907,0.001508032418052402,0.0004389200635485502,694.6595249806506,2.8420829420047165,0.3327980464329124,0.06210724599831804,0.11437495202751082,0.02623403285681297,0.021108842216426994,0.008059147924597209,0.011936002487061658,0.004305595310450074,Voltage Swell,voltage_swell_145
0.0077878180485923985,0.8507659283887181,0.850801572058418,1.4577696797762911,2.9155393595525823,1.7134073650659452,0.013950316435714096,-1.2544803890536553,926.5450432218565,50.0,1.178805294472263,273.2224404874452,1.4457935734917053,0.0014047027492311956,0.00034272507555295435,0.008407760372557907,0.002881957145205146,0.001249641529431565,0.010361547225234908,0.728886672602748,9.793881651838923,0.008172034098493021,0.0023912516393690703,927.7082104794051,3.283725897537785,0.5810428604160284,0.08218179834574306,0.20881648012967988,0.035448288301175086,0.07923073183211661,0.015612090240086975,0.06564201440919322,0.010102379633025132,Voltage Swell,voltage_swell_146
0.004507403723307435,0.9374686879752911,0.9374795238416884,1.711871019230652,3.423742038461304,1.8260356367185133,0.0034796163524805617,-1.0650181309554727,1124.9508577567217,50.0,1.279921641620073,295.8223138725332,1.7540335363973258,0.0027102827503588736,0.000711561289608392,0.008095367235445718,0.00660395849864213,0.0019265785567761859,0.011724706673395997,0.8559971786737596,12.040748659585663,0.016962860297062912,0.0049597565621127115,1123.9235630752023,3.6149555703919356,0.9642764204709298,0.10588770699541633,0.5075606571585182,0.05525334158588857,0.06681111654653887,0.014325210160423258,0.11974071539841433,0.013634705241999258,Voltage Swell,voltage_swell_147
-0.0005547841590076763,0.8602654557238575,0.8602656346136577,1.43973203988886,2.87946407977772,1.6735900888726831,-0.001255205316595579,-1.3375348552968416,947.2729114844661,50.0,1.2006571669322663,267.9925891805314,1.4785228792332068,0.0011580605263300666,0.0003146647665142145,0.0011065623850178448,0.0011012252123789828,0.0010251217847991058,0.010447543974385224,0.7199280771584867,9.877521249577207,0.007282129980727427,0.0022368532353362405,947.2495608614483,3.3187553069153983,0.6297674433936543,0.08556339128474716,0.2679011039002239,0.04004202956822769,0.04891625534922274,0.012265041159959425,0.0674142404229483,0.010239296769539172,Voltage Swell,voltage_swell_148
-0.001901715137542237,0.815697618848299,0.8156998356719519,1.3096835287710327,2.6193670575420653,1.6055949400682967,-0.005286195395200523,-1.423297577424469,851.6687640515192,50.0,1.1462240526522212,230.90758081383757,1.330004983666201,0.0005236048735584514,0.00014628012541237774,0.0034758326150471836,0.002935336727019764,0.0006832104460406166,0.009644229134682193,0.6549368806187241,8.75328617782589,0.00331791590041902,0.0010212962119212682,851.4366306086803,3.146490528238168,0.4168417503209879,0.06961780880707405,0.16573779926905682,0.031475147603574505,0.05200693411830656,0.012636377216212124,0.008631976314703428,0.003663845360228058,Voltage Swell,voltage_swell_149
-1.6653345369377347e-17,0.9013462513234102,0.9013462513234102,1.5858206626166247,3.1716413252332494,1.7593911998707146,1.5161258734129703e-17,-1.1999507045810038,1039.904082911698,50.0,1.243710006941815,289.6704844463178,1.6218730466885916,0.0021760540076121047,0.0005832144270623902,1.0215745009409603e-16,1.1697639455086356e-16,1.0044023568752765e-16,0.011227769751182403,0.792920285069394,11.013107669598266,0.013682481864220466,0.0041545074823751615,1038.7708155028272,3.4754465830531798,0.8661610724608468,0.10034563764648899,0.39202292494010355,0.04857305603633514,0.22586412114743346,0.02636185243211747,0.03494555500417762,0.007372087558325116,Voltage Swell,voltage_swell_150
0.00025013062028563237,0.7856595722979787,0.7856596121150494,1.2690071457588212,2.5380142915176425,1.6152123975686519,-0.0006964498684616093,-1.4409176817497478,790.0941134192256,50.0,1.1059178016980566,127.32754788166457,1.2343816852399305,0.00011522549964435986,1.8658593815689244e-05,0.0004936652508293326,0.0004820611792612574,0.0003312455686204547,0.008961236139401021,0.63460355621401,8.053805603780301,0.000679356388327877,0.00013073574500256597,790.0241651337592,3.0308936225091627,0.3482453181657894,0.06360729978786375,0.11430229466149436,0.02615169058970922,0.012903309620932236,0.006297575925770276,0.0010681786222208585,0.001288674847748535,Voltage Swell,voltage_swell_151
-0.004494081221808876,0.8953033294150959,0.8953146086308343,1.7186967087246623,3.4373934174493246,1.919656724188909,-0.019877708718933185,-0.9991932078687977,1026.0329579875636,50.0,1.2209139257208408,357.4517399092478,1.596821372403648,0.004579375915644341,0.001283558135170749,0.00848741095815602,0.007637923894673255,3.760631819615534e-05,0.011597065708254825,0.859350303894701,10.874869528398476,0.028457543321444456,0.008923755577847924,1024.402208559323,3.45132255250834,1.1486573823755417,0.11514474373819664,0.49870237761780467,0.05479269905197697,0.24756069748157528,0.027598970413816648,0.26951654568686545,0.020473270312513368,Voltage Swell,voltage_swell_152
0.008325539562825284,0.7984772999581127,0.7985207030236661,1.4667469598794032,2.9334939197588064,1.8368302215880004,0.035677232769254774,-1.2655011052014629,816.1732008414848,50.0,1.108240492969666,292.56551955541056,1.2729900865326114,0.0016260429307913464,0.000424729196052088,0.010051671998148074,0.002392579966045316,0.000709989089586236,0.009858777557908887,0.7335118801457479,8.481322399529864,0.010013759109912816,0.0030403119930603574,818.05995588707,3.0832610297099556,0.5738864647850006,0.08132094062990823,0.28389233467938196,0.04135362950383005,0.08097344021607446,0.015772773057476645,0.055686095118194105,0.00929500786793425,Voltage Swell,voltage_swell_153
0.011192057450706505,0.7820168247679341,0.7820969098328554,1.3995500232446156,2.7991000464892313,1.7894841491471036,0.03137459243888381,-1.3183962125921698,782.9447377537299,50.0,1.0920305718108747,205.5104086680359,1.2225103924307172,0.000575706616824599,0.00010271714598569371,0.0030831712371056814,0.0023489010379983697,0.0005615235095359517,0.00914832651988152,0.6997751220723529,8.071317102070282,0.0030038670376172465,0.0007262122414803534,782.9613547462525,3.016855363468306,0.32330747350109884,0.06131277696105814,0.12988717184709495,0.027956665246750636,0.027383168030406666,0.009177734037407174,0.02117608946923537,0.005736811839407221,Voltage Swell,voltage_swell_154
0.016130056506827667,0.8928091853526648,0.8929548813758748,1.793316898564821,3.586633797129642,2.0082950840692533,0.05136972346670209,-0.9625720580831869,1020.6315778214431,50.0,1.214296672756301,310.5107608635295,1.5901612988362666,0.0032401734085556774,0.0007874184214790255,0.011399722152353596,0.006434433174186955,0.0016807510721190272,0.011152869779515049,0.8967929313591699,10.812304708503106,0.01918147802581248,0.005498099822136147,1019.6780577667906,3.4424286028590827,0.9952256828996606,0.10746173751641404,0.5976917163363132,0.059982908552418605,0.06603513835560881,0.01425425563213671,0.16416586212400777,0.015969050324657744,Voltage Swell,voltage_swell_155
0.003597571496144164,0.8261358694534195,0.826143702583411,1.5590194839112423,3.1180389678224847,1.8871044819856266,0.01273973111810968,-1.2568510850755938,873.6171741673311,50.0,1.147228485048967,307.77742293296143,1.3620423225848919,0.002228947434407879,0.0005410605055252896,0.010539722237280863,0.004910073488856843,0.000806168268709321,0.010267178793833985,0.7795181918686807,9.035108669670526,0.012489084504567271,0.0038218566503570245,875.812932124128,3.190549914276153,1.0837845878598462,0.11179296639201097,0.23557028129151633,0.037598816279123405,0.1028639289897268,0.017786501889832267,0.08376257498828313,0.011413346341706675,Voltage Swell,voltage_swell_156
-0.006173771108115756,0.8594565016034383,0.8594786754760798,1.6995694306521039,3.3991388613042077,1.9774422323028622,-0.018658968474428713,-0.9514903681223585,945.5405998055891,50.0,1.1703769418716508,333.1858223563831,1.4724322747998417,0.0036046168568107484,0.0009768658175487571,0.014514821473309824,0.005307968062794888,0.0009616193685578585,0.010983179822283416,0.8498747740507979,10.00793589803575,0.022357472215930648,0.00677774852818794,945.8542085604233,3.3163208852614,1.3662771255182844,0.1259403090054143,0.3437896188284682,0.04547227860700902,0.27154489207259963,0.028891559653466976,0.10465900359265733,0.012757433861233564,Voltage Swell,voltage_swell_157
-0.0055060442128906815,0.7774457572564855,0.777465254528448,1.498609898821254,2.997219797642508,1.9275586787840064,-0.00990970287994314,-1.2080813837300879,773.6988441587,50.0,1.0771329525839566,288.27409014877554,1.2067866554503672,0.0015824926305936656,0.0003682301908591051,0.008088711794929652,0.00423318242541182,0.001298925800766876,0.009500465858472421,0.7493623526432197,8.0223872582087,0.009116551036854171,0.0026234086291621146,773.774963467261,2.99955645908279,0.8251083073006359,0.09791251474163873,0.18948529650703982,0.03374539689701834,0.08591854233397658,0.016256523021140497,0.07253192581369712,0.010614117961815692,Voltage Swell,voltage_swell_158
0.014933218405280835,0.8636713872622442,0.8638004782282939,1.6481155043591353,3.2962310087182707,1.9079816993591046,0.04361194740865485,-1.1650838857285997,955.0736207199093,50.0,1.1913696592031082,266.091630739709,1.4899686174851003,0.0016221153931509221,0.0003584631476882612,0.007132908943374691,0.0043192030905955525,0.001055886921162335,0.010401556166856377,0.8241139675888837,9.995660507341462,0.009321487938060645,0.002512566350881441,954.3315026564994,3.3307226953206412,0.6986681025291979,0.09010200020904138,0.2808853279539455,0.041071939931934684,0.13789325208187778,0.02058865980741474,0.021358953962622558,0.005757620454058417,Voltage Swell,voltage_swell_159
0.011901455989443671,0.7559548955126997,0.7560485756247975,1.3407270172454033,2.6814540344908067,1.7733344926093604,0.027417239820065463,-1.338263307756865,731.6600943414851,50.0,1.0565531381376059,108.51791973541171,1.1428243221775198,0.00023501438895425424,1.427675829005609e-05,0.00031697777581819476,0.00030976492871327005,0.00015338925240943987,0.008658920297810423,0.6704023493894715,7.539202049397508,0.0010907420488733856,9.613971076372684e-05,734.3127825099584,2.920650649665946,0.2905255839720806,0.05806651720015126,0.09342863811017653,0.023689513632285535,0.010539626295870061,0.0056932731114341184,0.0020706829101765135,0.0017938154214932331,Voltage Swell,voltage_swell_160
0.002815782366212627,0.7607545214549412,0.7607597324677945,1.2735356448719595,2.547071289743919,1.6740313538140619,0.010572079386804122,-1.4325076566387525,740.8068742969219,50.0,1.0700653364894657,238.45411220172605,1.1567362010559354,0.0005777502405067792,0.00013690065513718004,0.004441109770493736,0.0031116688064040986,0.0006656372247080811,0.00898572925539605,0.6367773660256288,7.533176830497828,0.003200806599582161,0.000982904667076114,742.2943009105476,2.937527489000119,0.3553983041364259,0.06424380847663447,0.17009344563136952,0.0319990352836913,0.02434444715313235,0.008653974811192702,0.029633486993555832,0.0067838445820798616,Voltage Swell,voltage_swell_161
0.0031560139930550514,0.9495320954385283,0.9495373403359167,1.8409707666379578,3.6819415332759156,1.938808184188671,-0.001021155206019659,-1.0045390707820825,1154.0750856860245,50.0,1.292388873830472,271.8500219959786,1.7998481881174306,0.002583641736733441,0.0005847967110238023,0.008976429214653366,0.006039368609127677,0.0012830916187405246,0.011732325027573966,0.9205220830581655,12.284966292730216,0.015341405730844861,0.0041563916793408585,1154.064654590834,3.6630760615180935,0.5712644604538062,0.08140334325094625,0.28351552245373196,0.04132632835794198,0.11137977917713268,0.0185108075391418,0.12315171625607257,0.01383003813007313,Voltage Swell,voltage_swell_162
0.01084539579240203,0.8068345851515394,0.8069074732623006,1.3312842313529525,2.662568462705905,1.6498598358111172,0.018800435569118458,-1.3393372598915738,833.4075781203844,50.0,1.1259763977883899,162.7133232696514,1.301611471747213,0.00038811839886338927,6.060378006291582e-05,0.0014551316716013146,0.0017778043423306664,0.00031545736680155305,0.009473290478228936,0.6657886177620317,8.735819080425873,0.0020033039895625154,0.00042944658577076457,833.256855062453,3.1124175967917425,0.36152058664441017,0.06483286926948213,0.11707488975918968,0.02654157889823625,0.01891244655855297,0.007626822417977613,0.007329710295350075,0.0033721864741978343,Voltage Swell,voltage_swell_163
0.0037283777082415316,0.8516991304848217,0.8517072910741911,1.713760540295368,3.427521080590736,2.01214731663495,0.020045925898615292,-1.002197372801478,928.518796376239,50.0,1.1631769141781378,366.8342211917135,1.4439060915001454,0.005104648073494249,0.0013094184503055666,0.004424922299268832,0.004318459143701589,5.028028692886351e-05,0.011096419678853957,0.8569190193938012,9.752202796282337,0.02890264073461495,0.009066150494835478,927.6714893564072,3.284145167789388,0.807322548410461,0.09645518891727814,0.4591528854864757,0.0525727743791586,0.24899235488121174,0.027676423190324418,0.27381639992769313,0.020620932906559027,Voltage Swell,voltage_swell_164
-0.0009547859105103473,0.7889709012134881,0.7889714789380909,1.552908871266087,3.1058177425321736,1.9682699726411435,0.0025669932607170287,-1.172718405776898,796.7692730595309,50.0,1.0914905654219649,184.93286413880904,1.2441453828125606,0.0006671590725275264,0.00010367615626387882,0.0018746146778171908,0.0017811597217339847,0.0004262285622434115,0.009305311650549554,0.7764794876522599,8.277405759245038,0.003924984771160541,0.0007163431488455514,798.1103111877645,3.0462031256898,0.37437063823315253,0.06596022748064471,0.11125745852781224,0.025816904537487945,0.02568212584365512,0.008887280705418148,0.019814257499157183,0.005548188668309114,Voltage Swell,voltage_swell_165
0.01703237094278944,0.9240780570468796,0.9242350118749391,1.6222979289534707,3.2445958579069414,1.7552872463256493,0.02771451317557559,-1.1423007754100842,1093.3892571846,50.0,1.2679607383638214,238.11267495570536,1.7062456650707694,0.001494154696038687,0.00028682173508381406,0.005516908530785241,0.003989732772619452,0.0010279003115348088,0.011117631842169892,0.8112803227359205,11.72919400645568,0.008076554064750262,0.00202697564438768,1094.1675092860476,3.5656185110808156,0.5542900534549926,0.08019362402067236,0.2126472613609282,0.03578253605289285,0.11660259945361036,0.0189199680965352,0.016713987649000273,0.005091057641959913,Voltage Swell,voltage_swell_166
3.878456832651089e-06,0.8665326435491566,0.8665326435578362,1.579142333095475,3.1582846661909496,1.8223691223102245,-1.1610945601979664e-05,-1.218171569571188,961.124892609705,50.0,1.2000471983447731,135.77075136910335,1.5012230210210733,0.0004667518902010963,5.153479593456007e-05,0.000476031058502996,0.0007200219319045233,0.0002913501822433628,0.010115262762733649,0.7897914424608857,10.06288850261047,0.0027017179704637282,0.00036416222779292316,960.9466118304222,3.342719830138817,0.4589267015821711,0.07295890768229438,0.12343336501086974,0.02721415929905396,0.02079427685976841,0.007997691447712438,0.002692162466403628,0.002041052112862493,Voltage Swell,voltage_swell_167
-0.0016799633836977411,0.786251178407961,0.786252973173951,1.4023990197352554,2.8047980394705103,1.7836486062141788,-0.0059828590310537525,-1.2843027502744488,791.2879844158437,50.0,1.0958012578303058,290.87812910817695,1.2344939000416129,0.001377688400293607,0.000375373744486296,0.008266268427555696,0.0046587281229034504,0.0014664722234696648,0.009645698183924136,0.7012367132771136,8.183897575953985,0.008461548454059557,0.0026122801204520735,790.5745845203202,3.0319452541918572,0.6223898629491549,0.0850448791304454,0.3125838926801431,0.04338907759273028,0.08192577964753017,0.01586510012146346,0.053844256018994174,0.009150872135769966,Voltage Swell,voltage_swell_168
-0.0011870540866394997,0.7783026758818806,0.7783035811187691,1.3645838048559304,2.729167609711861,1.7532796173090481,-0.005043048577965349,-1.323314504075606,775.3682744093444,50.0,1.0858786633324027,293.87588181022943,1.2097475156764474,0.0012737546220811069,0.0003556124123070336,0.0023420873267195755,0.0022857457744576972,0.0015519467520625728,0.009545261453959527,0.6822926362649233,8.018670361441673,0.00813941770493129,0.0025426175090322387,774.9752025697079,3.0018818282577198,0.5567726806425327,0.08034778238695141,0.2562086291757936,0.0390563277877143,0.06074945160448934,0.013671541566985709,0.021483506199544485,0.005780245004391524,Voltage Swell,voltage_swell_169
-0.008798035488271804,0.9376818464325599,0.9377231204132846,1.7857308973272907,3.5714617946545815,1.9043264034466352,-0.032561917575678785,-0.9838318964207065,1125.5355527137633,50.0,1.2729567392857202,349.2828818595234,1.751386719190143,0.005338799806353491,0.0013517492087644274,0.0045029358478526895,0.004394634970831756,0.00011291636916786998,0.012127609209203681,0.8928779169143292,12.022461902906592,0.030302235856098047,0.009411937058030296,1125.0302524596273,3.6168627942970923,1.8000376290247029,0.14459882636881985,0.47945648161252374,0.0537258473754605,0.2671427355578642,0.02866709726395476,0.2839237033414431,0.020998091210583256,Voltage Swell,voltage_swell_170
-0.005976700297353565,0.7926016663302229,0.7926241999938498,1.4604708099879282,2.9209416199758564,1.8425766081800403,-0.02201780879370524,-1.2824062493025024,804.1639966923397,50.0,1.104569635719281,289.6794249415373,1.2544610362812438,0.0015093346286687934,0.0003637173387323342,0.008580885501787348,0.004085979222344714,0.0013981764202540263,0.009702217023490663,0.7301768413537426,8.286078441557914,0.008619509516915319,0.0026048950233570193,806.3853768091417,3.0620158236227923,0.5219079905194962,0.07769066784051758,0.25387938905916296,0.03897929678522013,0.07374656902657829,0.015049059694416058,0.062381942447338606,0.009841172483314429,Voltage Swell,voltage_swell_171
0.0019927721979279,0.8172001031133636,0.8172025328335227,1.5676905765533604,3.135381153106721,1.9183623564108627,0.0012877568337046328,-1.2402349756250037,854.8095739769917,50.0,1.1340695294854939,267.6463650924484,1.3336761583077648,0.0014898442055904407,0.00034219805839865044,0.007883542073277837,0.0036053303425217244,0.001139152815672485,0.009980605069685525,0.7838455598280735,8.844658185628257,0.008640291015484667,0.0024459730851726503,857.8401286037575,3.157735190641946,0.38938881053965246,0.06715026514343833,0.24762255270861452,0.03862121995287693,0.08800199894463154,0.016455114546670504,0.020434817592073627,0.00562328845567962,Voltage Swell,voltage_swell_172
0.005430288935109379,0.9045633413616181,0.9045796408129103,1.6573244537787761,3.3146489075575523,1.8321487451205196,-0.0012805659399402537,-1.0455766464559064,1047.3783380137138,50.0,1.2336085743895262,276.18938506476866,1.6338007727922055,0.0020352711855585585,0.0004854878299468406,0.008616167225518563,0.004945037434989567,0.0013656715183517113,0.011066069946274647,0.8286628400739439,11.230661069712962,0.012476301354622592,0.003417174445484516,1047.9796579057793,3.490346613846214,1.0122195588977156,0.10846755092980583,0.23013363611391924,0.03718309012152082,0.098036368611031,0.017367501604907434,0.09872310691682003,0.012388065690132682,Voltage Swell,voltage_swell_173
-0.007373296917203104,0.9667647987109049,0.966792915537741,1.7431889377794676,3.4863778755589347,1.8030634169553088,-0.01827885762041044,-1.0659624110757524,1196.401333163476,50.0,1.3188758713589164,328.3658126429074,1.8638142430476055,0.004030460830344728,0.001079772012977769,0.012331889468871841,0.008637541192763675,0.0019364465335153299,0.012347562602432631,0.8718148997893144,12.840096215514025,0.024597202493701707,0.007565518792816851,1196.4348956007204,3.7298818458955414,0.5693940247129005,0.0813494345555178,0.6272021135475938,0.06137504157980826,0.12839772697881607,0.019872580547690213,0.22795812251428788,0.01882855071612208,Voltage Swell,voltage_swell_174
0.005896255560020941,0.8619934221818726,0.8620135878943238,1.5152798889229326,3.0305597778458653,1.7578375911946025,0.00494916755002622,-1.1895175251921077,951.1263049144897,50.0,1.187239152724054,280.65371603989655,1.4838203617478565,0.0017089030271960296,0.0004168438787181904,0.008638227669480004,0.004474970273450772,0.0013895682143481786,0.01057846663582545,0.7576877896604997,10.117630588643097,0.01020458631480719,0.0029507385026347702,951.3680590335147,3.3256685069780167,0.5579901947051777,0.0803591425445041,0.23886576568736922,0.037933205190962944,0.08274425623765679,0.0159539728418939,0.08084813999834964,0.01120589090315504,Voltage Swell,voltage_swell_175
-0.0014620139198593396,0.7974702450130999,0.7974715851777764,1.31194832650992,2.62389665301984,1.6451348874277556,-0.00017328815919467747,-1.371398582210355,814.029989332423,50.0,1.1169386298117172,217.0819213680077,1.2712514815490228,0.0004992886245011225,0.00012313013934028274,0.004862224811898108,0.001916664272880769,0.0008428186313604834,0.009435295433698724,0.6560321133683467,8.43112931954322,0.0030714123627092614,0.0008772831840470881,813.8404642409594,3.0762408387417084,0.4357714265745225,0.07103487121979196,0.13371053912576703,0.028274912848313738,0.031292214947367225,0.009812111072190316,0.020788862448002942,0.005685791970203202,Voltage Swell,voltage_swell_176
-0.005364080812602779,0.7501604549448262,0.7501796328386907,1.3192097378847,2.6384194757694,1.7585251320287552,-0.024816240972166392,-1.351320146659048,720.3449363532708,50.0,1.0493909348271617,264.93363065819955,1.1241217453562715,0.0010350740709978348,0.0002583389721763065,1.3255834996179286e-16,1.482290826182293e-16,0.0013051517434125503,0.009084713372648788,0.6597444278535675,7.400065052025416,0.005856557852150328,0.0017996450444029252,722.3959250421979,2.8981655376945747,0.4621125109479597,0.07319451515437174,0.16953136403539015,0.031741556393214576,0.04729852552795616,0.012034447807909068,0.015171178110729953,0.004844768891058719,Voltage Swell,voltage_swell_177
-0.0073605012634781145,0.8253864529220013,0.8254192714287768,1.4445558969334,2.8891117938668,1.7500874366928285,-0.019367265172551582,-1.3513685603887586,872.0857262668962,50.0,1.153966444468251,250.67424227327484,1.3614434206404906,0.0008487518744314313,0.0002099189552443116,0.0066280646441329635,0.001796416930721606,0.0008810455636310448,0.009823291214414644,0.7222979956715395,8.983354175165298,0.005126759017116339,0.0014823846217014657,873.566956116356,3.1871059615988457,0.47648437490319157,0.07423653217810205,0.14510664098418738,0.029564751842404754,0.02672360985799603,0.009064539390651894,0.04435387568963826,0.008304101288870915,Voltage Swell,voltage_swell_178
-0.0006904216981301725,0.7806058952898394,0.7806062006180663,1.562275989146364,3.124551978292728,2.0013625153212824,-0.0010599912809378161,-1.1215630190584767,779.9629317675173,50.0,1.0766228341860864,294.13387246716485,1.2160843660998297,0.0019291401526630434,0.000494452178694047,0.0013771039602344655,0.0013704644286308214,0.0012757919266586444,0.009740525307120686,0.7808292665988114,8.110047428142384,0.01202467148772754,0.003494703997513826,780.7148919830423,3.012804084218811,0.655667029503118,0.08716010471753802,0.3112823377407543,0.04315825076729404,0.07255357141975753,0.014939058485959547,0.1044943576309289,0.012747947132319819,Voltage Swell,voltage_swell_179
0.0026191888249630147,0.8586598790314989,0.8586638737064051,1.5272891755119777,3.0545783510239555,1.7786810675028013,-0.00010173980479683937,-1.285110821453443,943.7486694508661,50.0,1.1937237804282672,244.3822290631829,1.4732037854581828,0.0010609523503840694,0.00024520965933567365,0.006320600855433389,0.0034788586882500048,0.0004200632524902783,0.010316386701473116,0.7636464580636019,9.830300804738393,0.006273629784071958,0.001744605455379319,945.4833942075799,3.3153365506360717,0.4485043869344936,0.07214225072581491,0.13302891950383156,0.028236442903120607,0.10161772404926891,0.017651498095916346,0.014556506354321465,0.00474692354263864,Voltage Swell,voltage_swell_180
0.010479579617772117,0.9079318470182085,0.907992323986751,1.7083637154862743,3.4167274309725486,1.8814737419622949,0.03792545107068877,-1.0231359188802625,1055.296077336142,50.0,1.2365347773659996,332.7871752402162,1.6430781371618413,0.004252473432592545,0.001067022320111129,1.1171272731170496e-16,1.189820326384992e-16,0.0026529479402030254,0.011624578647619496,0.8541899128626111,11.255394713639255,0.024170612795249936,0.0074344043615407985,1053.8787001041808,3.500035874800333,1.7426077579381027,0.14179885175078297,0.40439126807484993,0.04935459485356391,0.20085647282011415,0.024857662928450628,0.22394014537244317,0.018648523464159204,Voltage Swell,voltage_swell_181
-0.006215062630851781,0.8261617997199234,0.8261851767733238,1.4809880263295947,2.9619760526591894,1.7925618468632163,-0.026011341676826095,-1.3264457627347015,873.7048912895596,50.0,1.1537102940831379,283.1962437845641,1.363126769126079,0.001498742409708775,0.00036461794352859973,0.003996266871372478,0.0036914433076427706,0.0014245872227253663,0.010072858089616844,0.7405657957358587,8.991059135304631,0.008347894998044735,0.0025567206963145943,873.0707451174859,3.1861436505465934,0.7529233666377162,0.09352264756965968,0.194131486206508,0.033932379687871765,0.04510808367934116,0.011772120573091242,0.0542186257057521,0.009182589931973737,Voltage Swell,voltage_swell_182
-0.016007686643420827,0.9028066394302144,0.9029485446197646,1.7141026713301233,3.428205342660246,1.8983392592432171,-0.04810289000332486,-0.9842883253825501,1043.6045750156172,50.0,1.228535120852368,298.21554308976533,1.6262498550610556,0.003130617224716925,0.0007310618319764856,0.012253521989910473,0.003322464913862751,0.000975929038453768,0.011342238689605244,0.8571611211140334,11.143001412686393,0.017469374575969338,0.005070791398787104,1042.8214195836586,3.4818116562196217,0.7288541270456275,0.09204980763180139,0.282125873233802,0.041175993679020424,0.09682860072187578,0.01724606154558432,0.0834750052489395,0.011379086551453602,Voltage Swell,voltage_swell_183
-0.005155520388934876,0.7351883687991858,0.7352064451622334,1.2940941158062425,2.588188231612485,1.760177871562215,-0.01418740615863156,-1.367743501381122,691.876501770353,50.0,1.0299592355625131,252.17159086064868,1.0800980040601664,0.0007061573379410642,0.00016547832350190074,0.005954549843258627,0.0016371934348982074,0.0005192149590942075,0.008738282465436014,0.6470885522545243,7.083172509073133,0.003984000838724539,0.0011648313532530703,691.6486929612571,2.8358563981717375,0.36194646516586043,0.06481915788849543,0.12870512507627194,0.027833245491224016,0.04365766496788738,0.01159013433437318,0.03218712975782392,0.00707062661408051,Voltage Swell,voltage_swell_184
0.004857574285889704,0.8837132420583431,0.8837265924578771,1.571579692722721,3.143159385445442,1.7783551000202047,0.017592490893389025,-1.2500547128025314,999.6450434780297,50.0,1.2250677941258814,309.48391213324226,1.5586965568530502,0.002406377104550438,0.0005962923550267263,0.0064737037666136475,0.005655186667095026,0.0018562992132397228,0.010992968113129511,0.7858225312623484,10.461883701769516,0.013617476499188833,0.004227539116367696,998.8174090353093,3.4078476614184456,0.6613424440104456,0.08762562507409256,0.46074795337883745,0.052514039568047954,0.1251557627222515,0.019618602977117143,0.08803360068168378,0.01170082523286094,Voltage Swell,voltage_swell_185
-0.0012692187486637086,0.7964850453031403,0.7964860565683354,1.4683173011245423,2.936634602249084,1.8434940436358072,-0.0043080741687853774,-1.3131464049293764,812.0192490339552,50.0,1.1100421103790021,294.7931389173434,1.2665215859346761,0.001688648989430184,0.00041420998146642524,0.009449691536415469,0.003863074339180472,0.00010190877197231959,0.00979965253202047,0.7343778668335816,8.362965188438562,0.009501924737484738,0.002913161365843745,811.7019786902738,3.072168416269163,0.6915986081010368,0.089672684546933,0.3071168852742212,0.04299374412099487,0.07022781463774755,0.014658787258381628,0.024552632742606308,0.006163331258227453,Voltage Swell,voltage_swell_186
-0.004644637342511337,0.7839096286388099,0.7839233881755794,1.264662092157128,2.529324184314256,1.613247048412162,-0.013985045425370473,-1.4280414860499284,786.6059245167106,50.0,1.1024970593152081,209.43066006231007,1.228529127583257,0.00039515642711759316,9.174378648366815e-05,0.0029566887732676217,0.002409212663812562,0.00034733792019094707,0.009166389237548476,0.6325212981218007,8.04835454160953,0.0021992788790430487,0.0006527758084385834,789.0172669329488,3.028828478532454,0.37953638189246747,0.0663707496711387,0.13465314911737733,0.028436746610737428,0.03548375377059052,0.01043909989962073,0.009646027818296626,0.003872935035345039,Voltage Swell,voltage_swell_187
-0.007448040926603827,0.828601120101837,0.8286345935016612,1.5802553334659784,3.1605106669319563,1.907059330924377,-0.014148668738018432,-1.099563146136458,878.893170621009,50.0,1.1390499364236792,298.8946962300012,1.3705115433702018,0.002006731770698819,0.0005084374700294408,0.010431968922999404,0.002569608194818292,0.0009249367275860574,0.01022107721528522,0.7901845821269045,9.240598890384128,0.01242448924120079,0.0036073531924458125,878.1261079991141,3.195315412262642,0.6574996166359117,0.08743714963894197,0.2549242697107614,0.039155696848651146,0.10308131598801766,0.01780923420322618,0.10029477152312356,0.012487199084031455,Voltage Swell,voltage_swell_188
-0.0010102764617573978,0.7090541459543672,0.7090548656864335,1.161285033322258,2.3225700666445155,1.6377929121132033,0.00016262891231071076,-1.4597862396383021,643.531267268616,50.0,0.9992979448545626,180.988028448367,1.0052626704666985,0.00019386406166916603,4.3827791722651034e-05,0.0026664822889961278,0.0014878157257467177,0.00016282896723872366,0.00816781791008303,0.5808018228172397,6.5116596436958565,0.001128001260751663,0.00031311355704917746,645.6766135090943,2.739771142331245,0.32248938926272197,0.06112176218722159,0.09788816955093459,0.024228679083678477,0.011759461293088837,0.006014638113248405,0.009334822513820914,0.0038076723480731586,Voltage Swell,voltage_swell_189
-0.00274119659724007,0.7894414269253308,0.7894461860726716,1.3908277422108304,2.7816554844216608,1.761776504524195,-0.008915205226758281,-1.2933373539046935,797.7283593019996,50.0,1.0976228938276233,294.1187358524033,1.2443786455155643,0.0015390178610064495,0.0003831160971084581,0.008397228963500676,0.004742815838983634,0.0014901371220200554,0.00971599294742505,0.6955767100923594,8.311603271996265,0.008800691574051736,0.002709368825774195,799.1291541079929,3.0481423769161546,0.8547707596988192,0.09948393308421997,0.12589286278871495,0.027532479934598033,0.10453576364860623,0.017928446526277973,0.0465159741270499,0.00850531263378095,Voltage Swell,voltage_swell_190
0.009434302646932508,0.8296466177572175,0.8297002569738209,1.328199550214843,2.656399100429686,1.600818535428211,0.012394138580014062,-1.4037392024847377,881.1552210207033,50.0,1.1639289163697717,86.23030939542832,1.3765722062547416,0.00013616927687125198,6.322974035010549e-06,0.0001403223999309896,0.0001387149209015458,0.00011963495685032056,0.009457245014348272,0.6641014120863169,9.137343828632556,0.0006280342949744837,4.2214020378667354e-05,881.8464697509107,3.201631006407339,0.3442246599402921,0.06320979005175963,0.10252468997226069,0.02479214814485042,0.01116464019867001,0.005860700899833357,0.0002585482850540869,0.0006336268663080898,Voltage Swell,voltage_swell_191
0.0028425828702869247,0.9340954069664887,0.9340997321449486,1.6519521585282173,3.3039043170564346,1.7684965552159133,-0.0009502073143436199,-1.184034564463497,1116.854156279379,50.0,1.2855279250664051,257.88244555830266,1.7428200294352993,0.0017082707447106946,0.0004006543427951529,0.008016466746924878,0.004510896846027512,0.00046008599972600987,0.011427811317301527,0.8260060923620149,11.8860333188315,0.010255968387926319,0.002844998745397161,1116.2004519510801,3.602633445930161,0.6811558035272316,0.0889848447501762,0.2771543814164502,0.040799456325320074,0.06898465104555138,0.014532764251679509,0.023710638383072767,0.0060578959883895245,Voltage Swell,voltage_swell_192
0.004039483051525872,0.8420118444984677,0.8420215339877213,1.5408840530083063,3.0817681060166127,1.8299817650850556,0.01863986903464116,-1.2448660790462633,907.5203375347653,50.0,1.1672334345120103,321.38985794681884,1.4148425419941595,0.0022503117729291014,0.0006505015725913351,0.007380564871531599,0.006228134457128585,0.0014463717604952906,0.01054778617802737,0.7704432073800802,9.450083769478042,0.014532160027307967,0.004547652017035961,906.6113443626817,3.2467328351191775,0.984862745305513,0.10680219961467162,0.25490560212340474,0.039184009775507206,0.08819430608856627,0.016470087316853267,0.13733117314053536,0.014614335334077027,Voltage Swell,voltage_swell_193
-0.010906245171917,0.7905131256259357,0.7905883555749075,1.413520449566505,2.82704089913301,1.7879348204373944,-0.030829840782844318,-1.3260158887172595,800.0383334024145,50.0,1.1031224830049202,220.67005987847455,1.2491076566482262,0.0006524814686807373,0.00013274525933526548,0.003907088599981337,0.002711684566763112,0.0007166083567266771,0.00928973746395263,0.7068341921707418,8.260657874198756,0.003646649106215853,0.0009343958792557951,800.1311618203866,3.050114420622709,0.3853314020589949,0.06690233505006798,0.1038452010472938,0.024918793871241064,0.057206401036601816,0.013251616384943385,0.007758670257440909,0.003469647540904564,Voltage Swell,voltage_swell_194
0.0066638213316430215,0.7962677707668704,0.7962956544379614,1.5592950772923766,3.118590154584753,1.9581860940720501,0.023448749236161436,-1.1483194505211047,811.6310646742799,50.0,1.0984743365609706,316.78289694908364,1.2647914597287222,0.0025092347009906596,0.0006052141786878859,0.011363722212028787,0.004286737675258818,0.0008061109860735343,0.009979494268652652,0.7798675477470983,8.45158584895965,0.014086561168001934,0.00423882806067857,813.230994580131,3.0743275443433418,0.5482951396251433,0.07982851149054819,0.3985568830833298,0.04894518793241468,0.07950160624865833,0.015600237051605998,0.059879457182558785,0.009649254465722642,Voltage Swell,voltage_swell_195
0.0002664445646798241,0.7683089544644034,0.7683090006650258,1.2710484505804125,2.542096901160825,1.6543453863986701,0.00018603209209405565,-1.4493533582603046,755.5823622437001,50.0,1.082409331261312,195.48854467725224,1.180208225740127,0.00028812597935794616,7.366567406291145e-05,0.0005314460438317631,0.0005288837827418438,0.0004923487471694616,0.008923463260753845,0.63540862401884,7.648979497622303,0.0017954558236965177,0.0005206481847676046,755.6089387199941,2.9641219583173393,0.34768252043667736,0.06357552320718397,0.12420859629613011,0.02724395969311108,0.030472259216633126,0.009660379486448503,0.004384120562380382,0.002611158748887726,Voltage Swell,voltage_swell_196
0.002974499045158646,0.7970013231652788,0.7970068737293141,1.2757178713547066,2.551435742709413,1.6006359711602383,0.008291695740845942,-1.4320591236297207,813.0815446678719,50.0,1.1206263813840636,221.20748903343002,1.2698398976969199,0.0004319672637393213,0.00011613817380526432,0.004563960554325739,0.00260013657530925,0.000339072263972854,0.009370908583779251,0.6378591091470129,8.340917218691475,0.002681786640229386,0.0008165923422386559,816.3189087226467,3.0802580958834276,0.392456015595449,0.06754946110668092,0.13878841631199595,0.02890170488133318,0.03944634228033844,0.011011064377552638,0.018896558743702902,0.005416119430315431,Voltage Swell,voltage_swell_197
-0.0015282954612704292,0.8110392802873533,0.8110407202206587,1.5714561818595012,3.1429123637190024,1.9375798806131705,-0.0053758697644643826,-1.2026810590814134,841.9674238157373,50.0,1.124324809529615,315.1969309947068,1.31252193847832,0.0022200057920474347,0.0006070465467134104,0.00301539505765397,0.002942910180503476,0.0019989262464370173,0.010153674648614799,0.785106056622993,8.707204946759836,0.013848129224526677,0.00423615879642128,842.9529787668278,3.130599811892637,0.7384668334804924,0.09262988155452319,0.27661935450155034,0.04068839882033215,0.2305839200058538,0.026636176222399707,0.035657486189441076,0.007446743669801013,Voltage Swell,voltage_swell_198
0.010716508248252704,0.8500688239883025,0.8501363708640458,1.608468407638464,3.216936815276928,1.8920122262288188,0.030851187285041784,-1.2110378935360488,925.0967668043397,50.0,1.1788951501403946,282.3902041960758,1.4430745613350526,0.0017372016314183515,0.0003935798286566527,0.008669159476261276,0.003403064062090396,0.0013177738493891182,0.010283458353227236,0.8042343538740325,9.59864991718349,0.009637477627162987,0.0027522507364580694,924.5478386310224,3.278396990656349,0.8049026268255215,0.09670339559011237,0.23283385922678165,0.037443663981533454,0.06863767215366723,0.01448904637962802,0.023022474149592395,0.005973288587196272,Voltage Swell,voltage_swell_199
0.01948642283651558,0.5362131749084106,0.536567134308766,1.0096002188669637,2.019200437733927,1.881591611393982,0.011957291923572646,-0.39355579255644724,368.5174907140113,50.0,0.6090442314014661,373.7835567551889,0.5689224267830897,0.004908440335726608,0.0011704939065649072,0.015866343790310298,0.0032333698865540913,0.002063484021667669,0.00616515757677351,0.5048222549680138,3.155419717736953,0.027888061169423,0.008162138226009363,369.1674776534173,2.068745354494655,0.7624467203200938,0.0937666895841572,0.6774833264554857,0.06381553218868874,0.3093596937361679,0.03077358737423334,0.06837769944150149,0.01031218487908695,Interruption,interruption_000
0.008053957460565081,0.5830577792722507,0.5831134025218981,0.9746658414619895,1.949331682923979,1.6714859189396107,-0.021020223294703017,-0.9236592750882364,435.22718745685154,50.0,0.7256317562102443,349.19612191567364,0.6756513337990332,0.0032426314798399084,0.0007933221702676127,0.011406746398884591,0.005875674583616592,0.001672040841943441,0.006752045861023307,0.4873633541539722,4.0284458553362,0.020176469531025455,0.005582320332518169,434.53684434970256,2.2471089194559255,1.1754291959177128,0.11689187096918494,0.6030075643548867,0.060110011306532554,0.12026931199137836,0.019188039295351296,0.04646140633997093,0.008489057062303032,Interruption,interruption_001
0.0033816557765675185,0.5934928523253248,0.5935024863949948,1.0181841910443121,2.0363683820886243,1.715551685768276,-0.003253181338003802,-0.7753075982254054,450.8738577370125,50.0,0.7099312825553776,411.24341565244674,0.6949236455355375,0.007099930404309642,0.001792145956214945,0.019607202220057046,0.008027702576344255,0.00025694002572372734,0.007431615253867133,0.5090947952533537,4.075664884349148,0.04098379355667975,0.012558918976598735,452.17980837238036,2.2921088752576964,1.087707457107688,0.11151791417489226,0.5591870729395982,0.05802891283092022,0.3464545586760178,0.0326494410096992,0.3781660787128127,0.024233784632705334,Interruption,interruption_002
-0.010979160133775218,0.6007404060182225,0.6008407254673921,0.960722575960855,1.92144515192171,1.5989638106037387,0.019916119812538994,-1.0862972875296444,462.092259046633,50.0,0.7726526529144951,372.99232360384264,0.7161533357255819,0.004350315887337611,0.0010153229848176549,0.014406748917219681,0.005567055110787936,0.001930730699287469,0.007486096465532915,0.48036435287618645,4.361780988055506,0.024772496777071645,0.007231615513807217,460.76353296015503,2.3144640400122927,0.7904777866032129,0.09582489189018481,0.5718500824617989,0.05866321159429368,0.364503540954467,0.033450124093009174,0.060568492023540754,0.009700915549479223,Interruption,interruption_003
0.018669175309353126,0.5942307681006981,0.5945239640790579,0.9623227462300914,1.9246454924601828,1.6186441663779698,-0.017251030462142207,-1.055490452853882,452.4271921462745,50.0,0.7567709264915712,357.51012531472503,0.7008491457580499,0.004360450159496074,0.000999863435953395,0.014298254683224394,0.003879246738120437,0.0011411112197950628,0.007415577521467791,0.4811921840971686,4.247605275481697,0.023789488711779907,0.006905051175654662,451.33070633988245,2.289560737449173,0.9226592559666013,0.10356500238595087,0.3486271927797794,0.045821921405362794,0.12835597187778477,0.01984131225971371,0.11301047872043994,0.013239935928016904,Interruption,interruption_004
0.028688271729893626,0.5833995231369092,0.58410446029047,1.0224977077262971,2.0449954154525942,1.750539119691138,-0.03362449539599347,-0.7072162483948858,436.7078662799633,50.0,0.6968934502187365,186.70672847410233,0.679679948020247,0.0016469182848235437,0.0001569041661370188,0.0009459766715514673,0.0012986394907292082,0.0008147536534791354,0.00612194090257165,0.5112850485361269,3.973436266445557,0.008000745629692269,0.0010892107244976812,436.25824179537824,2.2497147013183847,0.6283529755159779,0.08545669172167457,0.1643006312754236,0.03132190778233234,0.018978485124275104,0.007638523141015307,0.027882210893808962,0.006584936254279921,Interruption,interruption_005
0.01220017884849579,0.6201455002841252,0.6202654962889547,1.0328046302863765,2.065609260572753,1.6651008906089027,-0.02287832864745379,-0.9300765182295017,492.45348593482646,50.0,0.7673613688311958,370.0829199375398,0.7632500618526237,0.004514282335575076,0.0011278479149992857,0.014923756700854548,0.005466267206150367,0.0016105135338207236,0.007379530622992354,0.5164098926244668,4.558436158648597,0.027912257854534148,0.007994034585848258,492.05142092959824,2.3905181735708925,1.9632240880752696,0.15052573264930913,0.2915999971772435,0.041689333360809995,0.08129963049826394,0.015813980400691544,0.23412381368923812,0.01907231949736854,Interruption,interruption_006
-0.0021948822715012637,0.6190143936661723,0.619018284927097,1.0455369604508222,2.0910739209016445,1.6890243566428222,0.00908983558910994,-0.8632626380914723,490.47505545482835,50.0,0.7589102462302155,250.82942443025604,0.7639088476036207,0.002001236476185367,0.0003366788731992336,0.004084628760711922,0.0035811199009258693,0.0009558403188894112,0.006777571262146479,0.5228485792315392,4.543234445784169,0.011768473125130827,0.0023409946793547685,491.3115178954157,2.390064470798899,0.4910491973215019,0.07541618063055927,0.1795684032537203,0.03271596607814557,0.053305332935766545,0.012789194595212442,0.018652813565466456,0.005377974543929638,Interruption,interruption_007
-0.013723266286932347,0.6086372524011152,0.6087919456168592,1.0495805435142527,2.099161087028505,1.7240381563344105,0.011946658212013626,-0.7697039682618616,474.40337030138994,50.0,0.724961362156715,401.06903732921666,0.7321510386932079,0.006689147497657021,0.0016250731424910462,0.017802142559454125,0.008607567951505204,0.0015569596301973955,0.00743719983776376,0.5248833696169318,4.288090285311241,0.038160306017815365,0.011435237038988294,472.7872893169744,2.3442497528899664,0.6165891204911068,0.08463980687399031,1.0313886329020059,0.07880888000144488,0.2691161302551854,0.02874921898069873,0.15522919490074216,0.01553566903022909,Interruption,interruption_008
0.004809017509405583,0.578874010216738,0.5788939854185858,1.0071248335005296,2.0142496670010592,1.7397396740450837,0.0013180986977891882,-0.7266939522489637,428.95135533288175,50.0,0.6878947594230066,440.02387667857295,0.6590148170812588,0.008306391450481393,0.0021089892671523687,0.008361369763427681,0.007893904127168856,0.002625630152916952,0.007373587362503125,0.5035784892253361,3.8268959018625757,0.04727346474498653,0.014806936306020414,426.1516115699121,2.2259703494908885,1.9046574450858702,0.14881796069576325,0.554170416323841,0.05777728834370796,0.27148211529359545,0.02890173044230921,0.4471588679898533,0.02635176018357875,Interruption,interruption_009
0.0017739496012529165,0.5587777833695488,0.5587805992378173,1.0157204741729993,2.0314409483459985,1.8177447025838676,-0.002149125062942987,-0.5324906503271043,399.6617703482549,50.0,0.6427642826523999,392.3548033830052,0.6170834205203624,0.0054174313664311895,0.0014306382439934115,0.0035223312606460742,0.0034771053086441227,0.0028560432344656387,0.0066429658257702055,0.5078666980884188,3.495245875016194,0.034024440435765135,0.010199203934512034,398.5743131715791,2.1523578486842148,2.232994648710077,0.1611305548175226,0.3505991547721756,0.04593887929801743,0.42645562968387324,0.036210758075782175,0.1840442858216186,0.016897838047460298,Interruption,interruption_010
-0.020722737863765096,0.6093894446775064,0.6097416888723699,1.0035243751353538,2.0070487502707075,1.645818866329417,0.028578432618292387,-0.9599109618679731,475.88470675063036,50.0,0.7565497254594622,356.987733147552,0.7376727118302371,0.004145022576540648,0.0009698171397741564,0.012763281909087843,0.006314599064287847,0.0017693140404801133,0.007172213003306758,0.5018753831268602,4.438433850860916,0.024364882998247888,0.006783395162218743,475.1023624459732,2.3499556337031167,1.3252613382334977,0.12409960255247433,0.7252992648410611,0.06607912817302618,0.06192550055516253,0.013803316797119195,0.20159000002777244,0.017700541202437078,Interruption,interruption_011
-0.03155587782946562,0.5906705442652809,0.5915128614732155,1.037207295014607,2.074414590029214,1.7534822360913613,0.04556495246559667,-0.6890277481043139,447.8559555689361,50.0,0.6840133950660394,165.8159081028548,0.6968789282516776,0.0017392662726558236,0.00012586253908296503,0.000578943980468367,0.0005761995443814385,0.0006228610074616273,0.006034694109866667,0.5186493607700854,4.078583550840209,0.008226309625641307,0.0008549071680764745,449.11269968018786,2.283767572336911,0.5460496945427,0.07964434011800375,0.13157760014574352,0.028144993120400648,0.04235155365099524,0.011415447235855703,0.005803838513080311,0.002997417044135492,Interruption,interruption_012
-0.003312753334965851,0.5850599045100247,0.5850692832476659,1.0232640188289748,2.0465280376579496,1.7489621282921932,-0.0009638394314750397,-0.7038629245529195,438.15176473592004,50.0,0.6827966149388385,447.98717666973437,0.6719328267967632,0.009356998681929877,0.002421904884885558,0.00304168005287683,0.0030270071114065493,0.0028344253477583683,0.00748238761295369,0.5117008279894363,3.8880397517387677,0.05356947486278982,0.016840007464433735,436.51067383177576,2.2527130948804186,2.8829143892036875,0.18226806738924212,0.6883161523711294,0.06409208972008845,0.30452946295725936,0.030610364424539294,0.5087548424535362,0.02810818453218275,Interruption,interruption_013
0.023837311666619836,0.5695337355303943,0.5700323616556315,0.9943448710233895,1.988689742046779,1.7443656499319065,-0.021527104902179066,-0.7305716297185647,415.9192234684118,50.0,0.6678494624322486,338.5054100546232,0.644077378608968,0.004071548684038289,0.0008478663456155499,0.010720742123700458,0.0072797854257304175,0.0017960493511364139,0.006559325463038256,0.4973125010580655,3.762582888819589,0.022086372511909105,0.005975711610175387,416.73359037143985,2.1972674612090763,1.283783351235225,0.12210393363577751,0.40266956344754956,0.049086368275468584,0.1278280920891509,0.01982925565148341,0.1769951396866828,0.01659028421811775,Interruption,interruption_014
0.004863443254848341,0.5707264354132805,0.5707471569441608,0.9548002810771364,1.9096005621542727,1.672895378380092,-0.0027277705656509384,-0.9065516702339926,416.9629659645985,50.0,0.7099543246322623,409.2170334129457,0.6441122575331278,0.005315517693959387,0.0014990552158358442,0.009186155179170184,0.008268889808366136,0.0002603881213898172,0.007276762084694811,0.4775189869144277,3.8226472434080465,0.03414322835098521,0.010541128887235664,414.71374365950146,2.195845077534724,1.40312842825423,0.12735808043074062,0.597141437859108,0.059954418491148624,0.2971997948129692,0.03023972226696264,0.3177803132478577,0.022230841675758752,Interruption,interruption_015
-0.00556943468716479,0.5959395512819026,0.5959655756709528,1.0005075556225835,2.001015111245167,1.6788009181478454,0.018189286997737347,-0.9035256035266839,454.6239582525569,50.0,0.7359426149351069,323.1158115785461,0.7065499240493573,0.002867867446791552,0.0006623013903459274,0.008987629673366518,0.0060007715182081095,0.0013633052589434925,0.0067816149289891894,0.5002576697429374,4.207806541093445,0.017778449333877826,0.0046289022315567155,453.65132776982347,2.296715038783885,0.7948908061194853,0.09610363843505645,0.37999618064535323,0.047842179824183616,0.25436611298347345,0.027947375219464225,0.038276125436015634,0.007705921682843069,Interruption,interruption_016
0.012881441755891,0.61647942683062,0.6166139920948276,0.9883197958463102,1.9766395916926205,1.6028176598573134,-0.024248913403129107,-1.072449479394024,486.67240351631375,50.0,0.7844182473954588,375.1438239636666,0.7538092896798145,0.004882494266027827,0.0011484243045813284,0.015499526935310728,0.004048655128487602,0.0013660013036660892,0.007638901170888922,0.49416713967052545,4.589128730245233,0.02765326819490608,0.008015285204476396,487.31367774919136,2.378829645938914,0.5767071367933961,0.08140197094069825,0.7989646833582038,0.06926171527558908,0.1753443730593164,0.023148903373649103,0.06709796213225214,0.010195227207362434,Interruption,interruption_017
-0.004279574852339956,0.5672282947038273,0.5672444385567204,1.045709280118664,2.091418560237328,1.8434897004499362,0.003382232702156405,-0.44432742774250444,411.8608039341169,50.0,0.6565884485705997,393.0887271513997,0.635765732388596,0.005740862613959423,0.0014684342262192701,0.018524593364308194,0.0024897677246383115,0.002904329867753138,0.0066996114456699596,0.5229548031685557,3.5675000724292176,0.034115736293517454,0.01024827764428502,409.9556903396706,2.1833251592461296,1.3709321572937834,0.12623508949078194,1.0831328764582686,0.08046967140432794,0.13252113796226825,0.020149884825990366,0.22450141156967307,0.01868518082508567,Interruption,interruption_018
-0.004164493321762999,0.5457632560591477,0.5457791445895581,1.002159416537777,2.004318833075554,1.8361995442123278,-0.001495083206808978,-0.4840818821882382,381.2798395762046,50.0,0.6174602855028193,432.31151392320817,0.5859428300870945,0.007087043444303697,0.0019755237801531004,0.008068857452860585,0.007618045517405062,0.002584761063457631,0.006685237564821545,0.5011070723604503,3.286495717017183,0.04449490353021858,0.013829902121242901,379.4503853702778,2.100491851523859,1.9602111720180262,0.1502124349580237,0.5301511282836195,0.056199920258677726,0.23481746878593773,0.02687920287568274,0.4171621369713719,0.02547100872938382,Interruption,interruption_019
-0.0056312417989762675,0.5176965131662223,0.5177271391656643,0.9533134829259235,1.906626965851847,1.8413434622345293,0.0033956706607524687,-0.46005089038382607,343.0929800046888,50.0,0.5749074330986585,415.7044675415616,0.5279365063861364,0.00591636550900622,0.001607222040244502,0.010474390486544562,0.009154961934998651,0.0012401638023980172,0.006189553986115951,0.4766938897571279,2.9622312045593295,0.036714179983626166,0.01120150272238484,341.8767575893601,1.9937806367332143,1.7099877570288635,0.14053932200120636,0.6629994385989247,0.06319787133012437,0.2896788540355021,0.02983508911115252,0.24526292437227634,0.01951113661819711,Interruption,interruption_020
-0.024192348135735047,0.5463122371755705,0.5468476297800855,0.9552837388607949,1.9105674777215897,1.746891980208847,0.02326288351087771,-0.7252414834672272,382.7741826510048,50.0,0.6496211519384919,297.99624304090827,0.5940438521817586,0.0027664980668459732,0.0005051377617006723,0.006302699678198279,0.005976386880523442,0.0015668407056886886,0.006134293726966124,0.47766625424666714,3.4704337341591622,0.014587930654082041,0.0035968218417345376,384.7197378003001,2.1146196648593967,0.7103954818227021,0.09048894147509855,0.20923532740359552,0.03530812625813976,0.07780863047199132,0.015465087979605743,0.08476905097149512,0.011472114165678643,Interruption,interruption_021
-0.018584769566919495,0.6169015704409535,0.6171814492289688,0.9961317384286542,1.9922634768573084,1.6140014248183994,0.02936290954670939,-1.0514220595720847,487.56856482863384,50.0,0.771088293028703,375.21869566069176,0.7544022787677217,0.0053901793412554746,0.0012389657753502845,0.015813749521943806,0.004744258595222277,0.0016673144460332436,0.0076376589396780735,0.4981300030355405,4.582475322514227,0.029892180286928985,0.008613420978991886,486.297577455499,2.377440588895939,1.1488240993259466,0.11529683109503676,0.4998297712872966,0.054869858705588165,0.2500713488427898,0.02773583471958835,0.24138300571005933,0.01936352946843748,Interruption,interruption_022
-0.0013704406872040887,0.6000258367307539,0.6000274017510521,1.0334196768609138,2.0668393537218277,1.7222874719444088,0.000914700386173142,-0.7539932971284204,460.8420900507116,50.0,0.7050978519679977,431.6216168055188,0.7084389173493214,0.008659289327820082,0.0021599987356723405,0.01934308906607522,0.011806328466243115,0.0038090032708187915,0.007606249088975341,0.5168320373203273,4.14260685116974,0.049464682248119646,0.015329681973918312,456.48885174448685,2.303911868015886,2.8654204967940156,0.18203285393694046,1.4632851400546172,0.09373601391861715,0.3261223547026258,0.031561986880421354,0.12922670112811319,0.014139645168812734,Interruption,interruption_023
0.007434516537929287,0.5472495295026997,0.5473000270209009,0.966243190950616,1.932486381901232,1.7654725803840507,0.003481188894130147,-0.6882494507898436,383.40776905866096,50.0,0.6541357989847897,422.57732692165104,0.5903779966338096,0.006408207724459112,0.0016242505331878908,0.01072093317505492,0.009365055752335523,0.0030737196974018515,0.006841915889023977,0.48316033423588933,3.3991637700182133,0.037251688781919416,0.011584529128072521,381.9865305254364,2.1068194092140553,1.2030041468074246,0.11819974478030737,0.7764519693422087,0.06836250340024351,0.49419253433427185,0.03897206583389526,0.20730522494838544,0.017955495573788817,Interruption,interruption_024
-0.002383137752234276,0.5286936553969809,0.5286990264815774,0.964983561766481,1.929967123532962,1.825203969423766,0.010785959512954245,-0.5037875473448588,357.7890055712867,50.0,0.6064480482272683,272.5285226451765,0.5566312578305165,0.0019339049447912534,0.00035168568636400905,0.004415870829747777,0.003838952122457233,0.000964685447715884,0.005503190169008527,0.48254965657175347,3.16496377809574,0.011457711164515206,0.0024516232600457514,359.6923020136294,2.0447742161433533,0.7698711540216542,0.09447079671036282,0.107724275744383,0.025474172739569454,0.12665117662914277,0.01972552059397257,0.019689229495993006,0.005529088971463278,Interruption,interruption_025
1.3801258472345702e-05,0.6410850589001305,0.641085059048687,1.0117862910697182,2.0235725821394364,1.5782403236312208,-6.331562612397623e-05,-1.136951113715366,526.0672677573868,50.0,0.8328233594099027,135.2269724374032,0.820863420428516,0.0010323180309098367,6.765123132656623e-05,0.00017552205785442097,0.00028093064949291733,0.0005331218432643836,0.007168788835706205,0.5060073328732774,5.04608306391399,0.0058972736551624865,0.0004681359318887737,527.1488199330164,2.475592632006748,0.48769111863270503,0.07528113918377442,0.10961784528461714,0.025579452113297436,0.019959655291258073,0.00783546975656886,0.0028034644874513825,0.0020830449635930925,Interruption,interruption_026
0.0028873114316971594,0.6357940780791655,0.6358006340731659,1.008534192366418,2.017068384732836,1.586242822539829,-0.002031980445707854,-1.1184312753184085,517.4303312484349,50.0,0.813551974882419,430.747582308738,0.7978827207523342,0.007646926434421764,0.0021540282649320217,0.0056967303248238515,0.005559676191675196,0.0037746507955854934,0.008550514990043206,0.5042801880732791,4.8600119370622945,0.04799621723491304,0.015033062441433468,515.4836389981451,2.4477255615417453,2.8404285314384476,0.18169193728746014,1.058428117547273,0.07942455605448272,0.3230998869227913,0.031530103850460144,0.12684844356743996,0.014045479459961971,Interruption,interruption_027
0.015041635562038849,0.6060602503166512,0.606246878601666,1.0006395488929274,2.0012790977858548,1.650547960262153,-0.015791660895655254,-0.9582777082840659,470.4451556022568,50.0,0.7504516669833496,390.1729768869603,0.7272611629620519,0.005614375996436563,0.001441613527746829,0.015198782824750354,0.00946645110948204,0.0029768363050720796,0.007603033878220318,0.5003595059657965,4.359422093597246,0.03368417741755574,0.01007025963630632,468.73294151103033,2.3333292399552232,1.7691364378816332,0.1430107243560065,0.5614283228299546,0.05803092489171489,0.22275041467283796,0.026073867241784173,0.08453192292817165,0.011437985605172033,Interruption,interruption_028
0.010340870640108274,0.5905361904804264,0.5906267229585281,0.9875191520581905,1.975038304116381,1.671985221240758,-0.0257749961763079,-0.9115336250203767,446.5151051170943,50.0,0.7161968102697196,365.9330814026941,0.6919496806339681,0.004202113378831306,0.0010387672119562671,0.013648181729107575,0.006124836833638736,0.0017356957310853075,0.006890532236553795,0.4937639069846748,4.127983174997173,0.026072451404903337,0.007334717794908021,447.5203781992074,2.2794525121525804,1.3620865443950296,0.12572672957671532,0.7773848957211545,0.06841569057831312,0.06506223479379146,0.014148742013652434,0.2185475120094239,0.018428923313608746,Interruption,interruption_029
0.007604645998408122,0.5373615831793264,0.537415390287395,1.0043309072181243,2.0086618144362487,1.8688167949175531,0.0007322223265236392,-0.3626584949354337,369.6835861987241,50.0,0.5893700206260397,427.3428652644299,0.567444459683125,0.007524267801784561,0.001899211669968712,0.01799648938916846,0.011024742425458652,0.0035404503888736053,0.0064352733441412485,0.502165458811798,3.1509899648015867,0.04360070863256317,0.01342098963272714,367.3983063972887,2.0662182952474604,1.9641482888073667,0.15062857774566424,0.6833131330650738,0.06403882727361554,0.36201341971970163,0.03337220231528359,0.4043387510390767,0.02505851106306713,Interruption,interruption_030
-0.0030588139321399256,0.6013865052268177,0.6013942841527484,1.0192719941452886,2.038543988290577,1.6948481570282241,0.011336298680991562,-0.8375650328735942,462.94410881484384,50.0,0.7108362402425616,307.2972064077224,0.7190510027463365,0.003330065940905439,0.0007072746468360352,0.007738468391391809,0.006893227879112352,0.0011642289512210074,0.006890728202287265,0.50963857846275,4.2705156461847285,0.019834929578206196,0.0049396543425277535,462.17656536243123,2.318183374102246,0.7182073050514547,0.0913525365916742,0.24145024679675836,0.03804498152807703,0.07363470021983062,0.015045830781692948,0.12462945932741083,0.013920853552798087,Interruption,interruption_031
0.023852251354163318,0.5795124158689545,0.5800030776133298,1.0116757681507473,2.0233515363014947,1.7442593103332742,-0.01763471805061649,-0.7361703831997612,430.59656965239583,50.0,0.6884235962992793,328.80693086948935,0.6672167934733467,0.003917997211216528,0.0008089382419211345,0.01028121224582767,0.007282511437788919,0.0017568891801918493,0.006695554032281125,0.5058834730276821,3.896681317315235,0.02115376898616815,0.005704615412143623,431.29295336414765,2.236007106323511,0.47416805738372353,0.07417328682579008,0.4316068088999009,0.05078577757147384,0.23308001950967222,0.026734476450881083,0.04733808835032299,0.00857977194215702,Interruption,interruption_032
-0.02375972591396844,0.5640026009189467,0.5645028418164462,0.9895860970135509,1.9791721940271016,1.7530223476422673,0.01812345969451533,-0.7030755447842725,407.88922677611976,50.0,0.680931601825917,301.42668337218817,0.6335018041729873,0.0025966778202279966,0.00048786059831649163,0.0067225337857180125,0.005242427666277924,0.0013742753608556066,0.006205627634548448,0.4948032625639245,3.689871470081999,0.014111578061206697,0.0034481321645199858,407.3170372353059,2.174462826297045,0.5414373191077179,0.07918224415839872,0.19018590781518493,0.03383154664407127,0.10517426922713113,0.017987481692071705,0.10067136086270914,0.012509529330236685,Interruption,interruption_033
0.004699999357616743,0.5180306294973759,0.518051950185895,0.9515172184881727,1.9030344369763452,1.8367216225031073,-0.003462939292562254,-0.4759881752074624,343.5236135570036,50.0,0.587883587379601,405.99926528245936,0.5295033925302162,0.005279907224468736,0.0014267443950470222,0.008878864694754914,0.007994895934133222,0.0003752141692578853,0.006174094051094249,0.4757901619581649,2.9768176123632566,0.03281107969706003,0.009950241912906391,342.1085254418408,1.994008027127378,1.3946599298175963,0.12678543591125085,0.9181382126779151,0.07436719031257272,0.22044110509551298,0.026043388809499184,0.08363296964477174,0.011404243864649017,Interruption,interruption_034
-0.008352083700736063,0.6329694081709395,0.6330245089903024,1.0119435721698664,2.023887144339733,1.5985851381684344,0.013026583730429208,-1.0797977230202396,512.9216370974892,50.0,0.8140001146502296,382.83426494070994,0.7940674810372151,0.00547538968837543,0.0013412945526453724,0.017376052414590767,0.0038795570136845128,0.0028713676793679353,0.008062014065598908,0.5059957990092053,4.833700382567158,0.03105555327323644,0.009290205261602912,512.3094304948074,2.440709350951387,1.7976801235430142,0.14456388899993916,0.2077749955865646,0.03536795007760076,0.5017681871861808,0.03924130673542271,0.07804993137993721,0.010990469938907814,Interruption,interruption_035
-0.028439120410331066,0.5827970395618969,0.5834905079706306,0.952444796090544,1.904889592181088,1.6323226909063138,0.05439027772106746,-0.9959576603459648,435.7903013015354,50.0,0.7149144641238708,235.83845423141304,0.6775129819356988,0.0021960499576619843,0.00030258167106251595,0.0010172381842536832,0.0010123534018472392,0.0009885233230683015,0.0066553972146376275,0.4763008701775786,4.113514337781688,0.011043225626585471,0.0020821662652336422,437.48765060697224,2.254526791964989,0.38420032286306405,0.06679435446172614,0.23538247673689652,0.03753820890176531,0.08974390916853937,0.01661731312931942,0.0164542136689844,0.005045896891405734,Interruption,interruption_036
-0.01139097584495444,0.5787401055014496,0.578852195337056,0.9943990218695113,1.9887980437390227,1.717880712690001,0.002146461942201102,-0.8077335298470052,428.8894259795575,50.0,0.6886077135110573,423.28112208110855,0.6601954732415029,0.0072373868533179295,0.001874100017720595,0.0179862800945105,0.010990434875616193,0.00024627819873072003,0.007322736262122023,0.4972628352768021,3.865602599999764,0.0430082934607931,0.013300441556309252,426.4576071487801,2.226675151677069,1.6116839531036848,0.13686286606720524,0.7120777985806337,0.0654851210606328,0.36724241622775156,0.03361481941161718,0.40098578983574124,0.024972249929001905,Interruption,interruption_037
0.0077348072586524985,0.6416509352811222,0.6416975533617588,1.0265699191413984,2.053139838282797,1.5997722194229202,-0.013825849974071413,-1.0684970718452265,527.0729599877982,50.0,0.8098162057319713,392.29605419394846,0.8144844838002091,0.0067442516785479155,0.0016611260657303864,0.019434632913108044,0.004077167157657198,0.0032253507797858428,0.008288260146971548,0.5133830516349371,4.9587826273127344,0.03830380176449703,0.011497990156173796,526.9575237526133,2.4741816793310107,1.816535560702845,0.1452554280818848,1.1365146070208532,0.08262734178695888,0.24369635627130604,0.027289048414028183,0.09661998390094217,0.012227643332197176,Interruption,interruption_038
0.010836826996889601,0.5600992523833819,0.5602040782962793,1.0411998438991665,2.0823996877983326,1.8586081112866175,0.0012705853709582444,-0.422416037252912,401.70061995492335,50.0,0.6477160527665325,403.40534438283146,0.6194873056599999,0.00599342184961503,0.0015034530702249876,0.017264596215864812,0.00822130666241158,0.0014336037287688034,0.006620171739063027,0.5206659148416141,3.456072644566435,0.03489547754904161,0.010545447471393419,400.3607950577304,2.1572142852273757,0.7011902684549117,0.08931116980655897,0.4650510095464843,0.05289086533214548,0.428462768411614,0.036291233553088255,0.15328710509110954,0.015438850462357531,Interruption,interruption_039
-0.009502690583261138,0.5500220278426761,0.5501041103650207,0.9909995967944107,1.9819991935888215,1.8014764444043747,0.01166832299911361,-0.5660918210998114,387.3466012678283,50.0,0.612163535368061,405.00570069220765,0.596856073306616,0.006064959957664059,0.0016224498029684356,0.015518350339802589,0.01031383836480121,0.0014977419508313962,0.00653759185410383,0.4955601588524447,3.403101352206779,0.03782756405999849,0.011332275372793105,387.26651398085585,2.1220499761033063,0.9816931177474357,0.10680366619940554,0.3350591517463726,0.04475112794790543,0.24474011150868924,0.027426243606049176,0.2753135234373143,0.020674759877158527,Interruption,interruption_040
0.0222414088720085,0.5456196136906081,0.5460727452569852,0.9641641798465801,1.9283283596931602,1.7656332205173009,-0.022652715509657414,-0.6489034341210065,381.6901671840003,50.0,0.6324828256460573,349.5511108658988,0.5910905588770106,0.003701941179183611,0.000809128222386969,0.010842887829060125,0.006373542349511571,0.0015439269015625743,0.006005911318405864,0.48220785744606803,3.4276450090848147,0.021030417157148977,0.005681067283306324,381.03771786653783,2.101898170180278,1.5788443962172642,0.135079796896841,0.16177724977103852,0.03109496660440409,0.3098776558740549,0.03084734722278375,0.04711422648660103,0.008548857129383178,Interruption,interruption_041
-0.0015755149292085158,0.5695403594091791,0.5695425385721677,1.0385513485112499,2.0771026970224997,1.8234833716074217,0.007366642793903815,-0.5105923496659646,415.20474015133334,50.0,0.6376617360266177,235.09678620019338,0.6464816608312451,0.0019072500290303546,0.0002739470053607297,0.0030084755754873254,0.0027669156427620823,0.0007775648171556889,0.005732038017632892,0.5193322779063911,3.6852355670958423,0.011185897493616224,0.0019218346193135489,417.2451558611439,2.2023251623203173,0.4721164047873689,0.074014885706408,0.1597254641245386,0.030954929695991406,0.05051320391500958,0.012465124343550267,0.052373642817248885,0.00902266420627161,Interruption,interruption_042
0.0023351762497461604,0.5483725897030384,0.5483775617088413,0.9993608509329825,1.998721701865965,1.8223955914917,-0.008789833323813721,-0.5210651469395748,384.9189762377397,50.0,0.6406371606329742,297.99343387646104,0.5982890495090112,0.0024413023817222036,0.0005162219507035392,0.004477503911089838,0.004146744734103649,0.0008916145304036012,0.0059647759456512624,0.49971298884059323,3.3993307363262133,0.014706315975970592,0.0036040539327844424,384.4329399616391,2.114208027202942,0.5874358466843042,0.08201290598865066,0.17668985533201384,0.03262495262492592,0.08104999763948076,0.01577827756548304,0.08914199458125249,0.011765128713204294,Interruption,interruption_043
0.00048266206051956475,0.5603775898798816,0.5603777977420675,1.037727393873703,2.075454787747406,1.851835311914873,-0.000251673176745478,-0.40622020245575996,401.94979353887936,50.0,0.6329489591412216,409.19228169983745,0.6188690133543387,0.006778521214923135,0.0017574975724202295,0.019976160892462604,0.005901920425853811,0.0023172337895769786,0.006679302909276702,0.5188738490612131,3.4600715665945017,0.04008460423207011,0.012220376833236606,402.53266920957543,2.162805464758152,2.032998911331965,0.15375149411192704,0.5188455804688918,0.055812231838406466,0.20821841159211835,0.025311294532896326,0.3677136563082774,0.023896452052802226,Interruption,interruption_044
0.004915256206702226,0.5928813747607583,0.5929017492652423,0.9921771741363699,1.9843543482727397,1.673425951878636,-0.010376643468831291,-0.9159176671011866,449.96157988068387,50.0,0.7165665223867113,381.29803615114986,0.69588835727383,0.005269515193386816,0.0013730829528763515,0.017772557724851257,0.001978616159570846,0.000539285127775166,0.007349972952185849,0.4961247541959076,4.142736445774474,0.033029526422487035,0.009764050097920998,448.4894810152624,2.283170522523344,1.6815737856196968,0.13958351951820067,0.5452205972556482,0.05727328101886967,0.26979177992433057,0.028811635288632325,0.2926620864904481,0.02131920647538759,Interruption,interruption_045
-0.027870260453668593,0.5460392754007892,0.5467500724261263,0.9582425728017318,1.9164851456034635,1.7526153559484923,0.03872304077153446,-0.69595153753925,382.6376213734071,50.0,0.6435957325068554,179.74753734484153,0.5954598280206956,0.0014697002512966476,0.00012655732748044444,0.0008086278789783871,0.001020688564504834,0.00053002360447134,0.005667286629277641,0.4791213994728564,3.481984254725277,0.007067840607960817,0.0008745971090982131,382.94603520926995,2.10865489704766,0.527808713804639,0.07833470371726337,0.13568780994655913,0.02857654771301614,0.029870416420409558,0.009576503480011742,0.017211458135654684,0.005169203248113391,Interruption,interruption_046
-0.005728889616138527,0.5387902978542535,0.5388207542755837,0.9928341280276319,1.9856682560552639,1.8426055792164182,-0.0013147573004156023,-0.4643464789644196,371.6195907047795,50.0,0.5943293609325428,436.51816667017494,0.5702575722535888,0.007505617836176557,0.0020903125673962767,0.010820287857756787,0.009738864097044572,0.00024183998552724254,0.006576909964770912,0.4964296459125459,3.1916597562713553,0.04691656844479214,0.01457791599740784,369.395996978596,2.0725107344204643,2.038500664286633,0.1530695011687077,0.2670963373963433,0.0400750283143499,0.787023550349452,0.049208873638565194,0.12297221611259054,0.01382908308774825,Interruption,interruption_047
-0.015296898448536739,0.5457168353764005,0.5459311856959431,1.0216579510449642,2.0433159020899283,1.8714042681784187,-0.007911257123569224,-0.40618195150833625,381.4923001796842,50.0,0.5982450309521714,417.42247086751837,0.586203307312517,0.007160161348740141,0.0018055160293903977,0.020190157631245938,0.007177304270582918,0.0032597558606342566,0.006473473940366809,0.5108311378363658,3.254899775183823,0.04220955948969772,0.012885147658955846,379.90296913592545,2.101710524357938,2.476850974158179,0.16968040494197253,1.0133274809650217,0.07798876349566737,0.17183814492960214,0.022965319414876475,0.27197865291349976,0.020545395245202307,Interruption,interruption_048
-0.013210793566847045,0.5829449856906576,0.5830946590464937,1.0381563891413512,2.0763127782827024,1.780425138582503,0.007693946892475386,-0.6402171103886549,435.1992082029399,50.0,0.6904197935309295,390.49630615960155,0.6725200982323911,0.005410864797061496,0.001387196353864164,0.016879654724364042,0.006676170084081119,0.0013174765646997726,0.006930089919031993,0.5190808610621431,3.8628114562936626,0.03248589186021133,0.009659630664037928,435.58487486940425,2.250518446986184,0.6097421013967559,0.0837324334573945,0.8967626243890955,0.07343849706662249,0.10961551457053904,0.018336841648805915,0.24873516644853855,0.01966643156912463,Interruption,interruption_049
-0.013128778356060036,0.5869616988945169,0.5871085085316512,1.0491761237233252,2.09835224744665,1.7870225153873356,-0.0007219598189514221,-0.5893912858719319,441.2113930115328,50.0,0.6772404461179623,415.8102728421637,0.6793484249769358,0.007211015266784047,0.0019405531361270597,0.01944049221189924,0.010037868498248951,0.0024692152120108163,0.007191592097605214,0.5246549431358818,3.8855495933747854,0.04458611154360029,0.013683425977400696,439.73929727731854,2.261080890917014,1.3707500338148795,0.12622036390787186,0.49683572383905306,0.0547050480033249,0.45465086046382847,0.0372965251298123,0.1152123719414504,0.01338534404347432,Interruption,interruption_050
-0.023191127367106934,0.6422111727118451,0.6426297680192544,1.0424624734734955,2.084924946946991,1.6221820484366967,0.030031731938677298,-1.035667072930805,528.6054639929354,50.0,0.7987727394778547,356.8964960212624,0.8182508314040631,0.005507436998849117,0.0012082930803005174,0.014707357171246185,0.006597889370188027,0.0018591290708587672,0.007946920781222614,0.5213474499866256,4.962258209509465,0.02982326231312257,0.008442142417526931,527.4954411783813,2.4757273522887973,1.145536169881086,0.1153540406970714,0.5149402519885824,0.05544834310375536,0.25771472244193927,0.028097011227235236,0.07046322394935849,0.010466309340269327,Interruption,interruption_051
-0.007195751343971097,0.6251776385225286,0.6252190484510286,1.0338483063543267,2.0676966127086533,1.6535777483331926,0.005239034562265072,-0.9632878334420294,500.3505389388923,50.0,0.771542233344666,416.8576395039082,0.7714424027872111,0.007557466736047086,0.0020036157991655387,0.016905448097305837,0.011823446419238652,0.002526197871299824,0.00808754387539906,0.5170348085266883,4.609749467866143,0.04559819694613027,0.014106184429156962,497.7518709528835,2.405776595819275,1.8992815033576183,0.14841502440126564,0.8867289648928351,0.07308693921250477,0.5637462809746758,0.0416484507253966,0.11892665084478049,0.01356473424608831,Interruption,interruption_052
-0.025345061254354144,0.5892081318347951,0.5897529946937415,1.0303928920524315,2.060785784104863,1.7471600845126134,0.022466082520990593,-0.7196585910342579,445.19500128030245,50.0,0.6938778434104668,323.74286357704017,0.6900313268372383,0.003883710978508965,0.0007769711516002026,0.006298635158047137,0.00568822125586222,0.002163631918320609,0.006702323850104926,0.5152908480675312,4.029013510510594,0.020901699235417716,0.005472508090674379,446.86798924823347,2.279032143782308,0.7803214704978956,0.0952444742536439,0.41319507872361294,0.049800935193550236,0.30327281764656355,0.030511891778427593,0.04533209481626535,0.008376539313735405,Interruption,interruption_053
0.013829307914301578,0.5881050802715775,0.588267656087454,1.0113719531308623,2.0227439062617245,1.7192377358560553,-0.0147308640359356,-0.7917818187789796,442.9553090542427,50.0,0.7057514539463948,391.28133108424765,0.6845040104808174,0.005577083340924626,0.0013439315879796895,0.01714238556003181,0.005307395869225884,0.001541685739115291,0.007107740679574489,0.5057140925235789,4.016766418059773,0.03226041150066211,0.009550165649819541,442.0190094868879,2.265911893292534,0.5655845713248614,0.08106365954019967,0.9305984418538129,0.0747551560211131,0.1659151774329916,0.022573501887181557,0.25055880622710364,0.019725670147206876,Interruption,interruption_054
-0.012229041383272823,0.5590105910606514,0.5591443376903076,1.0000828009853318,2.0001656019706635,1.7885950613658141,-0.00205856504407216,-0.5810677698958537,400.18225967504986,50.0,0.6399849335335446,422.148946147965,0.6155384660037352,0.006984782856425744,0.0019044369110828578,0.018711077961287105,0.01054885590970559,0.00129054735063557,0.006887806652372283,0.500049160551589,3.517165100524978,0.043403958654881815,0.013395121096932971,398.34895762274294,2.152083904771972,1.5555948064267155,0.13449239677369956,0.6978333882822614,0.06476324353692661,0.3325615939684641,0.031964069652402144,0.27802177146618345,0.020771938236422597,Interruption,interruption_055
-0.02221471096606611,0.5890882252149754,0.589506938441131,1.0298164772400418,2.0596329544800835,1.7469115460481281,0.014655530999932463,-0.7165819352735814,444.8235910019013,50.0,0.686532604599626,366.75234973667125,0.687270605194055,0.005553816547504161,0.0012575636501987093,0.00634901403755697,0.005996645455316116,0.002001166968464466,0.006985759552304788,0.5150288558757662,4.005659519253445,0.030612068641874206,0.008816038770745355,445.90127158725153,2.276734759758239,1.0576352515948253,0.11089666320471385,0.35651142748526754,0.046265478450195095,0.18729457001220504,0.02400545331199822,0.2633677050170452,0.020223986222698394,Interruption,interruption_056
0.027577179871525165,0.6260135541684647,0.6266206754108101,1.023912134374634,2.047824268749268,1.6340222634718,-0.04084799091065843,-0.9924473922223962,502.5964426909438,50.0,0.781815386640946,266.54840842848364,0.7812161167377499,0.002718786197773128,0.0004505104172088886,0.004551696595445298,0.005142747804613932,0.0013509010862936082,0.007282539811367182,0.5119586160963362,4.731158492502684,0.014310461920824337,0.003206540014460443,502.00675607764356,2.4134017252340554,0.655177905994289,0.08721609816690279,0.2849674371536962,0.04138304531628635,0.14757715646918823,0.021263621717801186,0.02598059724291013,0.00635609218676887,Interruption,interruption_057
-0.026140009241817124,0.5504600181989269,0.5510803314569712,1.0445702616341586,2.089140523268317,1.8954954513992195,0.001102070873456674,-0.3334458672727396,388.7226005999683,50.0,0.6253463338526208,289.7739596046059,0.6030947937124991,0.002890740946225401,0.0005246621659516046,0.0027102761965673502,0.0026457693908928962,0.00033163975205331193,0.005828549340371052,0.5224323233958097,3.342744332460426,0.015296595357495942,0.003653524284623821,388.55621527511755,2.124137051432548,0.5890650224061279,0.08257388396425515,0.3170360920789281,0.043691708677822065,0.07657394599435886,0.015277093138297644,0.029920862891148897,0.006804485581103873,Interruption,interruption_058
-0.0011664024969192388,0.5741116615650252,0.5741128464332939,0.9664801102744499,1.9329602205488998,1.6834323012924635,0.0013144733945483914,-0.883806351211625,421.8951173628658,50.0,0.7089228762050057,396.4273417125288,0.6521771264684558,0.005128088680519319,0.001384278857352066,0.0023264854686748473,0.0023152648622417984,0.0021552690834005916,0.007218196258300428,0.48329330148616717,3.8612673861651317,0.03245187203953326,0.00989767038770278,421.12425518417365,2.212567405382053,2.0906335960062474,0.1559112307229376,0.6388914260396752,0.06198178903596396,0.36345774131102415,0.0333721302756033,0.08335733692375275,0.0113858509436792,Interruption,interruption_059
0.0029019514837780314,0.5565360327046115,0.5565435984907225,1.0188533779819693,2.0377067559639386,1.8306802571139855,0.0033060035366055418,-0.5072125619681347,396.4681945868833,50.0,0.6402447022346756,445.6258426070474,0.6088808351540664,0.0076416360513487875,0.0021483771312123057,0.005725605387678932,0.005587838448033827,0.00379350645245332,0.006945949585766418,0.509437610637996,3.416738685991586,0.04827615325791364,0.015172270429030707,394.48378979081497,2.1413993884148743,1.7021846870154418,0.14012643201995809,1.113044176968526,0.08171013695138409,0.3234567125456717,0.03154737479919055,0.1280977220175695,0.014114489253412283,Interruption,interruption_060
0.009095118570343893,0.6159902779381449,0.6160574191551641,0.9966475399607118,1.9932950799214235,1.6177835197989427,-0.005566145688600577,-1.0339707263753513,485.7942319310356,50.0,0.778324712341656,416.8800336351859,0.7489832430574876,0.0074796105868145685,0.0018273522380801888,0.011311696323048518,0.009881854680421832,0.0032440487722016137,0.00807164057306859,0.49842026598078365,4.527508201261769,0.04167213065924475,0.012918484903183316,485.7273779033166,2.375202196800821,1.531043776599068,0.13340440118468957,0.9972648916083339,0.07744580000804051,0.301739135458557,0.03044876653974283,0.22818129167467016,0.018837856440414157,Interruption,interruption_061
0.006450239936095023,0.653326255786484,0.6533580963722876,1.0471983161765563,2.0943966323531127,1.6027938155039765,-0.0071802828240560635,-1.0662109240012034,546.4023066818809,50.0,0.8370007792687707,399.3212041267602,0.8444124653578235,0.006975850596597693,0.0016929990485832517,0.01864075990175365,0.008686316311066799,0.0014272845062071936,0.008471291616163619,0.5235997171350887,5.130033381264482,0.03907664656409318,0.011958913153901808,543.9344003740806,2.5146733138981654,1.7596732062915483,0.14277692924161353,0.8616939945721025,0.07200620050243992,0.20959341429999453,0.02535847692303736,0.198293729498208,0.017560631944211133,Interruption,interruption_062
-0.0021231919434210934,0.6137018278969343,0.6137055006337054,0.9726395575089261,1.9452791150178521,1.5848636789192936,0.0011065335392864198,-1.1219400952265854,482.0920851303258,50.0,0.7868640698916746,437.6979686804317,0.7431448860726628,0.007292204163662932,0.0020599297396254163,0.0042157558528977315,0.004161579098361122,0.0034175623675374626,0.008293527908247453,0.4863198770205667,4.526306203003608,0.04604164036057452,0.014477921513056975,480.255664327406,2.3630706251696982,1.201984639203872,0.11756533868484852,1.0741252682980373,0.08021768047223166,0.3524646516414177,0.032888626285991214,0.2787139107762285,0.020795898592136854,Interruption,interruption_063
0.00192597872980228,0.5909900363470534,0.5909931746268811,1.0011519048283937,2.0023038096567873,1.6940160188123479,-0.003065580271896283,-0.8471359858869039,447.06935354311565,50.0,0.7036878671890561,399.80783792606996,0.6898760577612145,0.006334873524698131,0.0016984244233860916,0.003824193148775084,0.003775082094394669,0.003100660638242033,0.007412399446359331,0.5006144521352474,4.075396884914211,0.03956931127749606,0.011998755969024385,447.28138593578376,2.280034119011055,1.2240814091297776,0.11929575128812735,0.5562353216286127,0.05762303239587048,0.30078465535933674,0.0303925190139738,0.21838637058732172,0.018407135693746263,Interruption,interruption_064
0.0007735619476324611,0.6077343894550147,0.6077348817735791,1.0240499347395993,2.0480998694791985,1.6850274115406785,-0.0026281163797790283,-0.8823143786301437,472.7573587511633,50.0,0.7506157732515246,299.3266981657126,0.7349836151746686,0.002841321135912629,0.000627537728001456,0.0015429379898005673,0.0015355057580275931,0.0014295340957659474,0.00708921955601773,0.5120407615817893,4.368663732464766,0.01741002342015717,0.004479563323453166,473.7342517630521,2.3466097329850766,1.0923416648033866,0.11267641147539169,0.21320451387427672,0.03562935948048546,0.08097066017464342,0.015783909571861876,0.13175544974124298,0.014314526385573696,Interruption,interruption_065
0.004308890657266762,0.5643760647132178,0.5643925132032445,0.9502336045967886,1.9004672091935773,1.683639634413284,-0.016127061668918325,-0.8832087507530884,407.72980346863926,50.0,0.6793020098093411,318.4937562236424,0.6333840377253398,0.002807685843564775,0.0006387916973117704,0.008128382366662449,0.006265962163667947,0.0012502777189469809,0.006480445087623777,0.47513536368378934,3.7711443542994605,0.01742369877168422,0.004445946944311651,407.2067552954465,2.175805102905644,0.6027518389709887,0.08368298755167322,0.20774490998744036,0.03534748961803501,0.12805639583597936,0.019849911939485758,0.12353653634102221,0.013858433164168429,Interruption,interruption_066
-0.00649243825379967,0.5513043370726262,0.5513425648628693,0.9958974800349031,1.9917949600698062,1.806313431071294,0.014960186363373153,-0.5753099639761814,389.09263850184607,50.0,0.6353630827676553,364.349081458078,0.6024468006415512,0.004094319193592049,0.0010031510833528796,0.013589205366074433,0.0059245278142863855,0.0019422742509993258,0.006285910242170285,0.4980018742451606,3.435468745255252,0.025124938610415513,0.007121874978228773,387.143210703384,2.1216432641585707,1.8215948452774318,0.14487502093319082,0.24463613437594128,0.03818196302147157,0.0999800807356198,0.01753909899934549,0.21231528855823645,0.01815973498210303,Interruption,interruption_067
0.006349800944282777,0.530629091679591,0.5306670829331134,0.9591230026309173,1.9182460052618344,1.8073911751372005,-0.008429369967775605,-0.5554894289600232,360.457667723187,50.0,0.6025822862064633,397.29483755548284,0.5561715895270751,0.0051173221826611385,0.0013802291032580078,0.01139527166030928,0.009278934269209062,0.0027129020283842816,0.006301501369122562,0.47965546654292657,3.1632100920866026,0.03213516293054184,0.009618438195892438,360.1827614859187,2.0454519574636683,1.5631434095377348,0.13481765331183684,0.8638241678254401,0.07204017308078717,0.12545566145488762,0.01962899426469633,0.22420386271225903,0.01865624376091075,Interruption,interruption_068
-0.01992917191614967,0.5933547050393873,0.5936892940635208,1.0282281776016695,2.056456355203339,1.7319297954022463,0.023519628696156723,-0.7585947606062242,451.1577316936214,50.0,0.6870285245639707,385.32186624672,0.6967338059220066,0.005914705077553839,0.0013845945725099121,0.016757930438600157,0.004980434865905305,0.0017278234118802897,0.006978173351405405,0.5141380674028051,4.080992666548481,0.03349237273876039,0.009653487641853229,448.66297510786745,2.283137454264061,2.239274981874641,0.16113367292331246,0.34059515873226986,0.045060616492751546,0.1321549995570282,0.020157443514587897,0.26760363837588214,0.020387659508851182,Interruption,interruption_069
0.005239822590561283,0.6128177099481436,0.6128401107685981,0.9725208057450698,1.9450416114901397,1.5869078878074552,-0.015842769995046514,-1.1076851611017018,480.7334417495905,50.0,0.7915627735475874,335.0240327235354,0.7468181009184144,0.0032935898798585796,0.0007347812763535471,0.010437331186134881,0.006442721773029514,0.0014469100068053072,0.007488197680585878,0.4862648669391167,4.569161582448215,0.019192265740794693,0.005240188252158606,480.7366559337075,2.363656942815097,1.4837193769508015,0.13124080092048687,0.23396650495240456,0.03752219841837268,0.07287950555072539,0.014973909365185266,0.15544113007692656,0.015538715176552096,Interruption,interruption_070
0.020508613193495263,0.5807677919390013,0.5811297887467339,1.0294492578255758,2.0588985156511512,1.7714618623215261,-0.01811707083349186,-0.6383900034449512,432.27114415209417,50.0,0.6782052318656699,366.8011054662476,0.6690051317409448,0.004549033297740235,0.0010615790843196814,0.013649043914915279,0.006295339072293259,0.0019657992510282913,0.0064868405314722705,0.5148758602026592,3.865638914527767,0.02649142112057929,0.0074355117784216385,432.83807223282605,2.2400743254569035,1.3964419130357155,0.12742702788914517,0.7916180582619058,0.06887862514973521,0.06667274248188168,0.014318410897381654,0.22149024153938626,0.018552283706556982,Interruption,interruption_071
-0.010375479247918361,0.6066321534373703,0.6067208749941649,1.0151741485335097,2.0303482970670195,1.6732144720446611,0.02639984807551989,-0.9075897776106525,471.181081796717,50.0,0.7277751052736473,367.11896757312724,0.7298926446687466,0.00464825594987653,0.001149030917764299,0.014265594456021092,0.006592056516037016,0.0016913824323154946,0.0071129818171400344,0.5076393612245659,4.354104145920973,0.02891735021066572,0.008112668173208493,472.5304277564015,2.3440224352114067,1.0309228535579145,0.10932005913593403,0.43720154881749584,0.051258228102670646,0.22017075024107707,0.026027501471864303,0.23943877920487952,0.01929161780160147,Interruption,interruption_072
-0.0005513623781572107,0.5744295389113193,0.5744298035220169,1.0444179352788796,2.088835870557759,1.8181820108799955,0.0025163578509914235,-0.5405137881955802,422.36108694315885,50.0,0.6756920925908912,221.32640834158752,0.6579844369198479,0.0016328348556344607,0.00024073186761986923,0.0019503049699548494,0.0025007956140610916,0.0006779242543470783,0.005986511126478765,0.522240258597202,3.749701894657784,0.009553203320373464,0.0016762148614937735,422.49239121417355,2.2163661639819376,0.5717383609529021,0.08149713716966242,0.2617137553036603,0.039705042187087404,0.046266993758207205,0.01192755775280857,0.023700654916782055,0.006070928118176599,Interruption,interruption_073
-0.0024583648084629704,0.6107651701690485,0.6107701176786224,0.9661217407647495,1.932243481529499,1.5818091173732336,0.009989945481807367,-1.1227894034607795,477.4913749109227,50.0,0.7883066265650286,271.3271409012593,0.7435518378825682,0.0020077178641936403,0.0003816906671004124,0.004792146837759318,0.0043065194556559236,0.00134159528340301,0.007186266717742473,0.48308912288961325,4.563052199933939,0.011866143810759339,0.0026426547988866243,478.7792353484469,2.3592918396019606,0.7391206665065427,0.0925554431193793,0.16672346371417857,0.031679247394128175,0.027591982408284723,0.00921080415727892,0.07596041441089507,0.010862999925999123,Interruption,interruption_074
-0.02078071309715953,0.5978503869229175,0.5982114368521456,0.9852877024394591,1.9705754048789181,1.6470559433341903,0.031204399510458267,-0.9544370875748971,458.05686167130705,50.0,0.7305067863661721,366.5804981853682,0.7091142422782423,0.00465321663500478,0.0011097166980461402,0.013541478955407766,0.0073616260876928925,0.001618072644391817,0.007209909780111567,0.4927362660598276,4.266547379610644,0.027418587556549807,0.007749923866209497,457.13643678906124,2.3051085716271316,1.4694355802814565,0.13068300103245953,0.807457685784474,0.06973741477199541,0.07747853817404401,0.015434831278340808,0.21998380649374322,0.018492981361043843,Interruption,interruption_075
0.011297059586557046,0.5783061767147003,0.5784165087388813,0.9615240656234776,1.9230481312469552,1.662338558970631,-0.006736935938843985,-0.9106896791238404,428.2440417045457,50.0,0.7025271550736196,420.2037897407584,0.65981799328474,0.006621128935730916,0.001873729616951435,0.01783684618886602,0.010896766291183236,0.00022449063052617946,0.007485870157171415,0.48084736165446046,3.9309700245717174,0.04224184615816498,0.013071677438594187,424.96980974473234,2.2225033359913033,2.60176562456707,0.1739307451825379,0.6389526663215963,0.06203126305727366,0.2755999762067266,0.02911906097147941,0.11019113564421393,0.013090731691305833,Interruption,interruption_076
-0.026677419929737656,0.5358420181225967,0.5365056878727427,1.0191185432123717,2.0382370864247434,1.8995484414178359,0.008272567430641519,-0.30956735005396663,368.4330919933501,50.0,0.5849337579508408,307.29170721662905,0.5707966248711882,0.003330350910415829,0.000614517294335178,0.006937232400955673,0.006588602552965448,0.0017275983731433187,0.005635835684175126,0.5095942546352953,3.163053430739769,0.017723623209477367,0.004368072829784245,369.1536841695563,2.070856037625932,0.7060226397127783,0.09036514740805471,0.3703420907244985,0.04699071745334933,0.09445520901971244,0.01703241520525337,0.06072881351394824,0.009704295243323715,Interruption,interruption_077
0.026481386547964243,0.5440985252724692,0.5447425713464833,1.033496216211314,2.066992432422628,1.897219476816072,-0.003286507561078436,-0.3263823654324294,379.83292036758843,50.0,0.6165714681535843,276.3142497879595,0.5895475498710541,0.0026289548044895225,0.0004527390239901114,0.0018975894256435765,0.001873369552332619,0.0007155345457612293,0.0057016554253056795,0.5167931485634648,3.2677419483192525,0.013793878277854934,0.0031426432092321963,379.14172294654816,2.097305987681994,0.724163454246423,0.09158536375029776,0.22911876259929348,0.0371511975916652,0.08866510477126799,0.016499632912274992,0.04845131930117662,0.008680289060328436,Interruption,interruption_078
0.001732289486626759,0.5607208743492165,0.560723550207957,1.007682585988839,2.015365171977678,1.7971112246191905,-0.0019153893398484046,-0.6148503227739122,402.44595169000354,50.0,0.6563602907215957,391.48605238748377,0.621502778637448,0.005377467456318095,0.0014150484069935833,0.018302555173660986,0.0021785770296067564,0.0028743171512148826,0.006732987393922569,0.503983235965503,3.5452230165434457,0.033004674699655,0.009936259567429575,401.5172164162979,2.1604002909617166,1.6585296637528675,0.1388705798217619,0.2951517612165826,0.04215410769267991,0.4280239640480965,0.03627024571836049,0.18004018357294754,0.016733155956625445,Interruption,interruption_079
-0.026422426437209545,0.598196900196573,0.5987801566715604,1.04982165535326,2.09964331070652,1.7532672779057192,0.02420465730419445,-0.6942568842238992,458.9282253102316,50.0,0.6882094760140915,329.7085264614364,0.7103146307487804,0.004710517106376717,0.0009935861351842957,0.000965154306659028,0.0009651543066591585,0.0023498657912944735,0.006885234804695005,0.524911424055893,4.141157221786967,0.025618199871360117,0.00690223185489866,458.8955131015118,2.3088287949276096,0.6392039263980789,0.08501559494807982,0.23318749137830258,0.037452263144036185,0.24246197894597965,0.02730310106854249,0.12591857017515345,0.013993902647982573,Interruption,interruption_080
0.02874341008223541,0.5963896938161316,0.5970819462295396,0.9743691552868442,1.9487383105736884,1.6318851397838616,-0.05271237319497508,-0.998737942640417,456.3287686569661,50.0,0.736427029667046,231.3265903121813,0.7097228712518401,0.002104006553707926,0.00027081152630442667,0.002219834930348561,0.002138695704159263,0.0005584045163826969,0.006742261293108336,0.4872382521778054,4.308490325428797,0.01045779482436022,0.001863176957198113,455.9970254011794,2.299449031464023,0.7027907392135319,0.09038309824468738,0.14478556559810002,0.029507918049182076,0.06159880758109298,0.01376396099905839,0.045293316671190284,0.008391996757061265,Interruption,interruption_081
0.0025428270315444755,0.6029053118707329,0.6029106741891854,0.954232275002841,1.908464550005682,1.5827092069393895,-0.010953897084382849,-1.1165153608112972,465.28163974561033,50.0,0.7623275381038515,267.4206135473338,0.7243315538040727,0.002148657916430178,0.0003834663426675705,0.004678183517475417,0.00401269110150859,0.0011267535681238657,0.0070399265871120414,0.47724821212494145,4.451155904738518,0.012660668598937821,0.002656776127378536,466.83169549039303,2.3292700251662,0.8188999228310461,0.09722128270045664,0.10816267331068409,0.025377954636662273,0.13566438484870635,0.020410808937839087,0.02156920847170556,0.005785663593998953,Interruption,interruption_082
-0.008135594887523967,0.5891409102076524,0.5891970807671021,1.0058516899725116,2.0117033799450232,1.7071566082120453,-0.001265768276265324,-0.8415402740318845,444.3560959801281,50.0,0.7217425151684677,422.1136655967094,0.6851012340595583,0.006664870059901536,0.0018106861284271252,0.014272523220722724,0.011085567582756478,0.00345318734391411,0.007501494747333847,0.5029337148237528,4.021446627538301,0.04055206142044917,0.012623537097532419,441.6523424790902,2.266094331562088,1.8507610212054404,0.14661135802954195,0.6404351282249318,0.06209705362587166,0.6807233134147039,0.04576523874357122,0.10649408268138202,0.012869270254809021,Interruption,interruption_083
-0.013557022861483286,0.523044327478922,0.5232199932884299,0.9786948763205864,1.9573897526411728,1.870522703399832,-0.008151927931228355,-0.40415001938386164,350.4117265622332,50.0,0.6035995576231595,399.86736481864466,0.5403908854370937,0.00521323146442749,0.0012591204283180497,0.013222157136583052,0.009313106741109292,0.001999135000839048,0.006147223935414797,0.48939045074806836,3.0029867102347296,0.029757936262085852,0.00895715855279339,350.60423370368676,2.0190390701986636,0.8094073909999757,0.09589997218479286,0.3673968563307341,0.04704058714898084,0.1271685737516956,0.019779908369408853,0.2690947194331388,0.020443048167157078,Interruption,interruption_084
-0.002670861320879625,0.5598385172026692,0.559844888200186,1.0238826809160073,2.0477653618320146,1.8288684999979221,-0.0003783085667671212,-0.5071727413988025,401.1856625201648,50.0,0.6456441458501503,421.86416475256743,0.6176994537543292,0.006637886692015523,0.0018272217079066395,0.005269700386206349,0.005142975565536555,0.0034925516079854996,0.006829836299127621,0.5119537314508209,3.4757734373805156,0.041723474831614295,0.01290250281227577,398.588733086269,2.152806042061506,2.2166920563593133,0.16033166802895782,0.629045494351441,0.06154391132697543,0.7000371935252927,0.046410098160077067,0.10879977771992794,0.013007877828457701,Interruption,interruption_085
0.0020450342079135486,0.5328841269584742,0.5328880510287378,0.9721491288423114,1.9442982576846228,1.824302734812233,-0.009192850304071184,-0.5090628115556202,363.4811839093845,50.0,0.613619771746465,269.14033232833515,0.5655319263569974,0.001929770795643386,0.00035098060632735516,0.00388075707893076,0.003526139598176366,0.0006634105139824841,0.005591546994518446,0.4860977019780474,3.2162740486984958,0.011454020097706621,0.0024482341987908276,363.6685353495857,2.056176920611454,0.48215084225839877,0.07437705653085655,0.1712560421773051,0.0321186100627959,0.05268513878060097,0.012716663390429782,0.019738430656726105,0.005537663680736741,Interruption,interruption_086
0.0042986332197745,0.6023361803161431,0.6023515189367413,1.014131319021491,2.028262638042982,1.6836204228552978,-0.013329739461217292,-0.8801562442922184,464.41901102771135,50.0,0.7170720054385643,342.67723082490556,0.7201325063275346,0.004127891458530771,0.0010083347009046623,0.008009305384862771,0.007025509998643173,0.0010870047229953141,0.007147177887068402,0.5071583771770027,4.284327871979778,0.025855392486575063,0.007074287105521166,464.1792450610736,2.322711202769351,1.1905859218384622,0.11752952011484209,0.39704418938751174,0.04890560124658764,0.23504508381382577,0.026884034557916964,0.17491908187978858,0.016480241090513954,Interruption,interruption_087
-0.024341211427590614,0.6262594270492653,0.6267322909678715,1.0286017538851258,2.0572035077702515,1.6412139101609085,0.03413622524461821,-0.9689474279025538,502.775506613551,50.0,0.7702309514920349,344.5953585263127,0.7792180999003139,0.004442533803128075,0.0009764041726552704,0.010704488608696012,0.007786679892161313,0.0017050749139275946,0.0075014602251035544,0.5143470567906063,4.701439098286753,0.025287863256617506,0.006888690550904796,501.40857396140626,2.413622324449065,1.7439848915034561,0.14212247407630668,0.3610980122788495,0.04660145956671148,0.17050579916367242,0.022884042264074887,0.05731440492719494,0.009421494846931657,Interruption,interruption_088
-0.0056629486779054715,0.5569876110534147,0.557016398191937,1.0087724190295932,2.0175448380591865,1.8110282252052818,0.009856340022723564,-0.5499229491634239,397.14210285403976,50.0,0.6321876461422044,384.4110711626401,0.6135426230633881,0.0051156289333113385,0.001349273556862061,0.010361391896549381,0.008770698303997434,0.0020553781578997853,0.006516005735842214,0.5043910964784515,3.488790127645686,0.03204060082458138,0.009423000430813499,395.02289450769064,2.143167138269465,1.8451194861411238,0.1456185458241816,0.2792616214913979,0.041008645518593775,0.415735831478669,0.035690653543432385,0.07905208851013436,0.011086685922809937,Interruption,interruption_089
-0.015122232333767152,0.5975718772612663,0.5977631892349263,0.9879303461867738,1.9758606923735473,1.652711916653094,0.014921644622936402,-0.9475745191642666,457.3706629175173,50.0,0.7454406430694667,383.2948430048601,0.7078344421710638,0.004872623674491075,0.0012415023983665097,0.01691092398294754,0.0033643432281950927,0.0012096828139861121,0.007430083052089234,0.4940117791949653,4.239385070833733,0.029825216829774567,0.008860202305564752,456.40282414790636,2.303419192288745,1.1393051363294608,0.11420140280417063,0.43823494785528216,0.05138052413661926,0.15979233820316893,0.02213133750885817,0.11692707445717453,0.01346460705327571,Interruption,interruption_090
-0.012619579374580168,0.5838314394963654,0.5839678103525823,1.04380516310019,2.08761032620038,1.7874361302007113,-0.0033049204685779623,-0.5849432419869571,436.5035565158265,50.0,0.6736735698512248,420.9032609400473,0.6716767795661062,0.007423036530684332,0.002025241411375461,0.019306199854274834,0.010879219025152084,0.0013268141647807597,0.007196773338990972,0.5219772420389773,3.838728376838788,0.046131408468421516,0.014245007123727612,433.83289132990683,2.2459802555415993,3.277749828431475,0.19521801120852064,0.45188123813002434,0.0521634591942844,0.5647531820920986,0.04167452330425769,0.2926846846504711,0.021312399124497255,Interruption,interruption_091
0.019899082718099932,0.6126321098778963,0.6129551986454349,0.9914300517733596,1.9828601035467193,1.6174592432900414,-0.029096515192913116,-1.0462929241350225,480.91401669947464,50.0,0.7690801761706981,364.3736550102465,0.7447596808270811,0.004809488357726914,0.0010714348832020345,0.01409152783864332,0.005803256635843248,0.001755262034110676,0.007499182651358675,0.4957213635554071,4.5204660140325075,0.02638771755655322,0.00748994483727643,479.753701106704,2.359777120661923,1.2506195728611937,0.12052756217852759,0.7844802260950541,0.06872205105870535,0.08984748705864876,0.016626673253816164,0.22339177034530847,0.018636102049968507,Interruption,interruption_092
-0.02457537900220013,0.5070395128549594,0.5076347277810063,0.9622313115317331,1.9244626230634663,1.89551907872021,0.013545883853649339,-0.3188254702308293,329.8470615670993,50.0,0.537446971403896,344.0799406083209,0.5100290471157798,0.0037240873149680517,0.0007535857175179968,0.009524439959549564,0.006740290627229577,0.0014427860816666543,0.00528204593240393,0.4811928440564651,2.8298470892536356,0.020356016874428257,0.005328412490056741,329.4126546783506,1.9557938955869518,0.7678398658700447,0.09410859921779703,0.14096347426841058,0.02906585242796534,0.2690469436615997,0.028730413101486423,0.04405225570874439,0.008271291970154927,Interruption,interruption_093
-0.018978796535475663,0.613585082925331,0.6138785292762895,1.012109680650743,2.024219361301486,1.6487132753156972,0.024875198600475955,-0.9547917537530846,482.36396634421794,50.0,0.7484813613176217,382.22861903848695,0.7456788455461522,0.005717249667563484,0.001419146992327298,0.014786118596889714,0.009333824194003793,0.002885238337457677,0.007614559962140892,0.5060729203250973,4.4795350469434805,0.03391522066697996,0.009923613834034156,480.887358877287,2.3641933093512955,1.1464806668883172,0.11533259545211448,0.7171891253700482,0.06562569505889075,0.5396777070967717,0.04069987701179282,0.08320816435431254,0.011349362634564403,Interruption,interruption_094
0.01443023599246204,0.5637172592623685,0.5639019241863558,0.9716716355740264,1.9433432711480527,1.7231216881806377,-0.021399041021703032,-0.7704593906103141,407.0212865293753,50.0,0.6546710892436471,396.6233579298531,0.6280198779730497,0.005817643186473115,0.0014110332810723175,0.017224632882322306,0.0056163692380387644,0.0025746671261962393,0.006775162618619902,0.4858397072865722,3.685127442091897,0.033412420561443994,0.009832625170357141,405.6128032557406,2.1707449660113722,0.7353977277187609,0.09240187257936676,0.8593538423677255,0.0717500635923074,0.22445291919681795,0.026236037286155485,0.11280559866854245,0.013241476027036708,Interruption,interruption_095
0.0020555834243110526,0.5736269087269685,0.5736305917913306,0.9660491581094401,1.9320983162188803,1.6840963015779595,-0.007742741661196184,-0.8839510428050374,421.1866314737563,50.0,0.6987444723800518,301.4347830089164,0.6547060875901389,0.0025979747657570262,0.0005875638010756084,0.007117649103834123,0.006435918195689146,0.0014987306428439471,0.006646144565386245,0.4830934680314371,3.8956803187194176,0.01614704242108819,0.004066922996346214,420.4604550904823,2.2111040539047826,0.4767952961805817,0.07444125150969569,0.4306533444847837,0.05091801553371589,0.05211201291377428,0.012662675241218647,0.11922051583216833,0.013607256233123859,Interruption,interruption_096
-0.02226143243506891,0.5983045143787981,0.5987185175857771,0.972177894992097,1.944355789984194,1.6237645344770741,0.030922744743599566,-1.0328671948866732,458.8337450241414,50.0,0.7409785539553414,354.2903594310733,0.7100816550382071,0.0048907211838410125,0.0010690238633260006,0.01377407936900003,0.006301986849950027,0.0017475864753843777,0.007430776972272427,0.486091165108734,4.305815318707708,0.026381811508685737,0.007468238464784531,457.4849904378884,2.304874798561646,0.6502887205756166,0.08682420456849678,0.7042194384510562,0.06497364732809448,0.127023073081383,0.019766271210660342,0.2225408427873135,0.018603240311782017,Interruption,interruption_097
0.011496937143052596,0.5502945745857211,0.5504146603990041,0.9646529055896447,1.9293058111792893,1.7525930448302383,0.00533465178466435,-0.7159227633464731,387.78406192915327,50.0,0.663744361957695,410.6589542284587,0.5977976991945927,0.005940228700621797,0.0014928058801397717,0.0035780621021449057,0.003532096797239201,0.0012237575374449985,0.006835528852670793,0.48232734132550703,3.460695274889209,0.03396886260786685,0.01046801838269919,388.46427484429023,2.123329649051489,1.4206994900841574,0.12852651525101474,0.7819314962327868,0.06863213953201489,0.2509954911663078,0.02777648750558794,0.20973206632006305,0.01806035819886841,Interruption,interruption_098
0.009532988287551027,0.5428609971581663,0.5429446934092359,0.9588387361135209,1.9176774722270418,1.7659970670144216,0.001428844757566067,-0.6711010995639937,377.3298433295989,50.0,0.6313985146201853,427.43165288536665,0.5799216568002645,0.007105337846364549,0.0017875331747943576,0.008944133178402053,0.008260896714136655,0.003188560475503426,0.0067802765177375525,0.47942193846373277,3.3404686407539295,0.04105391406973733,0.01273382475575061,377.8373010393768,2.094364732971919,1.2974199491198533,0.12281487607732984,0.8849337744784395,0.07295757663373384,0.30821319222120086,0.03078122437977794,0.26268601475479214,0.02021209137137531,Interruption,interruption_099
-0.020426907457702047,0.5187496341496675,0.5191516555677149,0.9883248914819776,1.976649782963955,1.9037305975636303,-0.00843055324402862,-0.289429752100995,344.98360509273516,50.0,0.5646447813470159,378.8343919873326,0.5316859387414308,0.005257078983315624,0.00122839221920558,0.0010803572063504973,0.0010803572063505054,0.00262441200833352,0.005875686305394338,0.49419759067385893,2.9274997383950634,0.029283860889637026,0.008550079619497676,346.54826290234286,2.0071974591903965,0.39808139092231365,0.06803077506039056,0.803510722476108,0.06953068000316633,0.2484953928734089,0.027632733979750957,0.1678896440548674,0.016158692559624977,Interruption,interruption_100
-0.009315026483763856,0.5474739288847686,0.5475531686758079,1.0148667836809306,2.0297335673618613,1.8534579685355699,0.008147781534954953,-0.41581949620606773,383.76252483445484,50.0,0.6179683565124783,396.85424535840804,0.5919797955544157,0.005625997631891913,0.001416593618591005,0.017906060862171225,0.0034499491870793606,0.0027842741846663735,0.006359031079873085,0.5074387451944279,3.313393119255461,0.03325669672391726,0.009892685302008895,384.53193484855194,2.1144802941275413,1.8530750847529005,0.14678072781912282,0.3964749996250069,0.0488327664606749,0.34089229151082856,0.032376435783995704,0.24686348219758347,0.019592681149304167,Interruption,interruption_101
-0.013049729862315012,0.5704546714994354,0.5706039148875586,1.0202130625409331,2.0404261250818663,1.7879531421374584,0.013531566550942236,-0.6101211482094153,416.7536994368105,50.0,0.6580970853541637,392.2226947643458,0.6435751311696672,0.005513450104204485,0.0014036402458718691,0.017451036333512703,0.004817973917824013,0.0028270824619275278,0.006697230429174011,0.5102198439488728,3.6893571866461814,0.033297102534512596,0.009821499523804143,415.3437716665957,2.1972047819555285,1.02415367427668,0.10906316025402925,0.20288060448716144,0.034719002326914716,0.5228433571734091,0.04004634059852237,0.08235378164299052,0.011291696797397957,Interruption,interruption_102
0.003549438001466637,0.6096322332467551,0.6096425660364869,0.9654964115355716,1.9309928230711433,1.5837089883848485,-0.013104802532565445,-1.1164087183137432,475.72999465414694,50.0,0.785248298124068,302.4642068762716,0.7400384920853998,0.0025436311715985307,0.0005412259195032631,0.006423801425022947,0.005330789726467298,0.0015234137333558684,0.007303553580593335,0.4827492589053029,4.536860113966073,0.015075382559547622,0.003756107933885385,475.2180706562732,2.350584405417251,0.5242450093226686,0.07757207557650983,0.26075700468647667,0.0395046710052759,0.09723135290587359,0.017294749868147958,0.10264007698109573,0.012626576683318758,Interruption,interruption_103
-0.0033864239342598058,0.5831569203147124,0.5831667528057497,1.0499389469558444,2.099877893911689,1.8004094744814338,0.004291681789664207,-0.5941741319665406,435.30683081984307,50.0,0.6507005320517288,405.26759773184455,0.6703980413437431,0.007163745651142295,0.0018960883340600528,0.021079845757422052,0.003849895813371737,0.0035255557983316214,0.007001926298393572,0.5249695018257264,3.8223660971532487,0.043891003004594045,0.0132611281135804,432.2020474898124,2.241733200075043,2.5821151158162823,0.1732429457914793,0.4256875381675733,0.05006515550159465,0.11839946802773468,0.019086032548278,0.3985779990729925,0.0248792521468897,Interruption,interruption_104
0.0072149967141801495,0.6037608565336456,0.6038039649255601,1.0089028318591475,2.017805663718295,1.6709112401768662,-0.005427419526395467,-0.9063698763683332,466.6614119165786,50.0,0.7447966267056434,408.7341855359501,0.72062174351826,0.006113407623015219,0.001733301460039951,0.012935922225071736,0.010510860782021295,0.00308100847051282,0.007695967368879059,0.5044894991927931,4.281936716144538,0.03927699947822173,0.012080333778997433,465.77738494757847,2.326406641871017,1.7347604220515933,0.14105367254854417,0.5525936600696146,0.057414424152542214,0.29398026501022234,0.030042639470702032,0.20217307426810172,0.017709035678807876,Interruption,interruption_105
-0.017608618425307747,0.5372964837877273,0.5375849467140087,1.0093849870421623,2.0187699740843246,1.877628816078569,-0.012450676443668027,-0.40158693949812063,369.91689591488455,50.0,0.6049615706938656,394.07737464126313,0.5700292081956522,0.005731290028602836,0.0014054987188824013,0.018260064526670398,0.0009815550746110954,0.002066619704920514,0.006281141642566751,0.5047147214006911,3.1620205213580768,0.033074942757335316,0.009914128212683854,367.9615495186102,2.067698202937997,1.3254245918177434,0.12395658433232504,0.6368227419022519,0.06170210015583021,0.37868559787878586,0.034067486500020415,0.08327407655437424,0.011380183987813543,Interruption,interruption_106
-0.0297356321595522,0.6095173901418008,0.6102422934418757,0.9970895691291456,1.9941791382582912,1.633924065642432,0.05418291636998567,-0.9892009901458358,476.66644058265655,50.0,0.7472357607323279,238.48581149799196,0.7410951850654212,0.002380339814014635,0.00032009550202016644,0.0027453805124662022,0.0032809116485082155,0.0008406049277186378,0.006943710261054991,0.4985895753696924,4.497351270856276,0.012073352702045431,0.0022760727740433182,476.2080159522547,2.3511927419901677,0.8275861729907443,0.09805304633802978,0.13861503312750878,0.028895432691139342,0.06629749014597723,0.014280326757843213,0.06336366354284924,0.009926518128918503,Interruption,interruption_107
0.002501268947539137,0.6487665287589042,0.6487713504650355,1.0486410065935123,2.0972820131870247,1.6163491279943794,-0.001769696441977498,-1.029489744625642,538.7574594358092,50.0,0.8108394503909253,432.2913888303406,0.8287631415081913,0.00974819730153486,0.0023968970351550024,0.014270491558453086,0.012042545322482215,0.0028816787977148537,0.008648783932502626,0.5243312958762484,5.009858965334806,0.05438374440282253,0.017008538064718734,535.2392965421145,2.49466431869454,2.728936667698311,0.17813089699731327,0.5524388931744875,0.05755506566425463,0.6190698485941377,0.043643874484526085,0.14351956656529563,0.01490107945138557,Interruption,interruption_108
0.010440973001394387,0.5306381843753741,0.5307408940664073,0.9917309710324692,1.9834619420649384,1.8685784007186628,0.006832542209684721,-0.3930511555512828,360.55794769204414,50.0,0.608332369903449,414.39623215272115,0.5550733192131598,0.006113002591945835,0.0015099111966764462,0.014650763289346263,0.010273946254767337,0.0021990220130300815,0.006340512756558437,0.4959138659614184,3.0829637734230566,0.0351095226469263,0.010745723125049202,359.22221175049134,2.0430665729690762,0.6189835209674734,0.08423736761630624,0.8566400736040078,0.0716388661607917,0.17277552909568747,0.023056283565775756,0.3235847951883571,0.022417119110469338,Interruption,interruption_109
-0.022094340554689035,0.5096502919243703,0.5101289836336909,0.9653389299997674,1.930677859999535,1.8923428406707776,-0.00209219406113606,-0.3439691574444197,333.09642232722223,50.0,0.5640894094489328,349.3411297280309,0.5148968007175521,0.003910078875407325,0.000856271124175507,0.011489571789746104,0.0067153456278480125,0.002334600875741738,0.005631348737573131,0.48267889334738795,2.852645478998886,0.02162405937880091,0.005989112053483695,334.1353917127247,1.9706327066910612,0.40645416513279636,0.06861849548900499,0.49518119959405826,0.054555699050967105,0.05803028612356788,0.01336234875918226,0.17794186188366093,0.01663511800604287,Interruption,interruption_110
-0.0122558448088293,0.5959991821505027,0.5961251805250691,0.9834509563665927,1.9669019127331855,1.6497389952538426,0.010032039161081412,-0.9696097496811946,454.8674954957392,50.0,0.748404296794992,391.82526415020806,0.70353475268591,0.005193593699222728,0.0013558209056620386,0.014874464929420878,0.009207604000446528,0.002918177509684483,0.007510057372051136,0.49181905440283546,4.2139336973156585,0.03131769397248124,0.009466224716228764,453.67820789700215,2.2964589986864037,0.9030405474960962,0.10113776204904873,0.3054924325880547,0.04275694544917699,0.09424566936492561,0.017025194009817245,0.2845284262159428,0.021021147742491367,Interruption,interruption_111
-0.03165098246015226,0.5863387253784443,0.5871923752647948,1.0297170676007639,2.0594341352015277,1.7536281310442061,0.04716476221563263,-0.6886445761457116,441.33745352846285,50.0,0.6804603377314313,113.09918884806582,0.6870710424003152,0.0014583067856737864,5.1072966591678444e-05,0.00020935734700299334,0.00020880756071504697,0.0003768374531078939,0.005826458130124577,0.5148631096136114,4.022150062818211,0.006630564943851351,0.00033476665247372735,444.4977463745101,2.2725017775356875,0.44292402181689045,0.0717511785296266,0.10645581896337274,0.025308494217028858,0.015538526077535007,0.0069145385950171775,0.001403640975084905,0.0014752789042642282,Interruption,interruption_112
0.026879648518750455,0.5732910763927321,0.5739208776268981,1.0042069643398972,2.0084139286797944,1.7497306745320655,-0.03118170431273056,-0.7079277489104139,421.61302243331704,50.0,0.6634707110067667,306.345667459578,0.6537707360871412,0.003415025048963477,0.0006337883006089362,0.005559694075662966,0.005028707771505034,0.0019117202435960632,0.006380905498531792,0.5021470852886205,3.8204696145131116,0.01809476967574527,0.004456687167606287,421.1273447911985,2.209897681147034,0.664928357121312,0.08791052863895212,0.18083667357346583,0.032891148430810715,0.24755019935872202,0.02755443840130701,0.036634376265785494,0.007530864392871787,Interruption,interruption_113
-0.025126830071227263,0.524721997573746,0.5253232645973436,0.9967348252436289,1.9934696504872575,1.89737423109506,0.0036049505131916784,-0.32124305369787765,353.23460137882967,50.0,0.579002740194688,313.8119988547403,0.5470577565987603,0.0033540746157078903,0.0006485344301547134,0.00780109141024482,0.00697174251895762,0.0006390673339296749,0.005619129662268418,0.4984566718486059,3.0308045809893387,0.018005987647049807,0.004604001251218539,353.68803945183816,2.027063063468864,0.7834488423864859,0.09475255375227866,0.17737089616657212,0.03268719445474872,0.2118528496268001,0.025524344759111955,0.07629888652888381,0.010879268726647195,Interruption,interruption_114
0.008031985646329013,0.5726639296409136,0.5727202537934172,1.0317798877040933,2.0635597754081867,1.8015425172556576,-0.017887088169397172,-0.594627574103427,419.8508660546511,50.0,0.673456549508866,357.27166929200183,0.6508502492197483,0.0038352575479046955,0.0009263381215429472,0.01247223796292226,0.00637453233451477,0.0013664415298521896,0.006414823617406331,0.5159763985942172,3.717404607641023,0.023488983349829788,0.006541893568343907,419.44034332949605,2.20750917239223,1.3595761674001434,0.1257242059873977,0.6947745420459208,0.06457726756123353,0.1340299156650789,0.020253323963671608,0.06113276189527148,0.00974411613065272,Interruption,interruption_115
-0.03189475050380687,0.575689831958314,0.5765726820877762,1.0113492260899046,2.0226984521798093,1.754070661873961,0.05132195649833612,-0.6853082427702222,425.51815389426156,50.0,0.6601997162562001,94.459903836548,0.6623766305876561,0.001434942011248888,3.99600035876488e-05,6.218706099094177e-05,6.23455745162747e-05,0.0003199840398813899,0.005656804446987216,0.5056802717523463,3.879960798935261,0.006472551246714338,0.00025726531418556343,425.4714751967045,2.2217277579255064,0.4968257610134546,0.07600533796773214,0.1080095188772134,0.025442352794987477,0.013714836116990911,0.0064942285466378325,0.0015434845171560696,0.0015491821945013261,Interruption,interruption_116
-0.02559721912808045,0.597680060178942,0.5982279431475888,0.9740775101926881,1.9481550203853761,1.6282714997663446,0.03975187882403155,-1.017039694389536,458.08214011212124,50.0,0.751119487879566,281.9640966758649,0.7120108160738964,0.0025195693714813302,0.0004187718909226811,0.005580376981363589,0.00453245841870064,0.0010315370093666142,0.006835811578894622,0.4870646725844766,4.3181312491948045,0.013000247889686014,0.002948065550768854,457.5902139089961,2.304733760152396,0.3693783868002551,0.06552187101889088,0.3636539404996322,0.04680344155112051,0.02725617804052375,0.009157653364137467,0.08494169170177332,0.011489855645272124,Interruption,interruption_117
0.027469691654392347,0.5877567306186626,0.588398299068859,1.028966242923859,2.057932485847718,1.748758017401564,-0.028931969456622717,-0.7150651929025971,443.15207468432186,50.0,0.6954100906844847,276.07713195295025,0.6883106216106386,0.002748240758702614,0.0004507319623422633,0.004993144385355303,0.004885745477890844,0.0009977046749705984,0.00643281341494759,0.5145432565431634,4.0225722857515676,0.01425991601399051,0.0031874736745628298,444.94190244294543,2.2699009810876754,0.5883130325287252,0.08269497108063581,0.17223535654369582,0.032180407025970234,0.15423335223946616,0.021759330613779368,0.03548530928181929,0.007416877282044722,Interruption,interruption_118
0.0009588319756353297,0.5281306878677201,0.5281315582564525,0.9971260000150787,1.9942520000301573,1.8880257852892814,0.0009121723661374863,-0.309461398974201,357.02136681777756,50.0,0.5644568205598282,455.97138554950976,0.5453279121263636,0.009275585817143047,0.002358074103427338,0.01026488165797782,0.009479741203986331,0.0036595656232931663,0.006459011980324947,0.4986443591077084,2.9980139266255703,0.053176305856060715,0.016687417112403027,355.3146446906909,2.0322929329341566,2.203287546039724,0.1600610410089,0.6505104725531786,0.06203069700939134,0.2553973767513069,0.02799159975220232,0.32046759400013813,0.02232474767733922,Interruption,interruption_119
0.013340110464088239,0.5769952659036252,0.5771494567461612,1.0327392085393632,2.0654784170787264,1.7893791572808975,-0.003665334850935674,-0.5809001868420522,426.369914140658,50.0,0.6488991013050132,419.08300218172855,0.6557404860781516,0.007518109550039101,0.002017666997012992,0.01976812699847713,0.010239168150044177,0.002515699894901804,0.007051108848590904,0.5164610570601562,3.74917227991974,0.04647842159031742,0.014225725771063152,424.22329205368226,2.219536920629234,2.3067134252875343,0.16368895067156738,0.8124810170736954,0.06987749751322125,0.476650723635364,0.03818989387519761,0.11979765318714596,0.013648873424071114,Interruption,interruption_120
-0.012333442067296207,0.642224112528374,0.6423425289563854,1.0272753970223298,2.0545507940446597,1.59926417870812,0.024128217685438862,-1.0807533430472192,528.1330233677886,50.0,0.821823855990397,369.05818909722467,0.818672841631753,0.004847180584677063,0.0011225588339978455,0.014950840158475285,0.005293730473913505,0.0015708372278470683,0.007874776103328398,0.5137208917224393,4.988519433590296,0.027583769894227186,0.00792106582806917,527.3079115296891,2.476136148793675,1.6680067149857967,0.13902321712736385,0.45167572138453543,0.05214862283268437,0.16811911567047258,0.02269528342585324,0.07216020611173295,0.010576298329025494,Interruption,interruption_121
-0.005264562356842866,0.541452442567186,0.5414780357307035,0.9790915326772973,1.9581830653545946,1.8081832836566367,0.012054121781216613,-0.5669164845624133,375.2940328688397,50.0,0.6111479826481988,372.6514667891581,0.580286015784122,0.004537575081102294,0.001125266210040367,0.01507091272770467,0.005039816304587224,0.0026585228096806285,0.006239263787305771,0.4896467953251918,3.3065561932618515,0.02787884451172627,0.008025236756431828,376.6268782667303,2.0925404211397307,0.9352017259190695,0.10317976723381066,0.2846378808953592,0.04129156898831124,0.07557437757164387,0.015245048118513366,0.23970507097493593,0.01929462926546001,Interruption,interruption_122
-0.01022604820246122,0.6100038300888343,0.6100895383342403,1.02085717875395,2.0417143575079,1.673290746042912,0.025737839612125262,-0.9083831011169661,476.4278333246546,50.0,0.7373020149879534,364.02056738374273,0.7383473496264665,0.00446221448227571,0.0011000447580259303,0.013853217030892765,0.006527323261657709,0.001837556878005854,0.007096815037113164,0.510447225951081,4.403767958783151,0.027751450116957847,0.007759619814875149,478.0853677725974,2.357748684415922,0.9868423624057366,0.10697980732684212,0.42679942993548997,0.05064183171080974,0.2091755751063921,0.025367539146133187,0.23100102028641134,0.018947619814877602,Interruption,interruption_123
-0.024576905208608953,0.5656010139625229,0.5661347288985786,0.9893248227674682,1.9786496455349365,1.7475077437670414,0.024624671429769596,-0.7179279410240387,410.2509200192859,50.0,0.6603633348251067,329.55586197451754,0.6355835558297388,0.0037891506656484997,0.0007626142885521104,0.0068848258040428,0.006047792246150945,0.00201651521378103,0.006432292102008897,0.49466250672003337,3.7120494891168687,0.020419619777253165,0.005382915826330374,410.81684444120623,2.184959850713789,0.773569408274032,0.09484180047866858,0.4492298560788779,0.05189344995085156,0.2524785587132974,0.02785781388608184,0.06718210992595636,0.010219878525571038,Interruption,interruption_124
-0.023143157005713115,0.5494552430056638,0.5499424240614686,0.9641259758755134,1.9282519517510268,1.75313984462853,0.018843486908007693,-0.6967027298371447,387.11893732173337,50.0,0.6419898545401649,331.303347853876,0.5993495695789983,0.003862212911645589,0.0008267665555651024,1.0190353046559275e-17,1.4735667567548172e-17,0.002320248103278612,0.00635922539065757,0.4820644633543551,3.4912445455451415,0.02108245261772996,0.005751283978565521,386.60805768028604,2.1189267710885207,0.5659916984655216,0.07997696889956257,0.2092620409659225,0.035421963106177616,0.06902140440172765,0.014570367791670162,0.1704255196164232,0.016268433111794656,Interruption,interruption_125
0.023604256174133437,0.6293753243293688,0.6298177988785584,1.0289275926715555,2.057855185343111,1.6336908777459305,-0.02595312848462119,-1.0001863060516722,507.73818852381726,50.0,0.7982906768348795,314.03442175966643,0.7885822337400847,0.0032907846642867456,0.000666489463899436,0.006447363176076573,0.005665209406629167,0.0018905115630556094,0.0074822441359019155,0.5144952990867795,4.764851349563822,0.018122409825901794,0.00474920695994823,506.91481982056774,2.4262223014745454,0.6370211230490146,0.08606224727129765,0.3054644841509561,0.0428880700863903,0.15461180698835317,0.021799259493899516,0.12070363668180059,0.013699852211756276,Interruption,interruption_126
0.0007603778773255576,0.6288057159013847,0.6288061756414047,1.0203266821705064,2.0406533643410127,1.622641000826867,-0.0002322884053648856,-1.0212340042082937,506.10842435170457,50.0,0.7922418699007482,436.33995026001867,0.7790215923103132,0.008724672057368456,0.002231361777933009,0.007187237553563618,0.0069110369467461396,0.0014412587912737405,0.008354957796263149,0.5103049291196381,4.69635777817461,0.0493130718294461,0.015496090278006434,504.54753027110877,2.4219059463177466,1.7881155947832492,0.1441872726042746,0.7296840894335851,0.06629678478579315,0.3768357664748137,0.03402247648093828,0.3005307443666609,0.021619167292454992,Interruption,interruption_127
0.010237135223799602,0.5761853567295776,0.5762762915886623,0.987884306957708,1.9757686139154158,1.7142546403091163,0.0009965592013023413,-0.8235586085801381,425.08078623639165,50.0,0.69832939406369,421.6435344327343,0.6550233630431137,0.006660157280751308,0.0017471157554366826,0.016643963905341504,0.010915007715336005,0.0013873400091367325,0.007306122128928102,0.4939859663240833,3.8378985557541965,0.03980899283358347,0.012352533948625642,425.929578166879,2.223812280936723,1.3456140716282936,0.12508547462674527,0.504115952556029,0.055085707652969156,0.1873468134676467,0.023979032007459992,0.24987847565628843,0.01969194035961592,Interruption,interruption_128
0.00043497741410614685,0.5669840932767926,0.5669842601292009,1.0475085350212803,2.0950170700425605,1.8475090204104307,-0.0005602616792747338,-0.41287254370914406,411.48307357984936,50.0,0.6263331602870446,397.25434426188883,0.6339728555532929,0.006647256469503605,0.001696856167847283,0.01998269392113385,0.0010756222023290665,0.002469575360462087,0.006660038505596432,0.5237702161913111,3.5556819018819494,0.039609941709684904,0.01187307735759385,409.7218905255991,2.1825608475328053,1.8035229178190817,0.14480818031708476,0.49445498159677165,0.05427689366964631,0.1994370254976424,0.02477182579971001,0.3564745030376315,0.02352842175631762,Interruption,interruption_129
0.0031810123910202106,0.5725503170560582,0.5725591536259154,1.0384933946704764,2.076986789340953,1.8137748529423878,-0.0024503195853133064,-0.5413511698306195,419.61470003305544,50.0,0.6592387757688197,403.6533249283024,0.6472289084702956,0.006133565665099437,0.0016575030747580533,0.006225392014575665,0.0059866195337566945,0.00308433467229936,0.006889008649226534,0.519327895683314,3.667758744004384,0.038646286963613816,0.011746202929296562,416.7197164340233,2.2012211816844527,2.017839070054419,0.15295307992741086,0.6595146331880507,0.0629822908020448,0.4198625394315293,0.03591910758667202,0.20655600223104906,0.017900941422088323,Interruption,interruption_130
-0.0176222818299048,0.6098276965984842,0.6100822603186439,0.9992782091881925,1.998556418376385,1.6379401175583028,0.016040215097377616,-0.9858116142746369,476.41646637504704,50.0,0.7527357057774667,392.0160214723416,0.7355099502486597,0.006448304018209369,0.0015503466589151217,0.006026020558085307,0.005795021591498339,0.001225928140446608,0.007773965050088617,0.4997767402076272,4.428241687939195,0.03668946956287793,0.011037640568554417,475.5742509971282,2.351329468617036,1.105560114520756,0.1130878252610596,0.7826511899454067,0.06866412022584087,0.28688906040329654,0.02970048536365814,0.23279103794970268,0.019027172636330098,Interruption,interruption_131
-0.004214401834837389,0.5503474284410137,0.5503635645411695,1.009709765019941,2.019419530039882,1.8346232019553972,0.01264958826795825,-0.46287625295539625,387.71206806331145,50.0,0.6175693709833763,343.84603315214133,0.6007643666156419,0.003816482563625991,0.0008784549616707477,0.011044919515269504,0.007329723823150629,0.001570712916262551,0.006097691512964521,0.504888967031502,3.3974595194967194,0.022925099474084373,0.006219997045791935,386.76999728352746,2.120681379652295,1.0614680816771889,0.11087911164984157,0.48397576772395356,0.05398616330453367,0.3019824064259538,0.03047455365136308,0.05167323263211661,0.00894340554475612,Interruption,interruption_132
0.010416946858473903,0.5523788208307957,0.5524770352551068,0.9944409785233447,1.9888819570466891,1.7999679897325698,-0.020376014850702676,-0.5826837748471179,390.6955193398688,50.0,0.633358782917991,375.3732740242483,0.6044910110999417,0.0043867766181431575,0.0010773701439053098,0.014124171690465356,0.006297616185107283,0.001993128183136555,0.006219936345302113,0.4973015859614946,3.4551641734855245,0.026780706592361137,0.007621722548292322,388.94874851832463,2.125854192578626,1.9290195243950201,0.1493078103271141,0.19489568306844834,0.03417443260292874,0.39834088876482415,0.03496310300117913,0.06365069814796172,0.009941655979506739,Interruption,interruption_133
-0.01513558904203351,0.5367054672954646,0.5369188436630739,0.9516119796790755,1.903223959358151,1.7723572024126177,7.1774903005558e-05,-0.6400614146319965,369.0007611910302,50.0,0.6385554006801073,388.9763791333117,0.5700388184106897,0.004678210938448323,0.0011780215328374504,0.016686412497689693,0.002526962601522297,0.0010510951614837462,0.006458456928292148,0.4758128554946359,3.2827393339580135,0.0279929007953224,0.008385809907560321,370.2503351004398,2.074889039585478,1.0259232613701161,0.10865711780526009,0.46351822706784607,0.05279596392927367,0.21547916734177988,0.025735216375822413,0.1927894259764744,0.017299611366342598,Interruption,interruption_134
0.006758247284358382,0.5913635848825495,0.5914022010708929,1.0405375970284214,2.081075194056843,1.7594415359673814,0.001553800072469644,-0.68357130110557,447.68840119231606,50.0,0.6836225105611813,442.2629492486622,0.6866527849184636,0.009479681681658067,0.002436060918108006,0.004578113513561031,0.00451928435486258,0.001558322102193005,0.0075046345334515195,0.5203403626802776,3.9603727708786316,0.054537641473379084,0.01708648103749754,445.0257809099718,2.274422832578074,1.6891056167917797,0.13973602324293904,0.8411277572794197,0.0711025735411394,0.5264384345021935,0.040220765100024064,0.33602995173882066,0.022860376831270523,Interruption,interruption_135
0.0031991936915431256,0.5364229666044099,0.5364325064171185,0.9719817567668823,1.9439635135337645,1.8119367210928825,-0.004854522779616273,-0.5539223814730909,368.3325874444183,50.0,0.6238064130625635,381.88989726483874,0.5694269368336968,0.004469689641363633,0.0011780944225272903,0.00619933032156229,0.005854375357477136,0.0020083780344422437,0.006332095697656317,0.48609761257235345,3.233409964980872,0.028022576342738168,0.008311297122434568,366.60846602711007,2.0646215993007915,1.394575877276738,0.1268118204108848,0.34193219403510755,0.04538250392464227,0.281877062890605,0.02936713208806584,0.06978579727449358,0.010417459169867836,Interruption,interruption_136
-0.009494870260558775,0.5705238260149478,0.5706028291307355,0.9815798151467928,1.9631596302935856,1.7202505228381455,0.004592110085401265,-0.7837672585826256,416.75211342335905,50.0,0.6950142246075914,406.57118434371716,0.643339443180603,0.005794671338868916,0.001423018450945062,0.016033305685658927,0.009128784425676491,0.002848286358692112,0.007079749974720049,0.49081376885924877,3.767541225455983,0.03300542844745506,0.010063693388861152,415.4192854840563,2.197662260040364,0.5377193638245208,0.07815186406503456,0.8497117932975995,0.07132329084911104,0.23018647532984207,0.026577232871331517,0.1559727904757475,0.015573993881896108,Interruption,interruption_137
-0.016815034710397254,0.5506687799267962,0.5509254492019571,1.0373661743093825,2.074732348618765,1.8829519961551533,-0.005429315841701709,-0.35142335458578566,388.50412874032406,50.0,0.6090928003998712,403.56961817432176,0.5980473836578222,0.006558942592322622,0.001562816544069642,0.013142202607351546,0.010252861826192932,0.000659197603711321,0.006393263441778555,0.5187411577137028,3.311411638995894,0.03719592954023829,0.011141606097776518,389.75389264110436,2.1288140751048936,1.0722664336043823,0.11084270830538537,0.754590413792823,0.06742104548626372,0.23060300080138996,0.026518252697978667,0.09365698159407401,0.012038716071635749,Interruption,interruption_138
-0.005576086219385701,0.5742544766645428,0.5742815482903781,0.9546415523079281,1.9092831046158563,1.662323219591871,0.007346734675042042,-0.9432463912418649,422.14309978469623,50.0,0.6961530336765465,411.33416092288917,0.650876686300271,0.006329794111327899,0.0017274844797146721,0.018697529691213403,0.008691072665647353,0.0014174039372627024,0.007365936917965918,0.47737367487165483,3.881526295368368,0.039133244547456356,0.011994054159561927,419.5356693424628,2.2086083270490975,1.6848206321664039,0.13986179821230715,0.8554870123321632,0.0717856682769966,0.205897839326353,0.025117756004722245,0.20323933267699915,0.017778369633493604,Interruption,interruption_139
0.005258064127537342,0.5766335514302658,0.5766575239025763,1.0452472486959428,2.0904944973918855,1.8125962210990245,-0.015779144529154653,-0.5565213383305574,425.64339183801644,50.0,0.6655032060875753,335.0807772251075,0.660438046832059,0.003491179586059385,0.0008171299277858486,0.009134687823881125,0.006983488261627686,0.0019919273567030665,0.0063545298906162884,0.5226601887254325,3.7632884363250083,0.02147111537489956,0.005693061473173711,424.62759308773474,2.221882755746595,0.9860011975893962,0.10685596749070944,0.2895939189015356,0.04148369523146097,0.07156844295575393,0.014834462191804775,0.15661945214834,0.01559723189231811,Interruption,interruption_140
0.015676762255500826,0.626053288914603,0.626249536076161,1.0174815091519496,2.034963018303899,1.6247221762837114,-0.008568000158320772,-1.0289267748022053,502.0012562375768,50.0,0.7957748879280291,387.9975402966569,0.7761606160437197,0.005982216479559918,0.0014596631066251826,0.004651012543730555,0.0045392487246139965,0.00019960469891715506,0.007982038094317455,0.5088009480044691,4.6878591992433005,0.033355383112043675,0.010101840359601433,499.66168989260615,2.4092637115707816,1.944566254200299,0.1499348957226562,0.44315045458306784,0.051640138393627404,0.5517179459896328,0.04112931860835416,0.08500714763240469,0.01146821611077647,Interruption,interruption_141
0.02253872151701571,0.5549891925578829,0.5554466651476743,0.9801793263766279,1.9603586527532557,1.764668667358489,-0.021034921637102282,-0.6546262301442081,394.90687721430083,50.0,0.6476163501055556,346.1795968543799,0.6117264816402913,0.0037088234677597467,0.0008052692194668338,0.010585252047573667,0.006597521803105121,0.0017256796786008267,0.006173945265114691,0.49008966699802975,3.5484647228367447,0.02100100624377115,0.005659666806321617,393.68876589050706,2.1374749126702732,1.0121665796723929,0.108293150284747,0.38032966364849186,0.04786587892187059,0.16107049056484243,0.022262087719563457,0.16766383371426724,0.016140294135238525,Interruption,interruption_142
0.026276674714278813,0.6184824766147052,0.6190404167043533,1.0130614687019135,2.026122937403827,1.6365029509601532,-0.03773124246079293,-0.9810360584621538,490.5101280172792,50.0,0.7645494898601983,306.4617289009928,0.7611632707694956,0.003587504084283177,0.0007207805603017813,0.008198829845902101,0.007293343745287853,0.0006799182908332278,0.007391663764361979,0.5066223117345394,4.603374294043932,0.01976229235533967,0.005055022383600951,489.6675007905805,2.3839187296652216,0.48928349817866423,0.07540840512106047,0.5068808907497232,0.05524643349021686,0.18896327194184998,0.024099279328486226,0.08181770364211274,0.011265571819319475,Interruption,interruption_143
0.00953429491148145,0.5650634382852272,0.5651438684672973,0.9661009863138985,1.932201972627797,1.709477958121196,-0.018174415630275723,-0.8027235148426302,408.8161178447127,50.0,0.6680130068019786,388.5583277643153,0.6316406615481277,0.0052705787319946296,0.0012927726223493732,0.014757110356123876,0.00866999016971337,0.0013078298425870136,0.00683906623304992,0.4831089967471893,3.720143175354808,0.031184966825153516,0.009165744443032725,406.71867187444496,2.1741094085338557,2.042344777818811,0.1539749378927759,0.28424468684405163,0.04121406251830332,0.15232197001561837,0.021637612731354824,0.23775813399009504,0.019214874594169273,Interruption,interruption_144
-0.008409476513092951,0.540642315931991,0.5407077150101809,0.9692669812729827,1.9385339625459654,1.7925895162286338,0.011219939813755945,-0.6216954851713998,374.2269863315597,50.0,0.6405689518189955,379.8809583930775,0.5790316537198821,0.004178089529406248,0.0010583652658379971,0.015334537772128393,0.0027763971123282985,0.0008968344171603037,0.006337976125254087,0.4846503768079384,3.312368719623225,0.02550400652954222,0.007479466988638717,373.54164902944586,2.0841020646072392,1.06518348357987,0.1112910213328897,0.37836795644856075,0.047690346043501315,0.20916115617915215,0.025366026898559147,0.2240197667961352,0.01865336558719074,Interruption,interruption_145
-0.0037805426861574677,0.6268867177076977,0.6268981171939604,0.9925195784710386,1.985039156942077,1.5832230967801308,0.014099232531545308,-1.117063448406421,503.0415991569056,50.0,0.8078291993976956,293.86297073489783,0.7828407402242614,0.002470500349574308,0.0004994830268788603,0.00659809601470501,0.005124279821079277,0.0013670879031903282,0.007379379984785571,0.49633978108321897,4.8007417385459465,0.014543914381088773,0.0034841474948527637,505.0216019761184,2.423075241457038,0.5577260050863616,0.08049044743185763,0.27497877425428463,0.04069706759058055,0.10567637020200153,0.01803209300948196,0.10138741993776655,0.012553201728785013,Interruption,interruption_146
-0.004324077384737746,0.5653252193207866,0.5653417561487252,1.02590659005826,2.05181318011652,1.8146662242768405,0.009296938261382011,-0.5399021392942513,409.1024655940156,50.0,0.640418030392315,371.0250880758272,0.6326966026946189,0.0048169006518174,0.0012375913806018661,0.008172415184057156,0.007365578057252596,0.0005521485222294974,0.006526460051482208,0.513051078649075,3.595715441552782,0.030111144599744177,0.008675692954897635,409.50415317057445,2.1819379826101213,1.6765592334899055,0.13880592094331187,0.22724842696165143,0.036944662283510066,0.4756960149539372,0.03825409940351556,0.07263727437430677,0.010627526993705247,Interruption,interruption_147
-0.012885911966005054,0.6104540811963662,0.610590068684789,0.9802034085610458,1.9604068171220916,1.605337949028222,0.013359288041520624,-1.0806475703646068,477.20989692991407,50.0,0.7804801139132356,390.9140387618191,0.7380484047128909,0.005589973197590405,0.0013326728014316919,0.017123627609753757,0.006377579793699943,0.0027612858100102876,0.007824472885134437,0.49016688163411004,4.4831162122040915,0.03162084332158237,0.009544639330403748,475.6914571075767,2.3515038427765966,0.782841750665558,0.09500986623005589,0.6086981317613928,0.06052125918307802,0.3956202055814123,0.034855521064490184,0.13942508108665608,0.014704334359944336,Interruption,interruption_148
0.00898094088154025,0.5496629012482,0.549736266138324,1.0139472684920952,2.0278945369841903,1.8444249196306843,-0.02091134664705673,-0.43445425045121633,386.8287517538639,50.0,0.6052489099146777,371.91578449079867,0.5981849183992496,0.004646708339269224,0.0011026543169520772,0.013409260098676375,0.007416669807260276,0.002131598698838464,0.006026607571432067,0.5069747217745264,3.3695262543115923,0.027760431731805892,0.007786159186191917,386.59149382807874,2.1189899147058906,1.3214402683945856,0.12393004978557709,0.6266388961800337,0.06143177467152968,0.3918256580996355,0.03468522141404855,0.07375199102364023,0.010692039911629593,Interruption,interruption_149
0.023330782719789604,0.5839392315305852,0.5844051262119869,0.9498980022421633,1.8997960044843265,1.6254101130111789,-0.03665486141944678,-1.0246346872306218,437.15756997484596,50.0,0.7240310072125472,335.06457609942,0.6775765469894098,0.003872461567142682,0.0007791195814332614,0.01015475381168671,0.007009094446551801,0.001239529392646334,0.007056640260764072,0.47504123084173433,4.109998695801048,0.020600642375272888,0.005533904829875955,437.3251906238094,2.252075919766366,0.5606275136713231,0.0802020207674764,0.3182886727372302,0.043777372378874996,0.15271657305659192,0.021671158757739718,0.14451292338174987,0.01498083956606294,Interruption,interruption_150
-0.0037717013561505788,0.5323286496872394,0.5323420113131778,0.9831015068330904,1.9662030136661808,1.8467479288477258,0.005545769740370867,-0.4184571162187338,362.7366617714682,50.0,0.5911750138443399,393.41889796001686,0.5593026950239728,0.00554125602652924,0.0014015507510720259,0.018027047298169247,0.0011708107782748786,0.0013341316331200541,0.006211475224629148,0.4915874656229612,3.1387839791603027,0.03303307157392776,0.009829958312112782,360.58552439405076,2.0476034398401395,1.3175547999311843,0.12367128981683938,0.7249639880185693,0.06599698839325331,0.25418244971421733,0.02795756670782314,0.2150277998105072,0.01828668993755895,Interruption,interruption_151
0.001766671019270471,0.5779300844549821,0.5779327847117111,1.048208339883609,2.096416679767218,1.813720155025763,-0.005027141764707404,-0.5567607667400702,427.52806866513026,50.0,0.6649218758514583,335.7990392528075,0.6628940681659711,0.003856764621717534,0.0009210970368234256,0.011450556515935217,0.007459470287455734,0.0008076106428869373,0.006535086882263466,0.5241115348736792,3.773933695724958,0.023769633001773507,0.006497141810040319,429.9191155731771,2.235071477250374,0.6716136506471951,0.08837066685846649,0.36082260757825596,0.046525060446841765,0.25804171897092365,0.02815624263294966,0.13975867588757446,0.01474272581959961,Interruption,interruption_152
-0.015779254609470134,0.6325091681005771,0.6327059606225586,1.0189102151250469,2.0378204302500937,1.6104008473712934,0.016717382960994016,-1.0677991423811823,512.4055457373627,50.0,0.8014796921235623,388.00983195388375,0.7922112883991496,0.00616688904935272,0.001465224495185971,0.01837182642460832,0.004005224593074795,0.0007207359440300272,0.008075418950319619,0.5095323536552577,4.8083221374100305,0.034526872345199446,0.010341573357861535,510.2839893572364,2.4352315381170215,1.6755693238579146,0.1387253857592425,0.5323716031831437,0.056567027955379115,0.21979900814645448,0.026002984793553553,0.08688762207830955,0.011622913571526804,Interruption,interruption_153
0.030330468855249027,0.5506191863881683,0.5514539198879157,1.0485459539883852,2.0970919079767705,1.9014208008524145,-0.018955422322036543,-0.30045076966507267,389.2498249724771,50.0,0.6152449820603594,149.18945608024475,0.6057151983036981,0.0014674189379368905,8.0868185355556e-05,0.0006218648079863998,0.0006143250875501257,0.0003769868829325266,0.005204381260901775,0.5243295537924546,3.3630232404787983,0.0068309873784985296,0.0005446285070708373,390.56127404394834,2.125861833752556,0.5269896395339249,0.07813476619641307,0.12760180417233916,0.027710745219553124,0.013209134818348133,0.00636920629490345,0.010680933444100682,0.004073620492648932,Interruption,interruption_154
0.0012649940287268568,0.6026929702374676,0.6026942977858292,0.9537361835607138,1.9074723671214273,1.5824543007341458,-0.0017233612096649977,-1.1230611121372436,464.9477332269488,50.0,0.7725426841368948,411.70023031902167,0.7182447523212889,0.005975599770511844,0.0016436637955024214,0.002523133871682266,0.002510963947510299,0.0023374312469363868,0.00798778729283051,0.4770090786314236,4.383925841303412,0.03764585078055951,0.011622081960951674,464.6635378492537,2.323962018998595,1.5777140455532497,0.13523790288725973,0.7613395257483478,0.06765524276535033,0.4444532933677298,0.03688871829303926,0.09787730995974937,0.01233772015940211,Interruption,interruption_155
-0.029749865320681072,0.6393892934562858,0.6400810285214888,1.0437013401991748,2.0874026803983496,1.6305769015031901,0.04955313560478846,-1.0053380118046853,524.4207655336027,50.0,0.7868913262992944,277.79956334371906,0.81464500092313,0.0031803257470478714,0.0005156099533695697,0.005174244275233359,0.004586818997585734,0.001567122233688124,0.007374309973964891,0.5218507500438134,4.945082802746022,0.016310800590591125,0.003606928044386716,523.9723790721652,2.466354462725129,0.6884693419723332,0.08930402312540668,0.22323250816061777,0.03665100527438919,0.07560845172788858,0.015215296441725042,0.035080157591699954,0.007382663529598399,Interruption,interruption_156
-0.015245853807936865,0.5937098011667553,0.5939055177886472,0.9580479891396025,1.916095978279205,1.6131319889149933,0.02248849185117772,-1.049576648333115,451.4864179965454,50.0,0.7438248431987942,388.11802727842775,0.6977466282286912,0.005670209876345304,0.0013116427667098187,0.01544219992289266,0.00831919871646598,0.002171478358157623,0.007535329167015815,0.47902724733565577,4.235347442396471,0.0313587347406913,0.009295263530706466,451.91051349444376,2.2922326626151888,0.7337732505736274,0.09106818806910792,0.2338789807176912,0.03748486241414376,0.43568902840458146,0.03660969893015975,0.07804399207966403,0.010991196782922987,Interruption,interruption_157
-0.0004225907030915743,0.53606348452346,0.5360636510922338,0.9694968517046637,1.9389937034093274,1.808548014265653,0.000967833866750307,-0.577527965539812,367.82622466859027,50.0,0.6199813263829399,359.3290981022122,0.5693179228553377,0.004032662073446898,0.0010024975372868957,0.014236215972972241,0.004760688000290618,0.0025907702125112187,0.006234938776949643,0.4847514733822415,3.2418775090308922,0.024849238929774538,0.007160978740636807,366.8157262289979,2.0652577076790988,0.5958593146003845,0.08267414967914162,0.35498857007451656,0.04624290414564539,0.19855910990261014,0.024714817912827328,0.21389020986924423,0.018225276279193996,Interruption,interruption_158
-0.023701575357947504,0.6082046785588205,0.6086663254158938,0.9887455103191186,1.9774910206382372,1.6244458893662257,0.03152029218193933,-1.0338901573722794,474.207610489967,50.0,0.7734540468304983,303.0850804475665,0.7368743741164013,0.0028103748270487095,0.000515757322512047,0.007176794324618793,0.005343897352972431,0.001314302407902848,0.0070518553515439815,0.49440267736511245,4.46804164778413,0.014750428072268475,0.0036518731035457656,474.3376355105501,2.347735549927818,0.5783787207678703,0.08199954428354252,0.42658891295502654,0.05057111020494555,0.04686255100349003,0.012007229775857992,0.10627839286382226,0.012852447412081056,Interruption,interruption_159
-0.019673297622647017,0.5814348879986408,0.5817676233869854,1.0260555013376151,2.0521110026752303,1.7636861524920762,0.009251691990559302,-0.672426211539209,433.22056655531685,50.0,0.6964636128901732,361.97532109442085,0.6708436946872807,0.004305313020506136,0.001003762757366793,0.01211747771696643,0.007797608172509909,0.0023513794379007545,0.006731132709831406,0.5130753873909951,3.883144469298769,0.024787566200510834,0.0070550582040086515,434.5548586219378,2.2477523010246734,1.163929754535246,0.11627786671224258,0.4576450368224334,0.052433384742563226,0.2059119357095358,0.025167871270117277,0.21050815079988763,0.018082801916903177,Interruption,interruption_160
-0.004584600575868075,0.6221518014344134,0.6221686930331082,0.9916698081852313,1.9833396163704626,1.5938921699020085,0.011083246890638,-1.0814113082861552,495.48016971587333,50.0,0.7830994586511469,376.938900371405,0.7664961207964884,0.0057647418548001355,0.0013969070434789674,0.01755835009679,0.002759570310242258,0.001100582775689116,0.007987769343323778,0.49583520515412327,4.6790125170159955,0.033171797471235984,0.00974910754545738,493.2792377656104,2.394871199088983,1.4189001068860039,0.12836046865112716,0.8179643709238767,0.07016202287883651,0.11836562678510501,0.019044213550681373,0.22181994457343593,0.01857304257489566,Interruption,interruption_161
0.00550879415525247,0.5642516279597626,0.5642785185245734,0.9851318049659606,1.9702636099319213,1.7458254614052156,0.00040526154782881586,-0.7083805583858154,407.56511547940784,50.0,0.6522574847728737,446.72591463814564,0.6247704707357928,0.008897665116437886,0.002284832301937159,0.005861582967068653,0.005720556761218028,7.344159939134213e-05,0.0072108042071043635,0.4925851195425132,3.6209640280578634,0.05074518173572163,0.01591111472253878,405.13412783753296,2.1697347657828505,2.6737213140036418,0.17588816899259035,0.7286566071221483,0.06623960512585023,0.4392821766090625,0.036763991029575754,0.4805411192212501,0.0273176852192773,Interruption,interruption_162
-0.018471426278036787,0.61948677824256,0.6197621011372765,1.024584228846057,2.049168457692114,1.6531895496098747,0.027882763135201775,-0.9436670990011451,491.6544793677974,50.0,0.7602694408368431,373.66595129839055,0.7612300027341444,0.004971084959240123,0.0012202376983806106,0.015379779250534336,0.005752780603686014,0.0022815574146166032,0.007408174428509884,0.512395080107409,4.567205223498197,0.029945505409629952,0.008560685311843397,490.6019616171517,2.38788678138922,1.0957426277452653,0.11255152318941405,0.44748892935808077,0.05186000483215182,0.18159600496443074,0.023581825265142537,0.07572788687304542,0.010843001859600071,Interruption,interruption_163
-0.0041722213717844455,0.540623674463339,0.5406397736214175,0.9773382799953052,1.9546765599906104,1.8077439501849855,0.008839665128099848,-0.5701005540819288,374.13294697141447,50.0,0.6043336789497762,381.0437265991601,0.577810656988701,0.0050170670759725755,0.0012660615496330819,0.016631238539823814,0.003545219667505802,0.0019464685579055163,0.006299527542674073,0.48871227676090523,3.2917719059140564,0.030841283858863096,0.009012783301428996,374.7946911725322,2.0874458301913914,0.9635008198931058,0.10484813678635334,0.3970841077977041,0.048905822617253646,0.12533257843305248,0.019636402569717996,0.26971558783120453,0.02046634966250572,Interruption,interruption_164
0.009343977958695609,0.5789459633128984,0.579021362611426,1.0306873325367074,2.061374665073415,1.7800506148623894,-0.0020645802455754123,-0.641078406729858,429.14014510130227,50.0,0.6713910419712217,417.2961268806838,0.6605856374374451,0.007275738146607677,0.0018856316065454753,0.017130574249604652,0.011273736800985801,0.003216532646413513,0.007122180817077595,0.5153916954853144,3.7882405008795015,0.043200877593532847,0.01327412765477113,427.92778460446374,2.229564629227876,1.5139445461642416,0.13242439604814374,0.8530658337956769,0.07168033367388522,0.5753516661680136,0.0420392980703167,0.21836275827041157,0.01842781654281994,Interruption,interruption_165
-0.01818812874738689,0.6160966910412012,0.6163651034405249,0.9937241327339189,1.9874482654678378,1.6122329560602622,0.03143532994682,-1.0531067019896496,486.27960414623857,50.0,0.7690185383277539,375.49680771243584,0.7524860109906234,0.005332095191630637,0.0012194085963047364,0.01551339802253968,0.00518778641387934,0.0015841686063205337,0.007561740839364076,0.49696750309281135,4.5737982601242155,0.029661526585075298,0.008503366581313293,484.556725670641,2.3728071830465725,1.13199872744643,0.11449534317211675,0.48210961976199274,0.05389106408228455,0.2345281416432644,0.026863047508124568,0.25398472151943935,0.019870082524138702,Interruption,interruption_166
0.005069919354459165,0.5724252034842003,0.5724476549573672,0.9632285907772733,1.9264571815545466,1.6826492037028726,-0.018273258635460556,-0.8862926400595077,419.45128661272173,50.0,0.6909696273284809,323.35497905114124,0.6515381851277593,0.0029206280100447734,0.0006682872842774413,0.008542144619594204,0.006166889973023673,0.0013628010711690367,0.006540101762008841,0.4816273157137382,3.879658383099381,0.01812904134134766,0.004660267672375585,420.958864829222,2.211427822375892,1.2520462919504072,0.12059884048690074,0.26307397933874777,0.03979844679601889,0.09902474672017775,0.01741221978788974,0.04117905152233904,0.007989731140299819,Interruption,interruption_167
-0.010118389646367288,0.6217514666708422,0.621833794607835,1.0397425935958127,2.0794851871916253,1.6720586796828298,0.0228005308158083,-0.9115716205828006,494.9469031889654,50.0,0.7478706212046632,374.50229235265977,0.766166208440977,0.005270044391520754,0.0013228295287418415,0.016327833543801375,0.005460139223111878,0.002672453183405555,0.007495766439211538,0.5199125222589073,4.568983210893571,0.03282105635294864,0.009419585962666415,493.76931999542245,2.396128982821956,1.3263685031414476,0.12418843712318467,0.7254273517959986,0.06610016691207157,0.504212453599056,0.039330252029932795,0.07877077061906108,0.011044956097585996,Interruption,interruption_168
0.014516452361721083,0.5396871806841907,0.5398823764339974,1.0054553942335198,2.0109107884670396,1.8623600956801711,-0.011629283021021545,-0.4048219165538103,373.0854148915462,50.0,0.6027025267840848,390.95097952119437,0.5759010033335511,0.005137549402967281,0.0012394244337280726,0.01622514142181301,0.00444642764068941,0.0019220381260884375,0.006056160513372136,0.5028109226362089,3.217115435255274,0.03009367815219352,0.008751183379812193,372.0615980744766,2.078789393684976,0.6040943684765733,0.08318286321167598,0.8316575664920275,0.07058357375774976,0.21412430487864256,0.025588117388243736,0.07331623847972742,0.010671802781151532,Interruption,interruption_169
0.005489434176602609,0.615509433291145,0.6155339116230444,1.0470770459882273,2.0941540919764545,1.7010875050337775,-0.014983423125716244,-0.815982398566863,484.9689553381962,50.0,0.7251403873319788,357.3946259405428,0.7509588649157491,0.00513629384169226,0.001196011503789209,0.014364234907728268,0.0072174694424318635,0.0014312277248278713,0.007314684292287745,0.5235679512042755,4.442586224076917,0.030355226132726634,0.00851733047896912,484.62424344549447,2.3733371273951915,1.0284137347978153,0.10897853123538673,0.3781480368966916,0.04756169754187946,0.16134312512213186,0.022270728281008498,0.2131546145955014,0.01820581836424508,Interruption,interruption_170
0.030644037403614523,0.5871823558355019,0.5879814419120081,1.0302245215950578,2.0604490431901157,1.7521378195937682,-0.04323745725058429,-0.6951096747490242,442.52438532214285,50.0,0.6728982753366733,247.03347516800585,0.6875659375271093,0.0024929845408517863,0.00033319704175767975,0.003694784175225137,0.0033218079419846795,0.001156495595485287,0.006145229252339286,0.5152000580131534,4.023827492674456,0.012547764878314641,0.0023240966438612446,441.93620060845086,2.2638871238874367,0.578149345250035,0.08195748468727618,0.31366336239876874,0.043466814686309106,0.035911855519651925,0.01051177455703715,0.06415655552271463,0.009984540216247761,Interruption,interruption_171
-0.0031232797756091035,0.564656960222545,0.5646655980350861,0.9578850865654103,1.9157701731308205,1.696375854836821,0.010779733755251816,-0.8322904977935299,408.12446413353143,50.0,0.6771313862699238,327.63150948998526,0.6333663517753583,0.0033064921685169906,0.0007396860383671144,0.009599953986151063,0.0070493355309076845,0.001910521895909477,0.006605782190319422,0.4789658449590725,3.754017745307273,0.019659575668975946,0.005246333450464691,408.7861723639369,2.180097391384516,0.35030576138368374,0.06356032212258911,0.5191320896849534,0.05576029555510081,0.10677596981625018,0.018123019980522743,0.12728369071942042,0.014068737668711306,Interruption,interruption_172
0.02396160518290909,0.5130730070438201,0.5136322313483933,0.9727237443579356,1.9454474887158713,1.8938136763778164,-0.011558853458425892,-0.3252666894086236,337.6871284223097,50.0,0.5495893304572228,349.95245579668483,0.5221114414602769,0.003861107326043155,0.0007980818719267403,0.009999591947358473,0.006805221460512599,0.0019059739397864835,0.005368000485897027,0.4864039703978208,2.8967744881946307,0.021246871101444267,0.0056398725873282275,336.5547940206857,1.975889891298584,1.0021926868509374,0.10759285477124786,0.3689807319452253,0.04711015551893949,0.1305800237245711,0.019985111891201238,0.04668974217089994,0.008506061650506533,Interruption,interruption_173
0.01990234012196696,0.5917974648928787,0.592132031388244,1.0457802730868762,2.0915605461737523,1.766126839369414,-0.0025903454858481416,-0.6483016060499245,448.79403852283957,50.0,0.6996824132256843,372.34112789796563,0.6935850383853698,0.005434057895930912,0.0013321658512264916,0.017293709142120986,0.0024011943752780744,0.0028027602696217586,0.007071224509438981,0.5229840609587065,4.007888779200133,0.03186336386926991,0.009388699737367865,448.14240389143066,2.2803189112381546,1.1909801882295061,0.1170791686355605,0.6563839785676795,0.06266496002265276,0.23096117286924106,0.026624774199895493,0.18517904272727084,0.016951597551901773,Interruption,interruption_174
-0.0013851367188095266,0.6123820969111606,0.6123836634178282,1.0319754703144721,2.063950940628944,1.685177988833239,0.004757322437847572,-0.8794558108982469,480.0176015629312,50.0,0.7305945822648221,314.3875862017283,0.7452783075970456,0.0036002028592065603,0.0008453136317520785,0.009355148196492736,0.00780092911325842,0.002313382402777793,0.007182426666407205,0.5159905554092846,4.435491608300886,0.02249022701483138,0.005864215427593786,479.71364107408687,2.3617133122036034,0.8976068040334545,0.1021607074100808,0.17947055148438512,0.03269293456460686,0.31442300061765804,0.031047791774471385,0.048470486711494176,0.008660039771377713,Interruption,interruption_175
0.005763292859633543,0.6388856967331499,0.6389116911082378,1.016451832577258,2.032903665154516,1.590911305461572,-0.015842861245733305,-1.0913218544534025,522.5064307645289,50.0,0.8080063416228922,357.55164884677293,0.8098721713772339,0.0049495694206243,0.0011374107312870758,0.014443190529293503,0.0064281598988688085,0.0020738855867444067,0.008019931745505868,0.5082320095463111,4.951739421899179,0.028673860830712734,0.008114193988106004,520.4049918111841,2.4598399706542637,1.320014553672938,0.12386081770897468,0.7309224969410245,0.06633154464289726,0.3692336812952867,0.03369793037742359,0.0677303922131691,0.010238960129799546,Interruption,interruption_176
0.009830705978668097,0.6355390889051035,0.6356151164866739,1.0135957141245404,2.027191428249081,1.5946689873040434,-0.024370516657573178,-1.084693156722228,517.128417672151,50.0,0.8077840124144284,363.2919164153269,0.8017219074025307,0.004714444290276282,0.0010807975938517372,0.01411904681714923,0.006079936307285689,0.0017074428000576822,0.007798815916497223,0.5069365456448691,4.894734224544482,0.027105549067784646,0.007662378706749727,516.6341192805543,2.4500277905846453,1.0982537992578307,0.11288644365668386,0.5865317272622678,0.05939883146353129,0.3985326357711685,0.034998148553723095,0.07076689669879203,0.010483429715382546,Interruption,interruption_177
-0.017478769795193423,0.5693054551956997,0.5695737078808468,0.9852621931700647,1.9705243863401294,1.7298238657014149,0.015907023357901104,-0.7698909045740949,415.25018714769436,50.0,0.6766585309029889,383.95198101753533,0.6417913023932064,0.0050858888275534305,0.001204255697787142,0.016073467739417046,0.0034981804823033696,0.0025055118769189096,0.006781401562883042,0.4926372435929147,3.7572846150113035,0.02887183347762423,0.008418171987363044,414.5818882929537,2.195426216650725,1.7553436075556386,0.1424170642827921,0.3987045142603375,0.04900254430739616,0.27340543727991906,0.029002907449112176,0.22421124585865368,0.01866026017721924,Interruption,interruption_178
-0.011425579269138033,0.6123109967709713,0.6124175868051929,1.0466272211746743,2.0932544423493487,1.7090090874641921,0.026969969321934652,-0.7989271273836622,480.07078480421876,50.0,0.7178929976076966,372.59246392921085,0.7429096528850677,0.0053614876347003095,0.0012487318161321119,0.015007799503001698,0.006678859043887394,0.0019016736768681813,0.007017554782794216,0.5233148443630211,4.38424171187154,0.03137972020163807,0.008831429551731907,479.4933107317781,2.361249717230515,1.8943832151361246,0.1482792740345064,0.8544494318590513,0.07157209602886036,0.1942910320858711,0.02439695002438929,0.07369837215373912,0.010691219875313162,Interruption,interruption_179
0.022268487259171254,0.5488219267867106,0.5492735136948527,1.0441637416126952,2.0883274832253904,1.900990518524941,0.010092538340537763,-0.3081376433112708,386.1777828437625,50.0,0.6148645966641361,357.09196561321636,0.5966189238397599,0.004806677718276841,0.0010859634829161308,6.794432735772429e-17,3.42213889782668e-17,0.0026653097201677686,0.006159016720243118,0.5221254631659904,3.2900511357474405,0.02658427410354159,0.007558998603504832,385.39241445642745,2.1146323704336347,0.5894417138035227,0.08231536336482986,0.4683968448181267,0.053116668758139536,0.19600110702412216,0.02455557638810934,0.22528499671260468,0.018704433645168272,Interruption,interruption_180
-0.009753306997841011,0.5442068917484981,0.5442942843939808,0.9546832267550955,1.909366453510191,1.753983560228433,6.731183726835613e-05,-0.69293085287438,379.2080230706632,50.0,0.6234483049889058,436.12627953570785,0.5816354663433666,0.007988780605543231,0.0020408373548532616,6.063418228922462e-17,9.041234899403984e-17,0.0036714141698501084,0.006878232236162652,0.47736818866496444,3.364515905486332,0.04562498128763319,0.014221835154974922,375.2329556976915,2.0885116897074796,2.500693596345703,0.1702681206467876,1.3988339265022893,0.09144004971877788,0.2949598615122598,0.02998859568737978,0.12000392348934211,0.013625738398614159,Interruption,interruption_181
-0.01853386600158341,0.5918847409860226,0.5921748481665324,1.043278062397143,2.086556124794286,1.761773681583296,0.005802281695593906,-0.6715052537867559,448.8589450253513,50.0,0.684783299239597,395.01165011670935,0.6918186184343939,0.006903820700713595,0.001656452990600572,0.007393290150436262,0.006981455682463752,0.002325977586112983,0.007172589133768276,0.5216694178422467,4.00340574522878,0.03917236071762145,0.011765492684041293,450.0319391663254,2.2874884084666403,1.1490516872518377,0.11544202753883548,0.766338194172647,0.06786199343449709,0.39949982563450337,0.035060168036016984,0.09875883602805008,0.012361259214017416,Interruption,interruption_182
-0.012088127974845316,0.5974443891008807,0.5975666664950956,0.9563960372399815,1.912792074479963,1.6004842486411186,0.028339351283508746,-1.0738713212886577,457.0699787597579,50.0,0.7544124642014249,372.14560038088916,0.7080263202468763,0.004561255360601385,0.0010512344084000118,0.01429018444851041,0.005263275870685707,0.0018856529225320443,0.00727713383775272,0.4781986271204138,4.316502782555476,0.02597983778821015,0.007410113573116526,456.6732540808651,2.3043603440220775,1.7917707586104537,0.14404640246595193,0.26281060994483646,0.039740876269498016,0.06915429850503615,0.014585665259262378,0.2204617417112594,0.018508857686759094,Interruption,interruption_183
-2.7755575615628914e-17,0.5219316969849606,0.5219316969849606,0.9511637840010608,1.9023275680021214,1.8223913004207641,-9.760660912608053e-17,-0.5173914722220303,348.6882512865289,50.0,0.59834051147208,119.23861834778107,0.5438070314669335,0.0009622422749750589,4.6943086911733684e-05,2.6673407015928507e-17,4.345282512248695e-18,1.677687388816497e-17,0.005075234234581952,0.4756232829918941,3.1015127926737986,0.005354871290785574,0.0003235698279886152,348.97045469109884,2.0142977650645837,0.4297233259710559,0.07067219350647894,0.0991896002891364,0.024404570286922368,0.015976939701447295,0.007010185166713048,0.0015894006124603554,0.0015722123432755236,Interruption,interruption_184
-0.00013881235518468094,0.6075228570090705,0.6075228728676259,1.0345065241885798,2.0690130483771596,1.7028272850103658,0.00031170905067092483,-0.8069269939649137,472.4275725533869,50.0,0.7217957000316768,371.16049651997105,0.7304660310849734,0.005770667199732818,0.0014120023104906996,0.01752180732093706,0.003565061842084686,0.002046262860299524,0.007417177377165998,0.5173437101556958,4.311935896508321,0.03400443395760661,0.009952563046053384,471.2899997885357,2.3408821732644296,0.8333048307912768,0.09795135658995352,0.7055085040512195,0.06500501230178894,0.19986638317179875,0.024798495333188293,0.29787954995489796,0.021507942679371096,Interruption,interruption_185
-0.019639872131747275,0.6342025179690471,0.6345065471495397,1.0444058651581447,2.0888117303162894,1.6460127477776119,0.02194148059969096,-0.9628604288897549,515.3261547208076,50.0,0.7825449308555534,377.1015266612059,0.7971474186202969,0.005748231340340864,0.001399859655105665,0.013581693369668565,0.009646380944301817,0.0020817766855607328,0.007865170520920712,0.5222072823330234,4.79163599985398,0.03372365422522937,0.009864409794501133,512.9776848822987,2.4415603118744804,1.6544692313170164,0.13868691908063333,0.935057395108844,0.07483697786690433,0.2817991797016497,0.02943480680106997,0.08270911785769845,0.011314645150330593,Interruption,interruption_186
-0.019410163573244904,0.5976654474974902,0.5979805528462571,0.98512297953608,1.97024595907216,1.6474164165464278,0.02578589750691751,-0.9569560999812277,457.7033492253636,50.0,0.7412916333275467,364.2067010981928,0.7090978803046337,0.004278929407945293,0.0010321431759109617,0.0138389745512451,0.00567011069226954,0.0017223961134227445,0.007201087782051963,0.4925674841644633,4.262779114677809,0.025395651982798625,0.007210175688910134,456.39764977003017,2.303211379025579,1.5588816106233334,0.13453562882087133,0.6785950015412834,0.06390691513042598,0.1788366367617774,0.023406008543093108,0.06022082680766258,0.009671567742644884,Interruption,interruption_187
-0.020842307866077547,0.6064661128340089,0.6068241490029688,0.9838992165776742,1.9677984331553482,1.6213910046141544,0.02497884715186048,-1.0412314000087712,471.3415012008668,50.0,0.7618695524008268,356.2541103028433,0.7298748223244367,0.004726383997517566,0.0010530921639176577,0.014048463991097219,0.005536325071520542,0.000980173670547523,0.007525133505724573,0.4920069476844241,4.42450285587054,0.02563791827866027,0.0073229663117877885,472.49941661320116,2.3436936792851326,0.758111134570409,0.09388408282629597,0.1807633902505361,0.0329755545522784,0.3019841562155111,0.030452217885590188,0.10595420745931257,0.0128183798754159,Interruption,interruption_188
0.005734398057527035,0.5626881695014502,0.5627173885868242,1.0171377198221856,2.034275439644371,1.8075462753599258,0.000864411405887148,-0.5438364923826633,405.3131000550079,50.0,0.6403673600051956,431.5483784317966,0.6230204228217813,0.007395676917838034,0.0020834969737786235,0.010830674917373844,0.00974818210380762,0.00023975188971097727,0.006950098541124043,0.5085943792882747,3.5313230333039964,0.046975755199371916,0.014604423839079127,404.30140776061273,2.167302947440372,2.345505217256126,0.16419873008775607,0.7505039486013547,0.0672113330792025,0.31586582881410086,0.03117520565262134,0.1231162974027766,0.013837184992784288,Interruption,interruption_189
-0.01526442137454968,0.5770233768229285,0.5772252419636853,0.9530686012398523,1.9061372024797045,1.651120796443204,0.009979141149455672,-0.9382434621673621,426.4818943488449,50.0,0.7133016495531092,395.74801336722527,0.6587254928855212,0.005455595646843006,0.001425348124399158,0.018423368810570415,0.0043665611596130785,0.0012963293477716799,0.007343688357069936,0.4766433835133236,3.9442336933310607,0.03359457530840611,0.010203512848889451,423.93175114570636,2.219587205829346,1.9170063763233176,0.14898588588022982,0.541501836265337,0.05711141125093785,0.25003049833426927,0.02769811800000068,0.19253138277931217,0.017283891732773293,Interruption,interruption_190
-0.022499121659351418,0.5592860214310349,0.5597383891101255,0.9855593586138248,1.9711187172276496,1.7607499821102328,0.01660003129651731,-0.6694884727371284,401.0330422318059,50.0,0.6617228756105563,337.88609271947035,0.6215133496142441,0.003546864675758717,0.0007694417649768182,0.010191386688845786,0.00676712600577309,0.0012749296071526395,0.0063439723895520155,0.492815874182847,3.608394140540474,0.0199532123426035,0.005382331196690049,401.09774834016173,2.1588848221487127,0.7286202280649867,0.09172684368441242,0.18467403962220558,0.03318196040488391,0.2634608839285759,0.02844572833876897,0.05901301045553591,0.009564403397387768,Interruption,interruption_191
-0.00819877577009529,0.5604919130506554,0.5605518749583411,0.9816414763283654,1.9632829526567308,1.751205410560026,-0.0015834755894041587,-0.7001352126564484,402.199557784719,50.0,0.6525175785847306,438.0473246398518,0.6173000238554731,0.008192583653565191,0.0021025652438812735,0.0014201945308588602,0.00142019453085881,0.003443477554577366,0.007102419952716396,0.4909032073554341,3.572021074460198,0.046847539696101066,0.014634686632068607,398.54488225291794,2.1526793844862917,3.249343368447712,0.1933366096869689,0.3424248797260711,0.044976738742862524,0.44614307511959905,0.03702631085854605,0.2848448167595568,0.02104740948028467,Interruption,interruption_192
0.007231669323230874,0.6132845102834845,0.6133271456529982,0.9829798627651138,1.9659597255302277,1.6027007278749263,-0.011186362698207813,-1.0626813551243344,481.4978401214131,50.0,0.7762996762048758,398.92976022808824,0.7436641658116131,0.006462516868845549,0.0015788224846252686,0.018566822525905535,0.006750641955725561,0.00121381240262978,0.007961078195186159,0.4915158942887713,4.521364735065881,0.03639703671790391,0.011049748137194325,480.1970142382594,2.36217586873383,2.0272520895083868,0.1532146504516365,0.5187892023132293,0.05589748371520764,0.43007978109016715,0.03634939037832208,0.17400045367052336,0.01644953488012022,Interruption,interruption_193
-0.013512286040074612,0.6427958288117311,0.642937834795705,1.0392552531688009,2.0785105063376017,1.6164163888370486,0.012167918590474936,-1.0399854112824265,529.1123960470902,50.0,0.8095155797351529,402.74776197078717,0.8166471482293864,0.007483044476259703,0.0017625847310483297,0.014107869715779875,0.010983320101039858,0.0005312809524583566,0.008327549559773401,0.5196353039355296,4.944992215848439,0.041280467352338424,0.012600510283598989,526.9513548712739,2.4748131590002385,1.1771240227159079,0.11625377585403197,0.6725508226211742,0.06363833418927202,0.33575075794325876,0.032141315141555195,0.3791590918792104,0.024265910825028672,Interruption,interruption_194
-0.006401169111162577,0.585098955095036,0.5851339694627997,0.9924336229168131,1.9848672458336263,1.6960793163764725,0.01865648965707206,-0.8437012848008205,438.2486556406946,50.0,0.7211261175335759,336.7684112267425,0.6805500981974202,0.003187551374489987,0.000721517126450734,0.010034694828542799,0.006254072203028031,0.0014427913623362364,0.006707876422433471,0.4962168214461507,4.028999965237692,0.01888138748979799,0.005085797432785425,436.8603836675787,2.2536811587785652,0.9963430907793368,0.10762065777054498,0.4558555071922674,0.05230685351632563,0.26820295616637096,0.028703595413696638,0.04219457948670453,0.008093177899890756,Interruption,interruption_195
-0.028483881125888882,0.5577334925314785,0.5584603658052688,0.9783885914111747,1.9567771828223495,1.751939172977192,0.039528013532665184,-0.6961483553568688,399.2038146244539,50.0,0.6454549210616607,240.77207849727108,0.6203233698665189,0.0022145895347987846,0.0003032628569909956,0.0027385000976594756,0.0031877480031806808,0.000813229192877221,0.00595868174110818,0.48933719504896095,3.628125863781099,0.011166399541392036,0.0021170383685006748,400.92210490695453,2.158248556679693,0.6529009966815268,0.08710007964587951,0.2719291072692819,0.040471474103596194,0.026808245616744258,0.009082202045665202,0.059006008081555025,0.009579008598511032,Interruption,interruption_196
-0.00774304234575531,0.596901012010541,0.5969512315457404,1.0184758778193146,2.036951755638629,1.7061291174161344,0.010598918891271474,-0.8168536891529938,456.12898924028946,50.0,0.7097331596627565,401.45015418087763,0.7038410762691164,0.006479898422938137,0.001699990121250881,0.01360380471961203,0.010604225759593711,0.0032885962687564637,0.007412309211029302,0.5092623716052861,4.143619552135366,0.039259886807209064,0.01185002754999738,454.2633866066859,2.2982888422815835,2.026739461378198,0.15330883576100948,0.456399015956679,0.052412208914906555,0.6261694878601674,0.043892722057574864,0.09955812430624877,0.012442118088295642,Interruption,interruption_197
-0.006050314659790154,0.6050278132848127,0.6050580642844823,0.9637864740764097,1.9275729481528194,1.592882618983936,0.0032427713386991067,-1.1102363647816271,468.60193427927635,50.0,0.7763309299197966,424.37960197407034,0.722982530204696,0.006662543467679914,0.001834976164488296,0.011250001557105073,0.009825691629951692,0.0012888323048855631,0.008063886362847416,0.4819143500747055,4.396816118099727,0.04065886246957151,0.012711585931895433,467.42918442519334,2.331326225665468,1.2866079873695098,0.1219355353757084,1.2556235139460945,0.0869535277471536,0.1930726390345752,0.02433801675556413,0.23573788201902454,0.019124724648463414,Interruption,interruption_198
-0.016174043533467686,0.5846080093504389,0.584831705947023,1.0426031442750276,2.0852062885500553,1.7827404596420582,0.017396605880100374,-0.6210915514271913,437.7959990795588,50.0,0.6841100018893469,378.2479985868789,0.677327702386814,0.0048516616682570835,0.0011812230228863314,0.01536530645844178,0.005082517612515941,0.0017646199352076512,0.0065904954209145775,0.5213465181279835,3.894017917991486,0.029015824271774984,0.008313989405161103,436.5164845353186,2.2521731857773655,0.595291853537199,0.08303692106166921,0.840265004167519,0.07112777187451517,0.1794000747141281,0.023454354318888083,0.07076692689937293,0.010479742420885665,Interruption,interruption_199
5.551115123125783e-18,0.6992601764944739,0.6992601764944739,0.8521831973726509,1.7043663947453003,1.2186925925677492,-7.305944377895677e-17,-1.8410789331737374,625.874936871786,50.0,0.9568827415316246,95.17039165311516,0.9156245810410778,0.060601637125751937,0.001703370695335756,0.20291872333897856,0.13937585459551813,4.372211233852528e-17,0.010391079311361946,0.47844137076581256,5.837106704136872,0.38633543667666886,0.010858988182765443,629.0513904285623,2.703330631895875,5.681129406299849,0.25697627282834923,1.3621551432917705,0.09052172091104667,0.08390290041386181,0.016063728397958374,0.0002958102162696233,0.0006782672837022867,Harmonics,harmonics_000
-1.1102230246251566e-17,0.6971423977046792,0.6971423977046792,0.9782920227936422,1.9565840455872845,1.4032886624213885,-9.83030510236308e-17,-1.689326818336945,622.0896290271094,50.0,0.9751710641749434,77.37564325723142,0.9509586044040915,0.021037513596435888,1.892735433139436e-05,0.09875681069206103,0.10622902587507947,5.207099822587018e-17,0.009182228361825135,0.4875855320874718,6.062361103076082,0.1341141491772789,0.00012066188386264054,621.5515914408546,2.688030083604787,3.349556903691425,0.19731321970116394,0.6187990300768234,0.06099613429326896,0.03965294891271376,0.011042938559593646,0.00013158876701051622,0.0004523804305814766,Harmonics,harmonics_001
2.7755575615628914e-17,0.7047678686080984,0.7047678686080984,0.9680287731006529,1.936057546201305,1.3735427169957617,1.1100434714810834e-16,-1.6855444540303894,635.7731182366743,50.0,0.9799512490274646,95.4298960068988,0.9603044504704878,0.028349152216380027,0.004741894557935755,0.0880224136356736,0.14353120536709224,3.107148390562901e-17,0.009925320028113293,0.48997562451373255,6.121940871749362,0.18072584537942285,0.03022957780684045,628.4306024984659,2.7029891738412806,8.963877001606809,0.32280046620996333,1.9156024497287216,0.10737755316735892,0.08908509609910376,0.01655310393428018,0.0003289517156185813,0.0007152532889922251,Harmonics,harmonics_002
3.3306690738754695e-17,0.7074255057583632,0.7074255057583633,0.9004206257896026,1.8008412515792027,1.272813347071894,2.038362610802412e-16,-1.7694309540540138,640.5770831327693,50.0,0.9842269074288025,88.15762650680983,0.9687026053068645,0.02726012179012903,0.004938965297958859,0.1540127385988354,0.059499564195175624,2.8498364127767085e-17,0.009829589012825633,0.4921134537144013,6.175479108831259,0.17378327641207264,0.03148590377448769,641.8007535686601,2.7311517671989,3.4837884523989064,0.2012426773488267,1.3714387481326902,0.09085217104936597,0.07294301130375919,0.014978362027750271,0.0002740076710934044,0.0006527929495086439,Harmonics,harmonics_003
2.7755575615628914e-17,0.7550238643374434,0.7550238643374434,0.89537670981039,1.79075341962078,1.1858919328264208,8.383233339270775e-17,-1.8105773437331143,729.6781257203791,50.0,1.042428975940961,79.07155925535466,1.0866581698813207,0.05342698536935634,3.691618741549536e-05,0.2178450327241302,0.07726918588143003,3.767009633800568e-17,0.010415651657511259,0.5212144879704805,6.927445832993417,0.3405970317296468,0.00023534069477378175,734.8020162411797,2.92212723085557,2.547431676238566,0.1720868307355494,0.582039814589333,0.05913495920393785,0.050346851875322014,0.01244295201388071,0.00016541941705825234,0.000507209885081803,Harmonics,harmonics_004
-1.1102230246251566e-17,0.7230573667991832,0.7230573667991832,0.9066249051735055,1.8132498103470107,1.2538768662100517,-8.07652716080216e-17,-1.7777424930838155,669.1993032736877,50.0,1.006194092360118,79.01284941291695,1.0124265515004018,0.03297149852630972,0.00022586133842599626,0.16347351733671062,0.07904370725031748,4.0083689958661024e-17,0.009796434114748636,0.5030970461800591,6.45421926581506,0.21019330310522444,0.001439866032465717,670.0613020193908,2.791096485301387,1.4359611091257949,0.12918124276174062,0.5726972972867036,0.0586664557622301,0.04607555170408208,0.01190365870433445,0.00015145672606909006,0.000485331656711538,Harmonics,harmonics_005
7.216449660063518e-17,0.6925621376997527,0.6925621376997527,0.8856189365292283,1.7712378730584564,1.2787573682116202,-2.0053272024962907e-16,-1.8127670293969522,613.9421626563216,50.0,0.9540431931393005,90.37422460995518,0.9101984143754327,0.048397253872726115,0.0006889609023440856,0.1750703894167432,0.13322016597420983,4.198163908549497e-17,0.009989006304383602,0.47702159656965043,5.802514891643383,0.308532493438629,0.004392125752443538,613.0074253941326,2.6694810134342175,4.003091690561564,0.21570149615007617,1.0924880950441596,0.08105861007313594,0.06781369219592885,0.0144415624562472,0.00023049246049588464,0.0005987183523142695,Harmonics,harmonics_006
3.8857805861880476e-17,0.7422159139366631,0.7422159139366631,1.0436041317051135,2.0872082634102265,1.4060654212714216,7.46710293244789e-17,-1.6670546443373566,705.1321125130701,50.0,1.0321640735012045,94.12275383965766,1.0653626746266,0.032489655098451205,0.003916596076621584,0.0849127072291931,0.15899524285166694,6.859797637940047e-17,0.0103771685074602,0.5160820367506024,6.791687050744572,0.2071215512526266,0.024968299988462582,699.8434492004164,2.8518453085665616,11.30435695381014,0.3625011983618538,1.8914642258654264,0.10669590918156983,0.0918036265004861,0.01680358825021056,0.0003386339891549618,0.0007257037483780631,Harmonics,harmonics_007
3.8857805861880476e-17,0.7512160746523601,0.7512160746523601,1.0348762934872018,2.0697525869744036,1.3776013698385428,1.047552032287393e-16,-1.7365014271333885,722.3367562446083,50.0,1.0437565258772947,81.59957933833553,1.0894276853114397,0.03922320766951626,2.886512443466911e-07,0.14316040416156164,0.13685140244007213,5.614814507387622e-17,0.010265934846604766,0.5218782629386477,6.94510149386043,0.25004794889316617,1.8401516827099515e-06,724.9247288885082,2.902264669329771,5.7347451960380855,0.258190597716816,0.9325148235479863,0.07488500281030008,0.05543547116213983,0.013056884693730656,0.00018705734123291057,0.0005393638544341598,Harmonics,harmonics_008
4.9960036108132046e-17,0.7021668486223608,0.7021668486223608,0.9154847691423511,1.830969538284699,1.3037994757758966,1.8439838396202946e-16,-1.7390947134272032,631.0890026294494,50.0,0.9788199301200564,91.3852348325621,0.9580884556002321,0.022006462615342663,0.005981648392939862,0.12217586652247685,0.0841398850416649,4.439764851331873e-17,0.009786641850973452,0.4894099650600283,6.107813904451479,0.1402911991728096,0.03813300850499157,632.052952027604,2.7101570259240035,4.641457239711549,0.23227731483454925,1.6650936285865605,0.1001146695465795,0.08121416753538893,0.01580494472597774,0.00031090184658168316,0.000695353641036749,Harmonics,harmonics_009
2.2204460492503132e-17,0.7164277513249236,0.7164277513249236,0.8941499615552706,1.7882999231105403,1.2480671776050396,1.4341237855864676e-16,-1.7895447828160844,656.983965271663,50.0,0.9939212179234204,91.8938299672162,0.9878793874383752,0.03428392992552365,0.004374128373074231,0.15737401904363796,0.09755689650443133,4.8751003140463795e-17,0.01019371571348589,0.4969606089617104,6.297731094919643,0.2185600532752134,0.027885068378348216,656.5229041052885,2.7625253283798044,3.903020145319904,0.21299587955330718,1.5157791401511886,0.09550737451370722,0.08287281753867098,0.01596527284339406,0.0003035933944470244,0.0006871319787676497,Harmonics,harmonics_010
9.43689570931383e-17,0.7542157791850453,0.7542157791850453,0.9595456679074494,1.9190913358148987,1.2722428970433335,-1.7467355536390717e-16,-1.799554193312255,728.1170452117826,50.0,1.0409051019798283,92.5249528910788,1.083483431327637,0.052170978184528066,0.00202847363124534,0.17873360823085732,0.1422155950425497,5.660211094239508e-17,0.010906146392391956,0.5204525509899145,6.907206874713687,0.3325899859263665,0.012931519399189044,732.2943511525558,2.9166515424568025,6.677314966077118,0.27859722934203307,1.4444804054222387,0.0932200383241466,0.08783961773683938,0.01643630067962297,0.0003122656919282079,0.0006968774928117362,Harmonics,harmonics_011
2.7755575615628914e-17,0.7299059170767033,0.7299059170767033,0.9698233599885244,1.939646719977048,1.3286963940111207,-4.2825341603830763e-17,-1.7133562534277904,681.9361891629865,50.0,1.0199981021822262,85.9097950221324,1.0403961284553431,0.022914383800865315,0.002214783310957813,0.1092103465578397,0.10482120017239767,3.579655604100181e-17,0.009930939017681278,0.5099990510911133,6.632525318902814,0.14607919673051648,0.014119243607356047,683.5299660738339,2.818447201665395,4.320755621728125,0.22410095969917332,1.0721542463128908,0.0803155871905659,0.06445849052942587,0.014080009394953543,0.00023108178565550778,0.0005994832670795307,Harmonics,harmonics_012
3.3306690738754695e-17,0.6931842024394449,0.6931842024394449,0.8395318438151202,1.6790636876302392,1.2111237400671273,-9.999666466360419e-17,-1.8391863021389385,615.04555329486,50.0,0.9502477930857026,97.52603723435163,0.9029708682642483,0.05435769229422123,0.003680116464749829,0.19428999016061577,0.12887626630845983,5.813112820007678e-17,0.010341690023502985,0.4751238965428514,5.75643928518458,0.34653028837566063,0.02346074246278012,618.1024175421795,2.679629763992586,5.905907384336454,0.2620117410928468,1.6342978018414496,0.09916723212235853,0.09291404245062954,0.016904649434591502,0.0003391134508816495,0.0007262175199464764,Harmonics,harmonics_013
-1.1102230246251566e-17,0.7081193162747147,0.7081193162747147,0.9742827365667706,1.948565473133539,1.3758736898901682,-1.7197035795431973e-16,-1.667820702992661,641.8341965841529,50.0,0.9892042461861857,89.6193338239393,0.97852504067278,0.021039922092208216,0.003300969397750976,0.08008992251798222,0.12093604261456474,7.138834817294283e-17,0.00967197112162002,0.494602123093093,6.238097134288973,0.13412950333782758,0.02104367991066245,641.709528363196,2.730654823667099,6.874958930719134,0.28269166610847074,1.3650958939518736,0.09063985031786934,0.07098299718048628,0.014775674162495044,0.0002627927978001472,0.0006392944116709726,Harmonics,harmonics_014
7.216449660063518e-17,0.7262893509395908,0.7262893509395907,0.9866970289570051,1.9733940579140101,1.3585453616787442,-2.0285197501051985e-16,-1.732631011038858,675.1951632489624,50.0,1.0067109365488798,94.82778852470344,1.0134669097671227,0.03832408075187836,0.0032014520575036737,0.11893036556080323,0.15549806718879844,4.713857292246271e-17,0.010369928254528097,0.50335546827444,6.460851549765402,0.24431601479322462,0.020409256866585908,670.4400612006492,2.7915507519056115,8.938859229016359,0.3223454354622576,1.7630249416079948,0.10300267272591047,0.0902577150230906,0.016661393575636625,0.00032600178795845296,0.000712039408308523,Harmonics,harmonics_015
7.216449660063518e-17,0.7529745680856139,0.7529745680856139,0.9440607552962497,1.888121510592496,1.2537750879092842,-2.2755027186653194e-16,-1.7678158980297591,725.7224962351576,50.0,1.0487938928912426,82.6871593777903,1.0999686297659672,0.03208329371944137,0.0018894768820249992,0.16532011158957544,0.06893877300512172,7.146197085467044e-17,0.010283107681239186,0.5243969464456215,7.012300014758042,0.2045309974614388,0.012045415122909358,732.2022384913024,2.9166850143799397,2.7895640615983144,0.1800710993022015,0.8373201755772577,0.07096529671927926,0.06036203984447526,0.013625026459092962,0.000213798567079789,0.0005766293267495271,Harmonics,harmonics_016
-5.551115123125783e-18,0.7361780632323736,0.7361780632323736,0.9642676762924581,1.9285353525849163,1.3098294073818098,-1.3217679686146075e-16,-1.7473091910556404,693.7064202042478,50.0,1.026537652239433,84.48949744938722,1.053779551465247,0.028940537070621407,0.0011961930332691968,0.13333164872680867,0.10565608604530223,6.511022357472556e-17,0.010078383028535557,0.5132688261197166,6.717844640590949,0.18449592382521168,0.007625730587091116,694.318322956835,2.8409270718001167,3.302589800011884,0.19592000979248003,0.9204726110483463,0.07440489372033007,0.06084709296476212,0.01367969897520563,0.00021017381591388972,0.0005717201747020184,Harmonics,harmonics_017
0.0,0.6837056035608924,0.6837056035608924,0.9015202498592267,1.8030404997184526,1.3185795833215177,5.210676015579298e-17,-1.6750241306886158,598.340290995922,50.0,0.9608586547821554,76.73561062215866,0.9232493544697732,0.010222604891075538,0.00143474532027961,0.08682113974538178,0.05181403848754146,6.444595547044274e-17,0.00881683616414447,0.4804293273910778,5.885714634744804,0.06516910618060666,0.009146501416782499,597.8958442543744,2.6366559560227065,1.2937301400906471,0.12262084137752827,0.5864387295415603,0.05939152085685411,0.03901641009754246,0.010954292355590478,0.0001359553009473535,0.00045982450932342876,Harmonics,harmonics_018
0.0,0.6948443998875977,0.6948443998875977,0.8495140965456425,1.6990281930912834,1.2225961620786503,3.309386910566233e-17,-1.783540754700428,617.9951872705994,50.0,0.9664378725924443,80.29140807426181,0.9340021615810096,0.031025479000667763,0.0005898395286341048,0.16290477228344924,0.06698891078339245,4.1898523253781476e-17,0.009462156339432945,0.48321893629622226,5.954263780078935,0.19778742862925705,0.003760226995042408,621.2361295998463,2.687049567961662,1.761912188772717,0.14310601871403647,0.5514369989448447,0.0575731820402564,0.04536350414847588,0.011811374947959915,0.00015333378182351952,0.0004883298542786191,Harmonics,harmonics_019
1.1102230246251566e-17,0.7439883314079018,0.7439883314079018,0.9760365085222762,1.9520730170445522,1.3118976028480733,0.0,-1.7351652524617063,708.5038557070258,50.0,1.0388795494181435,84.0943927501757,1.079270718199245,0.026291504319950955,0.0014750520230323069,0.12620340805481317,0.10180473523024984,4.0653767329347845e-17,0.010118558904796775,0.5194397747090719,6.880350828520182,0.16760834003968755,0.009403456646830937,709.2555366551996,2.8713068155953447,3.319320901076896,0.19641595915357507,0.9417728681963339,0.07526365557206069,0.061501798991301274,0.013753147366927185,0.00021419894193829876,0.0005771688150877964,Harmonics,harmonics_020
3.8857805861880476e-17,0.7537366706857991,0.7537366706857991,0.9492571576782427,1.898514315356485,1.2594015849239322,1.7500685794175065e-16,-1.7675424557853212,727.1922799827363,50.0,1.0497647967183703,84.24749644627933,1.1020061284291613,0.03250639626066833,0.001725412783196163,0.1574478084152902,0.08784408850850692,5.1335409222419146e-17,0.01036119986035074,0.5248823983591852,7.0252890687358995,0.20722827616176065,0.010999506492875524,726.5501124525088,2.9064992737269653,2.06463350752975,0.15490254047076274,0.9607631804472645,0.07601496167143548,0.06414748068906666,0.014045877691761641,0.00022044193807145297,0.0005855192131399409,Harmonics,harmonics_021
1.1102230246251566e-17,0.7076250911461902,0.7076250911461902,0.8793438667281966,1.7586877334563915,1.2426691446209444,9.399869257046251e-17,-1.8027396215083713,640.9385851131572,50.0,0.9792467704806563,92.06354060112973,0.9589242374967952,0.039306336135049164,0.0032359656074636488,0.16717678820984602,0.1065751266426151,4.019264428178787e-17,0.010154141346134458,0.4896233852403284,6.1131420140420705,0.25057789286093873,0.02062928074758073,643.9270914526278,2.735323854921191,4.378184598209436,0.22558889214445504,1.338396925611346,0.08973917836223477,0.07902289975957602,0.015589822165071064,0.00028706600687881554,0.0006681670988649294,Harmonics,harmonics_022
-4.4408920985006264e-17,0.7282630020931334,0.7282630020931334,0.9120263250424226,1.824052650084845,1.2523309881455937,-3.305546941925619e-16,-1.8212708392913595,678.8697602786601,50.0,1.0003932964430233,93.48483564387182,1.0007867475681387,0.058454773030049645,0.0014924798372180916,0.19370667725916674,0.14468066980513555,4.5632998923369734e-17,0.010677622248814172,0.500196648221512,6.380015515746885,0.3726491780665669,0.009514558962265305,682.7272453642023,2.816210854031258,6.365797697459847,0.27202184151922554,1.370795618712532,0.09080737551521217,0.08464157003544068,0.016134239839089706,0.00029778473991089416,0.000680527276161563,Harmonics,harmonics_023
2.2204460492503132e-17,0.7396536964054643,0.7396536964054643,0.9837262562724611,1.9674525125449223,1.3299822079600219,-6.85906538054053e-18,-1.7268236541440458,700.2721159760215,50.0,1.03372015493376,81.08840044157357,1.0685773587162768,0.02493292649175139,0.000664896004505953,0.12298726823475115,0.09903059296957059,5.291675713009616e-17,0.009934291423174956,0.51686007746688,6.81218066181626,0.15894740638491528,0.004238712028725427,699.8147611982909,2.8524086447668373,2.590747280256681,0.17352056889764758,0.7621451372866073,0.0676962968097568,0.05270381683784289,0.012731350580095809,0.00017778933022727627,0.0005258320566281537,Harmonics,harmonics_024
1.6653345369377347e-17,0.7098314900064682,0.7098314900064682,0.9709307098301976,1.941861419660394,1.3678326807112804,-2.328121853762221e-17,-1.6877673916546723,644.9417525821475,50.0,0.9887017115624186,92.99401618426386,0.9775310744464559,0.026175688733181303,0.0040147252299685765,0.09031968967563117,0.1342313018266566,4.009869050838897e-17,0.009896236918535683,0.4943508557812094,6.231760599596154,0.16687001567403098,0.025593873341049636,643.525260880112,2.7344937154191897,8.274201646147112,0.310130455923971,1.6365488347300494,0.09924665520567943,0.08169550972801107,0.01585153381674429,0.00030439150517151475,0.0006880348069915934,Harmonics,harmonics_025
4.4408920985006264e-17,0.7117306633927222,0.7117306633927222,0.9120194520858387,1.8240389041716756,1.2814109311197666,-3.0793793929692344e-17,-1.7604243641017896,648.3974876332088,50.0,0.9901698775502483,90.9343682643232,0.9804363864078738,0.02879733965028193,0.0038873483687331765,0.13466251145557434,0.10326348657080701,3.9483802226636076e-17,0.010003445574879914,0.49508493877512444,6.250281963350198,0.18358304027054745,0.02478184585067399,649.7286915341682,2.7478171888107643,4.585460761203017,0.23086672024082133,1.4101907600538324,0.09212142262507793,0.07762883711835603,0.01545185510935344,0.00028602549471975916,0.0006669549599440888,Harmonics,harmonics_026
3.3306690738754695e-17,0.6988646477257672,0.6988646477257672,0.9393007615075307,1.8786015230150606,1.3440381689971619,4.065753330902878e-17,-1.6784961976690072,625.1670986763015,50.0,0.9792594589849124,86.59383022560995,0.9589490880114233,0.01150422336127687,0.006370280309021279,0.09215206206910119,0.05488370266016489,4.7351891849158704e-17,0.00934968418219983,0.4896297294924563,6.113300436072822,0.07333942392814014,0.04061053697001062,626.277102164228,2.6977914776713816,3.932420671840728,0.21380475040065147,1.5490075968911126,0.09656842393639065,0.06998322659191308,0.014671645025663994,0.00027469093167551854,0.0006536063302005035,Harmonics,harmonics_027
6.661338147750939e-17,0.7400799622283452,0.7400799622283452,0.9566254157097788,1.9132508314195567,1.2925973739758243,-3.286665745559245e-16,-1.7158007760162304,701.0794886296433,50.0,1.036945712323469,79.25501654706966,1.0752564103060267,0.018572542866320093,0.001607747811471221,0.1201569776552213,0.06430274945196932,5.695272517845862e-17,0.009779086590029072,0.5184728561617347,6.854759615700917,0.11839996077279066,0.010249392298129024,705.7795288056733,2.8638528873754043,2.165759770334183,0.1586571207826028,0.7074134351065025,0.0652288354920284,0.05035119814037393,0.012444034801175374,0.000177939335935931,0.0005260539528500369,Harmonics,harmonics_028
-2.7755575615628914e-17,0.6940457091125477,0.6940457091125477,0.9110915478214039,1.8221830956428078,1.312725568154686,-5.811444007457528e-17,-1.7170390396502482,616.5752913120502,50.0,0.9720048320476609,76.55969567506709,0.9447933935240014,0.01827925337556119,0.00032624577551602045,0.11450661943167968,0.07188523827525137,4.3682466075242154e-17,0.009119836935511482,0.48600241602383054,6.023057883715508,0.1165302402692027,0.0020798168189146227,621.2944377913975,2.686922733668127,1.8195029643637677,0.14542048261239854,0.46206730026325066,0.05270154552019917,0.03766736828712921,0.010762862528210753,0.00012730667700257378,0.00044495900712259747,Harmonics,harmonics_029
1.6653345369377347e-17,0.7332455813894512,0.7332455813894512,0.9479251557346063,1.8958503114692122,1.2927799086590595,4.9283315253416824e-17,-1.7885679420276412,688.1908257627575,50.0,1.0156047605061178,87.80138934598821,1.031453029562689,0.04299014266115134,0.0008549930304684201,0.16435794717359825,0.12639860704150194,5.4584441367635375e-17,0.010353500609139085,0.507802380253059,6.5755130634621395,0.2740621594648399,0.0054505805692361495,687.2740137250654,2.826643749257237,3.755724759122079,0.20892807134848435,1.0746806829219626,0.0803940181910203,0.06862355012932643,0.014527547899166115,0.00023328685862677515,0.0006023366982885637,Harmonics,harmonics_030
-4.4408920985006264e-17,0.6934043501185853,0.6934043501185853,0.8982986245778405,1.7965972491556808,1.295490321661407,-9.99014516243952e-17,-1.7423262441592553,615.4362787371233,50.0,0.9659738467622709,91.44407167424002,0.9331054726286993,0.024045987869466087,0.004467725028589861,0.11885155672076204,0.09960067938783132,3.990171896260437e-17,0.009699745161746964,0.4829869233811356,5.948547388007958,0.15329317266784648,0.028481747057260365,613.2017671876871,2.6699845628204826,4.2742385874079405,0.2228961078092895,1.499357809568917,0.09499376678681047,0.07650026277720569,0.015339299252257833,0.0002826237698536956,0.0006629766489169995,Harmonics,harmonics_031
3.3306690738754695e-17,0.730740040916336,0.730740040916336,0.9091586994484209,1.8183173988968417,1.244161601309142,3.5565713630854134e-17,-1.7784852329581933,683.4956894699628,50.0,1.0168443570705776,76.63569823666934,1.0339724465062763,0.03391712955855311,7.243873198793253e-05,0.1699821623107533,0.07087449509318446,2.988408926033577e-17,0.009815597745081563,0.5084221785352889,6.591574346477509,0.21622170093577628,0.00046179691642306904,685.8384342220575,2.823543602466362,1.5449343749045525,0.1340022880497529,0.4930089841102835,0.05442488457948951,0.04238848180361806,0.011417311412152957,0.00013854443051673082,0.0004641827136674709,Harmonics,harmonics_032
2.2204460492503132e-17,0.7493575793802921,0.7493575793802921,1.0807516168054134,2.161503233610827,1.442237519900362,1.0553655368680402e-16,-1.6583476844500922,718.7670806716042,50.0,1.04651421170574,82.60156797042531,1.0951919953020863,0.027581182403583267,0.0003003858437117302,0.08865367455004013,0.14043400012945167,5.0367280567632897e-17,0.01002274053666972,0.5232571058528703,6.981848970050801,0.17583003782284345,0.0019149597536622716,715.9995392887853,2.884875821558255,7.108839718813509,0.2874612084225229,0.9909549532834838,0.07720443215942115,0.05684763312925103,0.013222411025596213,0.00019387503779176699,0.0005491048286432094,Harmonics,harmonics_033
9.992007221626409e-17,0.7430988522568973,0.7430988522568973,0.9014828279338378,1.8029656558676754,1.2131398469997534,-1.149898184491812e-16,-1.7956851143915558,706.8107574086632,50.0,1.0304546006317945,76.61100995277545,1.0618366839632312,0.04253794835976349,1.717612804134792e-05,0.19421666974572485,0.0694106155616238,6.184722200144354e-17,0.010063769730157733,0.5152273003158976,6.769208860265603,0.2711794207934922,0.00010949781626359111,708.9896474899543,2.8708238409482036,1.7550309710116672,0.14283060447425386,0.5075397744822607,0.05521747330016163,0.04398843191453243,0.011630725596877355,0.0001427335027193705,0.00047114806784767286,Harmonics,harmonics_034
-2.2204460492503132e-17,0.741305415339376,0.741305415339376,0.8912904057869957,1.7825808115739912,1.2023255022057986,-8.857314643446302e-17,-1.810187693394495,703.4031600787006,50.0,1.025587773082588,81.39772548053084,1.051830280296502,0.04695439946164455,0.00028275786482264873,0.20028498701756559,0.08270624787171846,4.193876593130038e-17,0.010274375298852471,0.5127938865412942,6.705418036890202,0.29933429656798416,0.0018025813882443834,704.5540316947852,2.8619842461957306,1.7248662702253448,0.14158866231693734,0.664052242988376,0.063172178496679,0.05387516664134537,0.012871801135041595,0.00017731709210791802,0.0005251333959676653,Harmonics,harmonics_035
6.106226635438361e-17,0.7024242970179616,0.7024242970179615,0.9289923561043749,1.8579847122087478,1.3225515689690008,-2.963148289017576e-16,-1.7102468921993437,631.5518630927071,50.0,0.9809249726336157,90.4223745899528,0.9622138019362596,0.019635827665576158,0.004950156480519328,0.10219420407672411,0.09587581717357627,5.5285254829189685e-17,0.009684901878535818,0.490462486316808,6.134112987343654,0.1251784013680481,0.031557247563310645,628.350468059944,2.7028781859729443,4.431272428806908,0.2269561056290148,1.5609041762170874,0.0969273116697128,0.07621917532271247,0.015311191162570879,0.0002837045496870428,0.0006642429286911252,Harmonics,harmonics_036
-1.1102230246251566e-17,0.6895864826762707,0.6895864826762707,0.8362671113419341,1.672534222683868,1.2127080973153452,6.771330411336452e-17,-1.8027747632328905,608.677781874983,50.0,0.9557290746722285,84.55440327647533,0.913418064173834,0.03651302819991329,0.0011279418059134308,0.17512311666143168,0.07645209095047616,5.809764741157084e-17,0.009619295559446612,0.47786453733611456,5.823040159108194,0.23277055477444733,0.007190629012698093,608.8179818543554,2.660540689444622,1.6222215292967863,0.1373104311807519,0.7491600390269894,0.0671164496895552,0.054207489786089635,0.012911727936459786,0.00018411554528822453,0.0005351054485763613,Harmonics,harmonics_037
-5.551115123125783e-17,0.6979882528438186,0.6979882528438186,0.9334028253146168,1.8668056506292334,1.3372758373945546,0.0,-1.746677907155813,623.600129418197,50.0,0.9711220994437966,85.08304856365366,0.9430781320281271,0.030735362231104048,0.0005617079567018394,0.1303905745650726,0.11719070055125658,5.2910143267208367e-17,0.009631036847988252,0.48556104972189845,6.012123091679309,0.19593793422328853,0.0035808882239742176,621.5740573967017,2.688323638311964,3.338808167243687,0.19698996799307292,0.879833840379228,0.07274067491386829,0.05518614421166733,0.013027795342309717,0.00018559693522106504,0.0005372538589292035,Harmonics,harmonics_038
1.1102230246251566e-17,0.7076460461133497,0.7076460461133497,0.9002617923235602,1.8005235846471201,1.2721922170933537,-7.049275671685247e-17,-1.772914983639118,640.9765460222169,50.0,0.984585052776079,77.1670258380859,0.9694077261500743,0.03209992167200082,1.8205337638781865e-05,0.16001221218833864,0.08059785122814946,5.956773279530416e-17,0.00953071230642771,0.4922925263880397,6.179974254206725,0.20463700065900534,0.00011605902744723132,644.8662506083897,2.7375831992078794,1.9048731450292766,0.14879793078143594,0.5041013049517044,0.05503868603325743,0.0405559387574093,0.011167767634608293,0.0001335746865885585,0.0004557813422569894,Harmonics,harmonics_039
3.8857805861880476e-17,0.7293009524951339,0.7293009524951339,0.953429118042349,1.9068582360846973,1.307319172941027,9.301933887433737e-17,-1.6959196716920852,680.8062455171962,50.0,1.023785718136041,75.46703920534537,1.0481371966593291,0.014847438387655313,0.0007751235736348571,0.10582602178507476,0.06040108857297355,3.94861659045668e-17,0.009440727671843315,0.5118928590680205,6.681874628703222,0.09465241972130276,0.004941412781922213,680.7500419150226,2.813412271116857,1.1953153708460966,0.11785778093782694,0.5297248451195408,0.05643276847953167,0.040575794095823625,0.011170844259473072,0.00013646614888733211,0.00046068773305725595,Harmonics,harmonics_040
4.9960036108132046e-17,0.749971014901258,0.749971014901258,0.9284527305320961,1.856905461064191,1.2379848181907394,9.86979337129763e-17,-1.769388029796573,719.9443496857893,50.0,1.0452285907550318,81.57675254728365,1.0925028069317497,0.030526373410511464,0.0018838660417844688,0.16403825939475142,0.06014834050289096,3.94161866619752e-17,0.010176889273926284,0.5226142953775161,6.964705394189906,0.19460563049201074,0.012009646016375967,722.3893553564833,2.8976987523677846,2.252497458461886,0.16181162176205205,0.8099055681137293,0.0697923179761202,0.05799405228467656,0.013355134112144146,0.0002031692728287532,0.0005621125050251178,Harmonics,harmonics_041
4.4408920985006264e-17,0.7322751263827644,0.7322751263827644,0.978942405844921,1.9578848116898409,1.3368505505291264,9.895902934580394e-17,-1.6719571917919664,686.3703817201837,50.0,1.0251950508271743,88.38824767064787,1.0510248922405325,0.01643491644670519,0.004993912750549115,0.0834689025226235,0.09730292266100729,5.01787015899207e-17,0.009896391454783389,0.5125975254135874,6.7002836880333945,0.1047725923477457,0.03183619378475059,683.7687044946813,2.8193752275021287,5.128346468640353,0.2441547011742415,1.5589180963082871,0.09686676178024398,0.07634334800163048,0.015323644970865672,0.0002862883947496392,0.0006672610755492419,Harmonics,harmonics_042
1.6653345369377347e-17,0.6964560903037531,0.6964560903037531,0.9110763434957606,1.8221526869915203,1.3081604945074063,-1.6432324876785242e-17,-1.7093759171553862,620.8653897231226,50.0,0.9744062778793191,85.78760757903561,0.9494675943706289,0.017760817954691158,0.002873759117059247,0.10143405261247271,0.08644044727615235,5.872397170107253e-17,0.00942549016821584,0.48720313893965966,6.052855914112758,0.11322521446115622,0.018320214371252655,621.1077668379136,2.686928422459339,3.3431209346679744,0.19712370767154416,1.0604038935526452,0.07988027206339397,0.060295471734561144,0.013617900168891724,0.0002195011423617549,0.0005842685154436577,Harmonics,harmonics_043
4.4408920985006264e-17,0.7273579383570875,0.7273579383570875,0.8654262068615285,1.730852413723056,1.1898216286950982,9.376678846572351e-17,-1.855269955474376,677.1834502285731,50.0,0.9939035112228097,98.75605502795624,0.9878441896210298,0.06560721132653262,0.0046477400345827,0.21891460902385482,0.13297971756048138,5.120871413661328e-17,0.01096102460006015,0.49695175561140514,6.297506708834067,0.4182459722066458,0.029629342720464653,679.3563735384843,2.809491349052767,6.150099634541497,0.2673734453695368,1.929901437549119,0.10776430344143276,0.10836949566782153,0.01825662336647051,0.00039588575542966685,0.0007846556233409982,Harmonics,harmonics_044
2.7755575615628914e-17,0.7433695474081473,0.7433695474081473,0.9658978515838101,1.93179570316762,1.2993508477045324,2.0270160863266336e-17,-1.7653958971017765,707.325803537656,50.0,1.0332366358465002,88.06652329891098,1.067577945655393,0.03592157970433228,0.0016970426678620427,0.1465290329936809,0.12021157263037971,5.343808419802088e-17,0.010396685420127118,0.5166183179232504,6.805809403553134,0.2290000706151186,0.010818647007620518,709.311709628967,2.871059362444283,4.66572627839416,0.23287552756234908,1.1453450012209057,0.08300468944053012,0.07194513578860404,0.014875085062103891,0.0002531352863407152,0.0006274376719737171,Harmonics,harmonics_045
-5.551115123125783e-18,0.7505767676640599,0.7505767676640599,0.9003123339089607,1.8006246678179214,1.1994940060691026,4.594760991298449e-17,-1.8259742847053955,721.1078197209961,50.0,1.0351036987192073,89.00050870471551,1.0714396671021833,0.052068518179484394,0.00322278303238862,0.2146640541916026,0.077381276918316,3.447168810406427e-17,0.010728051090077632,0.5175518493596037,6.830427877776418,0.3319368033942133,0.02054524183147743,721.8180470247328,2.8966754707079163,3.178106491310805,0.192209088895424,1.2498094061733651,0.0867092475985272,0.08022495272225705,0.015707852776080212,0.0002849660298096556,0.000665718537259736,Harmonics,harmonics_046
8.326672684688674e-17,0.7378189415462084,0.7378189415462085,0.9524538774930456,1.904907754986091,1.2909046161050663,-3.3169740561073746e-16,-1.7679685480060958,696.8022918455904,50.0,1.025691949764749,89.89555634809142,1.0520439758122124,0.030626070661371105,0.006083534535151769,0.16108144602095714,0.06840203512446523,5.992288598198938e-17,0.010334670132589832,0.5128459748823747,6.706780345802854,0.1952412004662409,0.038782532661592484,701.0390946308831,2.8538798444341813,4.5525004927404895,0.23004655832095552,1.6403914677328362,0.09936623654989821,0.08492404650859087,0.016161773889836174,0.0003242235777471046,0.0007100950606302354,Harmonics,harmonics_047
7.216449660063518e-17,0.6976081151498018,0.6976081151498018,0.913243168352186,1.826486336704369,1.3091062854891968,-2.697923346303461e-16,-1.7166687358458574,622.9210653732598,50.0,0.9755017462703426,87.30047966533513,0.9516036569764879,0.017015561112043665,0.00469494655718668,0.1095671208040681,0.0707856422641655,3.5040380209558253e-17,0.009491272786129592,0.48775087313517157,6.066473313225112,0.10847420208927849,0.029930284302065076,624.1992532924894,2.6933882609794897,3.552504671865783,0.2032091134909633,1.3236649920382813,0.08925861471333355,0.06779302525705772,0.014439992867179728,0.0002566337682951488,0.0006317583618364072,Harmonics,harmonics_048
-1.1102230246251566e-17,0.7247618257276471,0.7247618257276471,0.8667583438335841,1.7335166876671673,1.1959216297880746,-5.832493916061408e-17,-1.8113280426826794,672.3580211610526,50.0,1.0010756486748518,82.12543700573103,1.0021524543697753,0.048150259899905845,0.00025669379446396803,0.20269526510512295,0.08405289646329724,5.4292391636149106e-17,0.010107329276360448,0.500537824337426,6.388721896607317,0.30695790686189994,0.0016364229397077905,672.430536976873,2.796165543092147,1.4049404277001143,0.12777935346451766,0.6720476593464496,0.06355152747238439,0.05291453081645059,0.012756568343921812,0.00017270574177941257,0.000518259979746983,Harmonics,harmonics_049
1.1102230246251566e-17,0.6884342581434958,0.6884342581434958,0.8803265043848646,1.7606530087697292,1.2787372126970655,3.4026933208859956e-17,-1.7710252619901674,606.6454115655494,50.0,0.9584858443554938,81.6329816316646,0.9186951138298638,0.028750176654108353,0.00043816508719924974,0.1450443622070251,0.08781975658168076,3.202191239219404e-17,0.009397537646471691,0.4792429221777469,5.856681350665379,0.18328237616994078,0.002793302430895211,608.0416175446542,2.6585943599783377,1.9420878444654481,0.15023602802025462,0.627773150024406,0.06143352010175593,0.04680576347991505,0.011997725823962715,0.0001572823953633894,0.000494577513523255,Harmonics,harmonics_050
-1.6653345369377347e-17,0.6985348801957183,0.6985348801957183,0.8939496219526226,1.7878992439052452,1.2797494402868939,-1.6286056750996628e-17,-1.7293685267548677,624.5772529280596,50.0,0.977814674546997,75.76908944329966,0.9561215377594496,0.019384599745466274,0.00039582019517704197,0.1257687237269114,0.05972292589592467,4.192322853951309e-17,0.00917210507467345,0.4889073372734988,6.095274803216494,0.12357682337734763,0.0025233537442536464,629.5494977231174,2.7047362374083788,1.5280006054900124,0.13326492166819756,0.42881554052918763,0.05076674335290899,0.037080770260784365,0.010678707647728268,0.00012517944369024768,0.0004412258201585546,Harmonics,harmonics_051
2.7755575615628914e-17,0.6940304749162353,0.6940304749162353,0.862232579718164,1.7244651594363263,1.2423555029352094,1.6605219157593482e-16,-1.8187902967596674,616.5482241439424,50.0,0.955841437955462,98.14478488886927,0.9136328545127652,0.044070244629847356,0.005653501082297826,0.1726869446484187,0.11937111785453522,4.301770621434888e-17,0.010256505950361542,0.4779207189777312,5.824409447518878,0.2809478095152771,0.0360410693996486,617.9768453285095,2.6795248610453815,6.137462717256151,0.26709984933504116,1.9140120960963902,0.10733054527736027,0.0986492466883139,0.017418848790134226,0.0003701024799103547,0.0007586738649388953,Harmonics,harmonics_052
1.0547118733938987e-16,0.7525984813894866,0.7525984813894866,1.0179082609220722,2.0358165218441444,1.352524999839761,-5.208950285310822e-17,-1.7521350628787316,724.9977269628946,50.0,1.0461260516748383,81.80238601432238,1.0943797159927864,0.03839003576412159,3.919662261514906e-05,0.148782494577986,0.12749041168367586,4.531802067420256e-17,0.010299687430629464,0.5230630258374194,6.9766706894540125,0.24473647799627524,0.0002498784691715713,726.2672156121432,2.9053347662520057,4.405902456824202,0.2263005763753341,0.8774984419464908,0.07263773969335269,0.056094237053651005,0.013134265916015445,0.00018774824111588757,0.0005403589557971667,Harmonics,harmonics_053
5.551115123125783e-17,0.7429668344668986,0.7429668344668986,0.8967093361075364,1.793418672215073,1.2069305041721625,-1.8272826048247061e-16,-1.8137539227530408,706.5596379107378,50.0,1.0258021083150308,85.93725267983707,1.0522699654235623,0.049966737403070935,0.00176273140889461,0.21061720373089798,0.07488077787822686,5.1731441012962493e-17,0.010490581278549667,0.5129010541575155,6.70822102957521,0.3185379509445772,0.011237412731703122,713.2551340891303,2.8785790038167756,3.3739772313924012,0.19804531807561943,0.8963742620481931,0.07342079307776239,0.0668995020259709,0.014343809173534859,0.0002348981911397992,0.0006044135346260766,Harmonics,harmonics_054
3.3306690738754695e-17,0.7500666718947222,0.7500666718947222,0.9212504535949203,1.84250090718984,1.228224754029595,-9.20828321419332e-17,-1.7807527259919513,720.1280157276478,50.0,1.042785822546299,80.6180976656825,1.0874022717035612,0.03712270671905725,0.0006750461518312706,0.17774024976111988,0.07437143493245221,5.565087324667259e-17,0.010239373314191039,0.5213929112731497,6.9321894821102035,0.2366572553339901,0.004303419217924334,726.7946691295307,2.9059277215562758,2.456111279106114,0.1689661543642109,0.6398311328185531,0.06201712684153346,0.05314771872894293,0.012784634926692719,0.00018109627823468193,0.0005307000922539295,Harmonics,harmonics_055
5.551115123125783e-18,0.6912365995605907,0.6912365995605907,0.8833469005918673,1.7666938011837345,1.2779226406010915,8.403690768255653e-17,-1.8073389518611416,611.5942868122733,50.0,0.9523291060004693,91.93084851936567,0.9069307261356531,0.04758161163190377,0.0011037353766200925,0.1708476563534172,0.1356196517856038,5.162654833768844e-17,0.010015650598748906,0.47616455300023486,5.781683379114789,0.3033327741533865,0.007036313025953065,609.3198586438536,2.661629094680741,4.057031289333933,0.21714821617783758,1.209254821185631,0.08528542622226085,0.0719382396056492,0.014874398364391857,0.000245628571813836,0.0006180640888390607,Harmonics,harmonics_056
-4.9960036108132046e-17,0.6961000810767054,0.6961000810767054,0.9121937473014634,1.824387494602926,1.310434766634707,-4.1143874801775094e-17,-1.6953564958619445,620.2308132799947,50.0,0.9773490716241158,71.54703798615739,0.955211207804521,0.013740783548835067,0.00015865439663607838,0.10494895990726508,0.05221589186462618,6.146204252071501e-17,0.008892323504567706,0.4886745358120579,6.08947144975382,0.08759749512382367,0.0010114217785549967,620.1795205967064,2.6853915299787787,0.7306683751816698,0.09214039055585123,0.348210081493882,0.04573868711634922,0.030197277360747368,0.009636686963330693,9.76067510075675e-05,0.0003896137217902776,Harmonics,harmonics_057
5.551115123125783e-17,0.7297978985989754,0.7297978985989754,0.9049827830308574,1.8099655660617142,1.2400457507029714,-1.3567380776549459e-16,-1.7726419231268107,681.7343651833347,50.0,1.0166099553567571,83.04890416304943,1.0334958013304678,0.029677811360297183,0.002036332908195425,0.15948585635776677,0.06513119822425323,4.6254662842893995e-17,0.009971726786455843,0.5083049776783788,6.588535733481733,0.18919604742189458,0.01298162228974582,684.148622370644,2.8199187838572546,2.2972868404032423,0.16341045593732348,0.8489575084721556,0.07145873774976172,0.05855723156564175,0.013419878201165797,0.00020659097212325335,0.0005668261621298242,Harmonics,harmonics_058
1.6653345369377347e-17,0.6887326637583758,0.6887326637583758,0.8979525188927248,1.7959050377854489,1.3037751309649583,3.398272405585852e-17,-1.7487490054652055,607.1714331234662,50.0,0.9561595060914184,95.09948965680985,0.9142410010889852,0.029938362545116316,0.004526000621314731,0.11917562857527016,0.12544134923862055,3.81397287371218e-17,0.009829860785187803,0.4780797530457093,5.828286381942279,0.1908570612251167,0.02885325396088141,603.939868485308,2.6495805378681885,6.292399694350331,0.27044900762867363,1.7115409202726881,0.10149405587830342,0.08522930067089227,0.01619080496928386,0.0003149692180714227,0.000699887110283882,Harmonics,harmonics_059
-4.4408920985006264e-17,0.7415589882676313,0.7415589882676313,0.9336249494782246,1.867249898956449,1.2590029441326345,-1.633519677664509e-16,-1.8013424237997666,703.8844583430565,50.0,1.0268516992598977,84.7910235457464,1.0544244122729394,0.044925929302392975,0.00046912458569334573,0.1812107598168688,0.10994812335363464,3.803411827179945e-17,0.010385037724678506,0.5134258496299491,6.721955628239988,0.28640279930275553,0.002990669233795068,706.4072880463972,2.865359872328365,3.003666959712936,0.18684433295779776,0.8609554234610747,0.07194680414550064,0.061919301836352615,0.013799458516703528,0.00020892857937605043,0.0005700241616352869,Harmonics,harmonics_060
4.4408920985006264e-17,0.7086139393711348,0.7086139393711348,0.8798395916282411,1.759679183256481,1.2416346091185,1.1700715611666288e-16,-1.7918992306926709,642.7311552909802,50.0,0.9827842038853442,86.69953303680184,0.9658647914065497,0.03698778196738676,0.0014148567682198778,0.16692904355917704,0.09551165574842232,6.674179122071074e-17,0.009944492132164336,0.49139210194267235,6.157388045216756,0.2357971100420907,0.00901971189740169,648.0879365459213,2.7439899011683266,3.292366318772979,0.19562401753688277,0.8889004732170214,0.07311796333420836,0.061879802006433116,0.013795236075514312,0.00021731479063254617,0.0005813517356728496,Harmonics,harmonics_061
2.2204460492503132e-17,0.7087531677513981,0.7087531677513981,0.8544627470010167,1.7089254940020329,1.205585789070536,1.6371350037625235e-16,-1.8207203281310214,642.9837475809809,50.0,0.9790309256707671,89.61309560030743,0.9585015534197591,0.04317886979721597,0.002981682378307945,0.19130383702146164,0.08112774949474445,5.221860714372626e-17,0.010124552679547193,0.4895154628353838,6.110447403050965,0.2752652949572518,0.01900822516171312,643.6655385363873,2.7353569324459066,2.8348339942943293,0.18152701135463487,1.1690186994095175,0.08386218338778507,0.07311269932604864,0.014995455483391769,0.00026063924305091686,0.0006366694236794147,Harmonics,harmonics_062
0.0,0.7320622372704014,0.7320622372704014,0.9382877592827683,1.8765755185655353,1.2817049036432018,-5.65973648614244e-17,-1.7808141205280579,685.9713526238022,50.0,1.0142725314680061,93.00299973753292,1.0287487680905174,0.03989645432696172,0.0031850160572116045,0.15116818277735466,0.13055510270668863,6.118811093471782e-17,0.010483967158533577,0.5071362657340033,6.558273396577048,0.25433989633438103,0.02030447736472393,686.0931514082755,2.8237203894012186,5.892068704923821,0.2617002953067107,1.5384326841454419,0.09621317432581139,0.08659828829781158,0.016320013155947107,0.000312552562881585,0.0006971972587686275,Harmonics,harmonics_063
-3.8857805861880476e-17,0.6986358665985,0.6986358665985,0.8934885314444502,1.7869770628888992,1.2789044682079735,0.0,-1.7555711958549833,624.7578548452313,50.0,0.9736267577278331,87.09285051859784,0.9479490633636127,0.025901309421135027,0.0023337754109264575,0.13134403385019425,0.09300566753211362,4.2608150326954123e-17,0.0096611288681025,0.48681337886391673,6.043175278943029,0.16512084755973594,0.014877818244656135,623.8941993232309,2.6932224478225404,2.81461992098829,0.18086892835501517,1.048375650609536,0.07941803248446702,0.0629141850622159,0.01391037510899037,0.00022268438462973947,0.0005884897368043863,Harmonics,harmonics_064
4.9960036108132046e-17,0.6940692158364735,0.6940692158364735,0.9786615269409054,1.9573230538818107,1.4100344815899073,4.150609687004724e-17,-1.67435910306876,616.6170577559774,50.0,0.9719890042735061,75.83358795793066,0.9447626244286018,0.018696431726336404,5.096588776366487e-06,0.0914019473737145,0.1016961933536803,6.475966799510086e-17,0.009049183779651939,0.48599450213675327,6.0228617307323375,0.11918975225539467,3.249075344933615e-05,618.2271596625471,2.6804906779941002,3.4074404638706004,0.19901467761822178,0.5617327933095946,0.05811509498965071,0.03655458490092164,0.010602671919512299,0.00012204915687506521,0.0004356742007542103,Harmonics,harmonics_065
1.6653345369377347e-17,0.7312130356983795,0.7312130356983795,0.9100284162824785,1.8200568325649558,1.2445462154706644,4.259608777915093e-17,-1.7775847246128416,684.3808045763068,50.0,1.0175909991815568,85.60019445199414,1.0354914416153191,0.0313925116306491,0.0024610539045118824,0.15893282572248169,0.0783126333264076,3.646430312678895e-17,0.010111980376327498,0.5087954995907784,6.601257940297654,0.20012726164538816,0.015689218641263228,684.561429656962,2.821080594050712,2.356777701280337,0.1655081317123711,1.0245776695130906,0.07850741258857903,0.06551536700761304,0.01419494585501042,0.00023122351477967903,0.0005996668924990027,Harmonics,harmonics_066
3.8857805861880476e-17,0.7174400731283468,0.7174400731283469,1.02648699694429,2.05297399388858,1.4307633980730057,1.428061618371635e-16,-1.682138626280785,658.8419309189219,50.0,0.9967042350133235,90.0761701628658,0.9934193320934944,0.03493318410023902,0.0010880008670818599,0.09678307875393426,0.1598944019256108,4.656647017576883e-17,0.009971833905747775,0.4983521175066621,6.333048242096028,0.22269904863902384,0.006936005527646864,652.3435884136741,2.7538299916633515,9.217188932538276,0.32732768829227393,1.3649984641111668,0.09062361456156476,0.07103973014795774,0.014781334392875562,0.0002472052349113351,0.0006200446239641927,Harmonics,harmonics_067
7.771561172376095e-17,0.6933117689339587,0.6933117689339586,0.8658936407410754,1.7317872814821498,1.2489239034139448,-3.331382596744499e-16,-1.821685447690925,615.2719474461886,50.0,0.9501929707873341,98.77552068692313,0.9028666817336596,0.05524321221813483,0.003252523932875618,0.18044686203589175,0.15060591688089375,6.576726662211652e-17,0.01037423762030003,0.4750964853936672,5.755775096052077,0.3521754778906098,0.020734840072081998,617.8626043303874,2.6788604403229916,7.968366426780924,0.3043451896221424,1.7345646450739223,0.10216523821467498,0.09548064816052335,0.017136519750252426,0.00034822188128209224,0.0007359058994612223,Harmonics,harmonics_068
-4.4408920985006264e-17,0.7265949204628268,0.7265949204628268,0.9273820061678992,1.8547640123357985,1.2763397872034374,-1.7365384663468217e-16,-1.8153463488714576,675.7634284062484,50.0,0.9963625754900013,91.26390429877694,0.9927383818370685,0.06272655752397924,0.0004154175237154229,0.19891481723918136,0.15218230188389945,4.558329432180329e-17,0.010603422391789935,0.4981812877450008,6.328707184211311,0.39988180421536795,0.0026482867136858102,680.1540325618677,2.8107674447611344,6.743007308165111,0.27996999475870554,1.2311086275720742,0.08604898734527065,0.07633215717336077,0.015321608663359444,0.0002630530719664085,0.0006396112437988642,Harmonics,harmonics_069
-5.551115123125783e-18,0.7029333194288763,0.7029333194288763,0.8478943406852213,1.6957886813704421,1.206223004726704,-5.593786541235625e-17,-1.8406423059252495,632.4675220010222,50.0,0.964245807228427,89.52955208518148,0.9297699767576009,0.05784125782813268,0.000619268540863841,0.20944668498765034,0.11820889973185877,3.043513361668032e-17,0.010207647277180765,0.48212290361421367,5.927283601829705,0.3687380186543462,0.003947836948006977,635.2303046142061,2.717009412744523,3.406376206941645,0.19898059913702731,0.9744358586917756,0.07654621879034404,0.06769063109351024,0.014428290482280346,0.00023024052251459452,0.0005983912116357351,Harmonics,harmonics_070
1.1102230246251566e-17,0.7195825421825341,0.7195825421825341,0.8829422161297621,1.7658844322595235,1.2270200628416053,1.2663603515686568e-16,-1.8252887215623537,662.7827648177646,50.0,0.9900066556417876,92.54403881882027,0.980113178215037,0.05368479045141031,0.0018001013613097871,0.19344078776958962,0.12753608147693302,3.701453323826538e-17,0.010491559118582901,0.49500332782089407,6.248221511120862,0.34224053912774094,0.011475646178349879,661.2458716916763,2.772733633916901,3.425501038947403,0.19952951016644468,1.325545493384433,0.08929315423871279,0.08084266238118515,0.015768168185808756,0.00027837198593219734,0.0006579710400984441,Harmonics,harmonics_071
1.1102230246251566e-17,0.7144491171744576,0.7144491171744576,0.9298469868961005,1.8596939737922007,1.301488047983331,3.0443621797601494e-17,-1.7886491208303121,653.3600525201432,50.0,0.9874367833627572,92.23574266021761,0.9750314011377887,0.044170504745765574,0.0016731761791696914,0.15658227194888663,0.14018736340016702,4.395848802661331e-17,0.010272177480502654,0.4937183916813788,6.215825182253403,0.2815869677542558,0.010666498142206778,653.4923084625,2.755781278565768,5.973891167222793,0.2635116994756652,1.3263810368047522,0.08932791650055043,0.07810766464771826,0.015499121319050483,0.0002749352057653267,0.0006538970749266098,Harmonics,harmonics_072
5.551115123125783e-18,0.7153061950198395,0.7153061950198395,0.9396731008373104,1.8793462016746199,1.3136655426421049,7.583580121008948e-18,-1.7364244012087564,654.9285793712136,50.0,0.9974530089187891,86.79345333455527,0.9949125050011459,0.026513486287422085,0.0018999139789530044,0.1226875883398882,0.10705719011240775,5.1921668818036735e-17,0.009851052636172529,0.49872650445939476,6.342567219382307,0.16902347508231594,0.01211195161582537,657.9568711033254,2.764989253753938,4.301573570834658,0.2236038914066661,1.0266897251055824,0.07859160155836813,0.06358609773330376,0.013984327579911075,0.00022702719626484295,0.0005942007686640612,Harmonics,harmonics_073
-1.6653345369377347e-17,0.7321479348400409,0.7321479348400409,1.0224427281931825,2.044885456386365,1.396497455688608,-4.950530646528809e-17,-1.7291589608341769,686.1319660678871,50.0,1.0160461145310458,86.66410976524797,1.032349706853635,0.03945631953724872,0.0002751705901899534,0.12844012141332192,0.15152377618241913,4.628190615326216e-17,0.010175180455573014,0.5080230572655232,6.581229381191923,0.2515340370499608,0.0017542125124609459,682.6433745667084,2.8170082557608254,6.807855675263051,0.2813066854643527,1.1461076067232268,0.08302806662744225,0.06465664202914162,0.014101376571061695,0.00021916085443610502,0.0005838157021287459,Harmonics,harmonics_074
2.2204460492503132e-17,0.7311019672687531,0.7311019672687531,0.8667634276502543,1.7335268553005068,1.1855575096961084,0.0,-1.8372772023247008,684.1729107766284,50.0,1.006005747623623,91.27668497055858,1.0120475642517648,0.05477405389327708,0.0021985549434398585,0.20739120420844454,0.10845709893892763,3.280672005285651e-17,0.0106104093138307,0.5030028738118117,6.451803222105003,0.3491845935696416,0.014015787764429083,685.8732998531177,2.8234420122357404,3.4119892065114166,0.19914376327849329,1.2362965726310926,0.08623442310945675,0.08062824358883858,0.0157471726710422,0.00028248941507547987,0.0006628194824397889,Harmonics,harmonics_075
8.881784197001253e-17,0.7192828992200163,0.7192828992200163,0.9545433438246301,1.9090866876492596,1.3270763768447729,-1.2679436537671968e-16,-1.7405407950825864,662.2308980612507,50.0,1.001016629329777,87.99583309857496,1.0020342921947483,0.031116190456761464,0.0015852955691952923,0.12797634525289647,0.12140117591058541,3.390357925149635e-17,0.010001627293420167,0.5005083146648884,6.387968612741513,0.19836571416185433,0.010106259253619979,659.2453297659989,2.768629797727191,4.037802474158535,0.2166350709104585,1.142732544762563,0.08291065753513598,0.06684383967582788,0.0143381651986382,0.0002304796685946579,0.0005987013820193314,Harmonics,harmonics_076
3.3306690738754695e-17,0.6918782267206246,0.6918782267206246,0.8799776962569129,1.7599553925138254,1.271867884073435,1.005639893946483e-16,-1.7876321173325147,612.7302151808973,50.0,0.959321821266746,90.79564062863511,0.9202983567585467,0.03211705795677347,0.0049755465048319635,0.16516210597599099,0.06955959104500971,4.2500806943466535e-17,0.009802954047672426,0.4796609106333731,5.866902024335735,0.204746244474431,0.03171910896830374,610.6011924393778,2.6644999997100083,3.006390510154739,0.18694671379663522,1.47588883612615,0.09424595175932775,0.0765569989737224,0.015344989932689228,0.0002819560991331401,0.0006621929068868118,Harmonics,harmonics_077
-1.6653345369377347e-17,0.7043284239454538,0.7043284239454538,0.9185418946610177,1.8370837893220329,1.3041386140776414,-1.588746433431284e-17,-1.7714330253988757,634.9805168351833,50.0,0.9709760660613413,100.47740420665714,0.9427945208639583,0.04365480406962266,0.005707732621393048,0.13955916817672293,0.15549290224136864,4.7174656958760515e-17,0.010399826930326138,0.48548803303067095,6.010315070507733,0.27829937594384463,0.036386795461380655,627.6289066249261,2.701329420870241,8.596220811612183,0.3161088225543208,2.313450337621599,0.11800100485918986,0.10798207959617574,0.018224385451449377,0.0003965921177141753,0.0007853544853395726,Harmonics,harmonics_078
3.3306690738754695e-17,0.739403809458181,0.739403809458181,0.887439007021382,1.7748780140427638,1.2002088651267266,1.9224861447623084e-16,-1.8081989351189702,699.7990316048256,50.0,1.0214916889264916,82.46359393750652,1.0434452705458963,0.04898725966389672,0.00100345667274662,0.2125682719793573,0.06166027417719373,3.0220580872819675e-17,0.010289904025816176,0.5107458444632461,6.651963599730092,0.3122937803573416,0.0063970362887596915,699.2488760469332,2.8513920543163938,1.9717971441147832,0.151400107471435,0.7225996898024319,0.06590596878755567,0.05702404805999395,0.013242805718199595,0.0001902591472974778,0.0005439599733614653,Harmonics,harmonics_079
3.3306690738754695e-17,0.7018131678784281,0.7018131678784281,0.8957012515885995,1.791402503177199,1.2762673779618816,1.5255951592509674e-16,-1.736055811131792,630.4534049376699,50.0,0.9815536745902838,80.39589966752722,0.9634476161016886,0.020048810300006072,0.001587018813414291,0.12828121243754168,0.059939476437155956,3.919756405132314e-17,0.009376835412149518,0.49077683729514215,6.1419785526482675,0.12781116566253875,0.010117244935516106,630.0601209308483,2.7066393507185316,1.4561882228511132,0.13009456376921302,0.7064833570130038,0.06518481721848389,0.04801084336193847,0.012151477581174004,0.00016614758105419676,0.0005083245188751344,Harmonics,harmonics_080
0.0,0.6908858012551622,0.6908858012551622,0.9570801502972255,1.914160300594451,1.3852942824372294,5.891548760278944e-17,-1.6991325780583753,610.973683681264,50.0,0.9658167863652057,80.47119188949344,0.9328020648248134,0.02159598919703244,0.00024832673012926965,0.10029755464759993,0.10740758692356953,5.866115176235821e-17,0.00921922724001479,0.48290839318260315,5.946613163258187,0.137674431131082,0.0015830829045741005,610.0384944934178,2.663066100394836,3.420725939748698,0.19939665642556698,0.6825261891845642,0.0640640035552026,0.04437689544018345,0.011682344251890183,0.00014901093589698625,0.00048139698894531093,Harmonics,harmonics_081
-3.8857805861880476e-17,0.6907075575797793,0.6907075575797793,0.9219651220884346,1.8439302441768692,1.3348125584692323,-3.369206313444448e-17,-1.7686155107908503,610.6584705252149,50.0,0.9576361803472608,83.46649826477707,0.9170670539100915,0.0370379855284573,4.8820757099349146e-05,0.1490877820868503,0.1216997073163331,5.107692973592115e-17,0.009576828332993809,0.47881809017363064,5.846302468676832,0.23611715774391556,0.00031123232650834623,609.0917081604086,2.661147419934262,3.1732730709503234,0.19204425531103375,0.8189979083673011,0.07017449994363296,0.050770641684171405,0.012495573169905443,0.0001676831689565116,0.0005106684866629413,Harmonics,harmonics_082
-2.7755575615628914e-17,0.7082551898162235,0.7082551898162235,0.9411973938307511,1.882394787661502,1.328895866013551,2.343700952739732e-17,-1.6821262720287702,642.0805297940669,50.0,0.994101862390427,79.31358154040954,0.9882385128081154,0.01361802191444941,0.001394293080664905,0.09005688176270508,0.0742144188256404,5.752586543299818e-17,0.009269096101180624,0.4970509311952136,6.300020519151735,0.08681488970461515,0.008888618389238752,643.2050204818862,2.7343781255227495,2.2285134666652895,0.1609359015524975,0.6873903623886032,0.06430091469263004,0.04602480841267298,0.011897474885977796,0.00016143225535237874,0.0005010595664258354,Harmonics,harmonics_083
4.9960036108132046e-17,0.7471667890516566,0.7471667890516566,1.0227728151605084,2.045545630321016,1.3688681431589014,-1.3308452390172166e-17,-1.6678295999658987,714.5705096470562,50.0,1.0490442178925323,75.66632688206181,1.1004937710937548,0.015660998234518886,0.0003616519952512895,0.09129525297805309,0.08559307809742664,5.068313122560308e-17,0.009650772860447314,0.5245221089462664,7.015647790722689,0.09983886374505796,0.002305531469726968,719.7215705618673,2.8918804826864863,2.722465267978847,0.17788335799345523,0.5464631136165494,0.057318004747850995,0.04161320532752613,0.011312601991886068,0.00014156713636039438,0.0004692190501763519,Harmonics,harmonics_084
-2.2204460492503132e-17,0.6832502023538518,0.6832502023538518,0.9453549949053592,1.890709989810718,1.3836146577741972,-1.305275512585263e-16,-1.7090697823751173,597.5434739412217,50.0,0.9514126574909856,86.94385193185292,0.9051860448340594,0.027659431286571085,0.0008162019125286223,0.10524952102882759,0.12877099677246218,5.548104636697514e-17,0.009410871495845108,0.47570632874549296,5.770561035817128,0.17632887445189074,0.0052032871923699524,593.6327364964635,2.6272187844016126,4.9878449094760064,0.24078190946653152,1.0003712256503812,0.07757304620465084,0.056926392352014354,0.013231755376205124,0.00019417391876964295,0.0005495275816900163,Harmonics,harmonics_085
6.106226635438361e-17,0.7411275994650376,0.7411275994650376,0.9396644141848259,1.8793288283696516,1.2678847945506668,-2.1136495059958812e-16,-1.750951582332974,703.0657519216759,50.0,1.0351867855746546,75.4435098271893,1.071611681028386,0.026761467377368835,0.00016708897186427715,0.14934208629401793,0.06677131598762252,6.833588305067576e-17,0.009800205254310312,0.5175933927873273,6.831524466555959,0.17060435453072625,0.0010651921956347594,703.6000084770267,2.8601900927002384,1.1440342427385513,0.11530295345741139,0.4840865253347778,0.05393125618799989,0.04124160077096095,0.011261880763338117,0.00013423092938804146,0.00045689946775314576,Harmonics,harmonics_086
4.4408920985006264e-17,0.7226600891345271,0.7226600891345271,0.9936516638610057,1.987303327722011,1.374991754490896,1.1031619825834123e-16,-1.67416525465623,668.4641336677408,50.0,1.0112223377042013,85.26265641386863,1.02257061627195,0.019980795846219493,0.0019237967376753392,0.0860204551036071,0.11216629239654759,5.4555161563708955e-17,0.009715272810473114,0.505611168852101,6.518887678733684,0.12737757351964935,0.012264204202680266,665.4525613888841,2.781516275465878,4.721257368339113,0.23425907652941097,1.0725347924971398,0.0803298194098089,0.06103117816067216,0.013700646736729341,0.0002150865466397586,0.0005783631637591139,Harmonics,harmonics_087
-4.4408920985006264e-17,0.6959839749005534,0.6959839749005534,0.9100647983396251,1.8201295966792501,1.3075944722266821,-1.9758945349583693e-16,-1.7171254485900702,620.023927447519,50.0,0.975060887440306,77.8339274916582,0.950743734215877,0.01740910230194433,0.0006345501189270773,0.11103760077275511,0.07127238958092104,3.897620297720462e-17,0.009167140744621669,0.4875304437201532,6.060991305626217,0.1109830271748953,0.004045257008160117,620.9803762256159,2.6868522044951852,1.5434525938711878,0.13392925099081057,0.5381192366401654,0.05687916598569991,0.04083643253475348,0.01120663359201613,0.00013812222149304191,0.00046347470993572773,Harmonics,harmonics_088
2.2204460492503132e-17,0.750922237564469,0.750922237564469,0.9426536948809952,1.8853073897619863,1.2553279790156835,9.176844599695718e-17,-1.7959162306353633,721.7717847921008,50.0,1.0402369920263141,92.9068543152995,1.082092999579954,0.040431495565635425,0.005243918592067984,0.1728090115444922,0.10280340993688382,4.605097263399118e-17,0.010761738909899727,0.5201184960131573,6.898342872322207,0.2577507842309261,0.03342998102443334,724.6954458356188,2.9018112797473665,5.11332435031525,0.24379680882234595,1.7328524562430012,0.10212035152889946,0.0948112267518621,0.01707653718715193,0.0003526789170048876,0.0007406003380478866,Harmonics,harmonics_089
-4.9960036108132046e-17,0.7144825507520624,0.7144825507520624,0.9714504039698955,1.942900807939791,1.3596558837525001,-1.4458690419082195e-16,-1.6918700434138243,653.4212036213419,50.0,1.0010877149270332,79.50239580971575,1.002176612977829,0.01816571167579809,0.0006283060047201598,0.09736277414338523,0.09319979553036714,4.355719941827818e-17,0.009431909437894242,0.5005438574635167,6.388875907733656,0.11580641193321302,0.004005450780091009,652.854393484203,2.75502199593162,2.635746477754465,0.17502368801250426,0.6702012142019481,0.06348328068561847,0.04587468456523186,0.01187792441637412,0.00015538166211146587,0.000491579878371277,Harmonics,harmonics_090
9.992007221626409e-17,0.7465445955066914,0.7465445955066914,0.9343865821543369,1.8687731643086734,1.2516152253689583,-1.867845723515212e-16,-1.794830493470224,713.3809063427194,50.0,1.0346833775011133,89.52595194943119,1.0705696916771112,0.0386161150996153,0.005471859383772433,0.18549007888238542,0.06488101213623089,5.691813797508831e-17,0.01053508903947614,0.5173416887505569,6.824881784441585,0.2461777337600476,0.03488310357154922,712.4938143577526,2.8779857877193207,3.759723711311475,0.20906416840875633,1.5836079370823835,0.09762377135197033,0.08541228090160893,0.01620809680529129,0.00031625672447824595,0.0007013161788937608,Harmonics,harmonics_091
2.2204460492503132e-17,0.7196386941371569,0.7196386941371569,0.9339721365795586,1.8679442731591152,1.297834794303395,1.1171152412404174e-16,-1.7583255189883158,662.8862081272734,50.0,0.998055989079892,96.24925111902046,0.9961157573382415,0.03387276885047018,0.0057711740101532485,0.13134138420851543,0.1289271485943178,4.9948929827578837e-17,0.010343354769882209,0.49902799453994623,6.350237953031289,0.21593890142174754,0.03679123431472696,658.3120725807686,2.7664620866063667,6.6150550229286,0.27729726167548774,2.0365022126865124,0.11071310654444591,0.09836166466587018,0.017393594176831905,0.0003648029761969898,0.0007532220026483268,Harmonics,harmonics_092
0.0,0.7369719274632476,0.7369719274632476,0.9046971346302844,1.809394269260567,1.227586968940786,-4.853951616806909e-17,-1.820381185358957,695.2033559921847,50.0,1.0169037430123635,93.09203131074237,1.034093222552555,0.04634435609376281,0.005817665091471154,0.1989520083424497,0.08223414418761002,4.258948132121249e-17,0.01065398073980398,0.508451871506182,6.592344293772538,0.29544527009773813,0.03708761495812858,695.6753875419165,2.84353295777933,4.336151453827906,0.22451468429712254,1.752107671512137,0.10268682224325104,0.09462123480822358,0.017059481993012438,0.0003516707192808465,0.000739540813846302,Harmonics,harmonics_093
1.6653345369377347e-17,0.7081165800304295,0.7081165800304295,0.9906158591451368,1.9812317182902732,1.3989445905943463,-1.0162002588755953e-16,-1.693087935627445,641.8292363699094,50.0,0.9895115363206379,79.60874948442927,0.9791330805116292,0.02363481008454021,9.029123181351923e-05,0.10261710170316704,0.11447506506913234,7.209692928332815e-17,0.009427177309617035,0.4947557681603193,6.241973388261638,0.150671914288944,0.0005756066028111773,643.216624673113,2.7340683089986646,4.275709759734208,0.222934309313327,0.6980528323955669,0.06478868153823457,0.044718909250617944,0.011727177252059219,0.00015088944779211326,0.00048442198578986886,Harmonics,harmonics_094
-5.551115123125783e-18,0.7352313391341326,0.7352313391341326,0.9697084166587008,1.9394168333174,1.318916054094468,7.681939669603373e-17,-1.705391174014264,691.9233562175616,50.0,1.0289142039868928,84.94878252015,1.0586644391659812,0.01978572347834118,0.002680081445617922,0.10534137909382404,0.09321436224612831,4.401245312547223e-17,0.009916584871106547,0.5144571019934465,6.748985799683127,0.12613398717442514,0.017085519215814252,690.4225861435897,2.8332093302394763,3.3443270406394747,0.19715736957533359,1.1077220272936117,0.08163876328999352,0.06412112626336955,0.014043237951974494,0.00022895590585984718,0.0005967190564638249,Harmonics,harmonics_095
0.0,0.7162945991160241,0.7162945991160241,0.9208126253090951,1.8416252506181898,1.285522222901276,-2.2656690052310978e-17,-1.7906982391838477,656.7397794851656,50.0,0.9919658592809502,83.73427665447949,0.9839962659789938,0.042003406986565184,0.00015623248001243295,0.17088926372146876,0.11313826289677371,5.036851832803775e-17,0.00998831538821751,0.4959829296404753,6.272976195616087,0.26777171953935325,0.00099598206007925,656.0830392010646,2.761910774785511,2.3659787471101197,0.16581893186935787,0.8149001214677818,0.06999366811537577,0.0551424500994571,0.013022438602972452,0.0001817565559423587,0.000531666543571113,Harmonics,harmonics_096
0.0,0.7151242210484968,0.7151242210484968,0.9261662673109706,1.8523325346219397,1.2951124294905776,6.830433772048295e-17,-1.745673639313722,654.5953939586808,50.0,0.9950693443867387,93.30941892171498,0.9901630001382539,0.027187316067300037,0.005454986854884665,0.12335128420380578,0.1094156147566332,4.336326361825071e-17,0.01009065214084312,0.49753467219336955,6.312289125881368,0.1733191399290378,0.03477554119988971,651.8276954251166,2.7527231083085617,5.326056980453858,0.24881665420928065,1.782548483644348,0.10358035974138409,0.08794774982266498,0.016447057642683928,0.00032796414180892634,0.0007141789910535701,Harmonics,harmonics_097
5.551115123125783e-18,0.7208309330864182,0.7208309330864182,0.9775467522486774,1.9550935044973543,1.356138738471877,1.0374759267750667e-16,-1.695144258779913,665.0844596406225,50.0,1.0039275982253586,93.33990698710838,1.007870622478537,0.02685175576740092,0.004472089942535562,0.09413316790173581,0.13412942431914235,4.2724661210117054e-17,0.010070262611779842,0.5019637991126794,6.4251752183006685,0.1711799430171811,0.028509573383664187,661.7716442722962,2.7733230377107625,8.082493212474413,0.30651623657823174,1.7528423811974836,0.10271286146384,0.08627294376560138,0.016289624002728393,0.0003206569020620544,0.0007061782433431553,Harmonics,harmonics_098
5.551115123125783e-17,0.7025615189811057,0.7025615189811057,0.8779942986249182,1.7559885972498335,1.249704509716082,8.003817220305213e-18,-1.8106594534509726,631.7986405798894,50.0,0.9686455293194578,97.64226367514092,0.9382741614705726,0.0436672213097362,0.005243993125768481,0.16705146713200267,0.1255429354395604,5.82577487775932e-17,0.010338413584403985,0.4843227646597291,5.981497779374899,0.2783785358495685,0.03343045617677401,628.5285824282587,2.7031701180153505,5.293784233375457,0.24805992224183696,1.9425652083403098,0.10812441506145046,0.09848811876643876,0.017404664603147175,0.0003607819898929147,0.0007490593878461355,Harmonics,harmonics_099
4.4408920985006264e-17,0.7103513160364238,0.7103513160364238,0.8639467390697949,1.7278934781395896,1.2162245913601986,6.194705395889838e-17,-1.8204476371152918,645.8867100091893,50.0,0.979504014049654,88.26094003129026,0.9594281135393848,0.046525419891830365,0.003244450958143334,0.20703812612311423,0.06050317531551391,5.390719022105088e-17,0.010108568973913651,0.4897520070248272,6.116354223813577,0.2965995518104187,0.020683374858163725,647.9319836802644,2.744114091684127,3.4519679445251352,0.20032734075155492,1.1110816585725778,0.08175903796899933,0.07076640306610285,0.014752855060530782,0.00025518731894211977,0.00062997560002796,Harmonics,harmonics_100
3.8857805861880476e-17,0.7430459470283124,0.7430459470283124,0.9219454559274846,1.843890911854969,1.2407650692577088,1.4207658976298603e-16,-1.8191366262859743,706.7101176258581,50.0,1.0227873713022604,92.0196497383841,1.046094006895388,0.05653853132521118,0.001602020569804364,0.19588369378040285,0.13478913100156314,6.502805081698343e-17,0.010802212753781399,0.5113936856511303,6.668849293958097,0.3604331371982215,0.010212881132502797,711.5567747767799,2.875080708395055,5.645614873539669,0.2561712616485317,1.3060778444943542,0.08863584485152941,0.08349202024505106,0.016024283057770188,0.00029369479040822373,0.0006758377433900881,Harmonics,harmonics_101
0.0,0.736963578583632,0.736963578583632,0.9595536402769452,1.919107280553889,1.3020367195347786,6.241007039602616e-17,-1.73862988128787,695.1876046832552,50.0,1.026785737563381,92.02307094553623,1.0542889508635764,0.026152969040257865,0.005788712413751892,0.12451783064631168,0.10319049806738172,5.726239508800328e-17,0.010314555462100165,0.5133928687816907,6.721092061755299,0.16672517763164402,0.036903041637668256,692.1009756183622,2.836607584866401,4.954874529596687,0.23999020315225317,1.8210827192550854,0.10469410172500553,0.08955933101972383,0.016597087167242137,0.00033383438383525154,0.0007205421031412375,Harmonics,harmonics_102
-5.551115123125783e-18,0.736117625960182,0.736117625960182,0.9972315144413568,1.9944630288827137,1.3547176147823203,6.262548430975898e-17,-1.6947269950709682,693.5925238390457,50.0,1.0298211841971736,83.72385301617777,1.060531671421269,0.021736548037382643,0.0014700990398571908,0.10135918465573376,0.10706476415379389,4.849642997018107e-17,0.009896023283646633,0.5149105920985869,6.760889405310589,0.1385704937383145,0.009371881379089588,696.5339486733618,2.844940579652086,4.454195691916957,0.22753598168151073,0.9276972428279675,0.07470384113561097,0.05863817978352591,0.013429157907775546,0.00020757803925960336,0.0005681787616479779,Harmonics,harmonics_103
6.106226635438361e-17,0.7392757266941059,0.7392757266941059,0.9572274206728352,1.9144548413456697,1.2948178684995801,-4.2591465869122055e-16,-1.7525664132986605,699.556608101246,50.0,1.0298432190800137,86.02894796315788,1.060577055885085,0.03082006869518611,0.001660075577925769,0.13984008671879053,0.1061358508783307,5.4777496113670896e-17,0.010205916137481673,0.5149216095400071,6.7611787312674165,0.1964779379318115,0.010582981809276783,703.9951444994523,2.860006422588505,4.06101601957073,0.21726084597583353,1.0005963105348472,0.07758136999347513,0.06545417900269587,0.014188162079912473,0.00023153975108283203,0.0006000771435038689,Harmonics,harmonics_104
3.3306690738754695e-17,0.6904487459175179,0.6904487459175179,0.8193026758359373,1.638605351671871,1.1866234542087588,2.1924477445933018e-16,-1.8296608841207458,610.2009225460138,50.0,0.9520368473684376,89.43509953961149,0.9063741587472338,0.045273981544543374,0.001790801186369097,0.19139920709750063,0.09295334887453728,2.9669466221604416e-17,0.00991245939762424,0.4760184236842191,5.778135262013617,0.28862163234646415,0.011416357563102986,611.6371227127596,2.6663444036042634,2.623455510254986,0.17462217042220876,0.9960193291207127,0.07739945728944705,0.06691458918859505,0.014345588790384027,0.00023334240929149706,0.000602408397028277,Harmonics,harmonics_105
-1.1102230246251566e-17,0.6830320862034528,0.6830320862034528,0.9598496348891304,1.9196992697782607,1.4052775181074255,6.097123073905703e-17,-1.6759793615579408,597.1620234028044,50.0,0.9533483568997101,86.77047470286978,0.908873089603377,0.022981043317497098,0.0012115286460077116,0.08437373705869092,0.12594489196568467,4.284894452721722e-17,0.009290496170480675,0.47667417844985527,5.794065946221529,0.14650415114904414,0.007723495118299142,593.6780596442205,2.627114920743701,5.79528917127978,0.2595450773897845,1.0180423134413044,0.07826099047080298,0.056939737344675,0.01323336854625144,0.00019884254829712671,0.0005560947069363994,Harmonics,harmonics_106
0.0,0.7133021357967629,0.7133021357967629,0.9574017424871849,1.9148034849743696,1.3422106768493256,8.412447180606748e-17,-1.7561973851793091,651.2639192732463,50.0,0.9915678193112234,79.99754046158773,0.983206740293615,0.0343928775633911,2.560074413253861e-07,0.14635782622407267,0.11389584832800204,5.747964421640113e-17,0.009707964849941788,0.49578390965561187,6.267942969371796,0.21925459446661835,1.6320474384489494e-06,650.2257741621169,2.749525539202418,2.794028121502353,0.18020218601898322,0.7428801566459409,0.06682961250928877,0.047029981473821404,0.012026351615727354,0.00015432587709325043,0.0004899071425305408,Harmonics,harmonics_107
1.6653345369377347e-17,0.7476555116114226,0.7476555116114226,0.9584284025782825,1.9168568051565633,1.2819117731256993,1.6602964125056357e-16,-1.7630188393073938,715.5056179749608,50.0,1.0407695903538423,88.80122294948698,1.0832013402053047,0.030042676349628136,0.004733511530943375,0.15332953171178249,0.08082531196768515,3.790478637990855e-17,0.010416472510684756,0.5203847951769215,6.90540854380882,0.1915220617288795,0.03017613600976403,713.3870621104862,2.8800590585086785,3.112459903840167,0.19020850782104567,1.511690155920665,0.09537871058088672,0.08093933874492874,0.015778004918702848,0.000294949407254146,0.0006772789288599655,Harmonics,harmonics_108
-1.6653345369377347e-17,0.7110799687058339,0.7110799687058338,0.9252990607619204,1.8505981215238403,1.301258791531794,-3.859800952174049e-17,-1.7599763967920596,647.2124440252027,50.0,0.9896359833962423,86.54888690255892,0.9793793796326474,0.03053848921764226,0.0013515749390898503,0.13658163498585854,0.10901351385141185,4.009350601897632e-17,0.009860425614995868,0.49481799169812124,6.2435435451581265,0.19468286876246965,0.008616290236697806,648.4788688541042,2.7453550523035077,3.6761418487222834,0.206706848410962,0.9616213347907077,0.07605352535927246,0.0618908755840535,0.013796568191377088,0.00021597468811468683,0.0005795563370369427,Harmonics,harmonics_109
3.3306690738754695e-17,0.7568210664864204,0.7568210664864204,0.9250963068039658,1.8501926136079276,1.2223448153967875,9.604214708918615e-17,-1.813730059340432,733.1560021473829,50.0,1.0462014363818863,90.05902000873101,1.094537445487522,0.048623603187604364,0.002395204680159701,0.19046745914500052,0.11111143143012747,5.042232104475808e-17,0.010827295777619457,0.5231007181909433,6.977676214982951,0.30997547032097783,0.015269429836018075,736.2981054358964,2.9251409510932507,4.034296716476944,0.21654531740939392,1.274285207026498,0.08755231251610093,0.08217351162804978,0.015897371165256597,0.000290705720848826,0.0006723896414895109,Harmonics,harmonics_110
5.551115123125783e-17,0.7505720394428614,0.7505720394428614,1.0384499536372944,2.076899907274589,1.3835446820091206,-9.189695651601625e-17,-1.6869547561343365,721.098734583573,50.0,1.048585320044233,85.66363654509902,1.0995311734122666,0.025684405202126517,0.0015011941724400995,0.09783405704146499,0.12693660813545435,7.274914457861956e-17,0.010171327382294617,0.5242926600221167,7.009511230503198,0.16373808316355665,0.009570112849305602,720.2634309599052,2.8933417195087556,6.001544913493956,0.2641211167096952,1.1173350682181027,0.08198716188845563,0.06592385812735425,0.01423908195434759,0.00023200234682356545,0.0006006761661166271,Harmonics,harmonics_111
0.0,0.7431281992444315,0.7431281992444315,1.0486762225650947,2.0973524451301895,1.4111646195500522,-4.0579833792883487e-17,-1.662772793642156,706.8665862557075,50.0,1.0418797992982343,75.56817038473449,1.085513516185729,0.01892377074546727,4.1754093346883446e-05,0.08974554025180474,0.10425693622190786,5.684331895995671e-17,0.009630573771384095,0.5209398996491174,6.920148665684022,0.12063903850235393,0.00026618234508638244,708.8380258151533,2.8702227082988094,3.6980520644772508,0.20732612593299815,0.6101592965802652,0.06056768769741795,0.041180356020053155,0.011253568091489299,0.0001377513263280415,0.0004628521965131534,Harmonics,harmonics_112
8.881784197001253e-17,0.7340008782597263,0.7340008782597263,0.9303131944222248,1.8606263888444472,1.2674551515887507,-1.8248780513482467e-16,-1.7627100169648156,689.6093302861434,50.0,1.0223678336574697,87.50416243430502,1.0452359872974677,0.027270368191182514,0.00500822308344915,0.15267970978255976,0.06292276545015991,5.4453955357298713e-17,0.010145264411645167,0.511183916828735,6.663379419021355,0.1738485972187884,0.031927422156988274,690.0861113948324,2.832193687224123,3.448097882858907,0.2002074976077244,1.4213674184787817,0.09248976886767707,0.07613591237651093,0.015302661222857816,0.0002842111595157404,0.0006648361308849831,Harmonics,harmonics_113
4.4408920985006264e-17,0.6936991615072204,0.6936991615072204,0.9350859341937556,1.8701718683875102,1.3479703970821,1.4134669272705332e-16,-1.699036306952638,615.9597141450505,50.0,0.9675004962289838,91.06753900689597,0.9360572102033299,0.022816409334630274,0.0035634338136811498,0.09481403387585557,0.11758702443219823,3.8075831142366603e-17,0.00960927177198653,0.48375024811449213,5.967364715046229,0.14545460950826816,0.02271689056221732,611.4355638855243,2.666308338290516,5.476437175370816,0.25230497958454984,1.4505334462449015,0.09343176716564962,0.07294848125719793,0.014978956356005301,0.00026460241299420916,0.0006414911577637855,Harmonics,harmonics_114
-3.8857805861880476e-17,0.734679804661612,0.734679804661612,1.0144474047820624,2.0288948095641244,1.3808020832258054,-7.699253481602771e-17,-1.7034594105375456,690.8856516833592,50.0,1.0251081160482873,84.74201879562442,1.0508466495880688,0.027847910745893642,0.0008142704212865415,0.1083479483342364,0.12691978899153308,4.1830214427699716e-17,0.009991560289507791,0.5125540580241438,6.699147391123937,0.17753043100507213,0.005190973935701704,687.592218335355,2.827454968559265,4.867101223895824,0.23784732358974925,1.008771955247843,0.0778947339680781,0.06024556617282133,0.013611973303555156,0.00020508262395356767,0.0005647529989555123,Harmonics,harmonics_115
-4.4408920985006264e-17,0.7176284039754952,0.7176284039754952,0.9207439108433992,1.841487821686798,1.2830371620485033,-6.008158286879265e-17,-1.7832316518581304,659.1878735262931,50.0,0.9949353941033132,90.19698587903535,0.9898964384395152,0.03398944431175654,0.00609516963356115,0.17505799252809107,0.05782857048026826,5.69804490740151e-17,0.01012320561623406,0.4974676970516569,6.310589795051912,0.2166827074874482,0.03885670641395232,656.493822424704,2.762797819896887,3.6514959717554776,0.20603815585764293,1.6588709494581606,0.0999221684754894,0.08273435668163498,0.01595215134749319,0.0003091308652044166,0.0006933698796166744,Harmonics,harmonics_116
-1.6653345369377347e-17,0.7272830207126283,0.7272830207126283,0.9637119227135789,1.9274238454271577,1.325085139163514,1.0101082738563605e-16,-1.695850893040593,677.0439580376133,50.0,1.0184526978585815,86.31458273585248,1.037245897775423,0.01576045137128631,0.004874835287061782,0.10139385696730896,0.07402524664315008,5.2757408994524957e-17,0.009796060636775858,0.5092263489292909,6.61244259831832,0.10047287749195026,0.031077074955018803,674.7151386352205,2.8008658495182757,3.3585590746998863,0.19758557888875156,1.4169974727524899,0.09235055585962906,0.07065613137327044,0.014741823240605923,0.00026330030786841187,0.0006399108758700304,Harmonics,harmonics_117
2.7755575615628914e-17,0.7328021867114544,0.7328021867114544,0.9027141134828969,1.8054282269657929,1.231866020395917,1.4106522448057756e-16,-1.8134787537808401,687.3587774068342,50.0,1.0103204660050848,87.30880982313977,1.0207474440287319,0.04981838793219006,0.0034322577372566973,0.2166681210101324,0.05360329532900645,2.874002010139685e-17,0.010381219814865613,0.5051602330025426,6.507264955683167,0.31759222306771184,0.021880643075011374,685.7650800276109,2.823680606125213,3.3379383397812328,0.19699642544235568,1.1714832838322051,0.08395033215779284,0.07290828270962173,0.014974505722303591,0.00025920599794643424,0.0006349163604100501,Harmonics,harmonics_118
2.7755575615628914e-17,0.745187333060086,0.745187333060086,0.9049768045066198,1.8099536090132395,1.2144285931285888,1.4756267765560628e-16,-1.821909835379521,710.7893265321006,50.0,1.027299702619143,91.49754732299593,1.0553446790013798,0.052515310471962444,0.0027483332330654514,0.20154167571406947,0.10906999322603492,4.312513723472385e-17,0.010777797826045321,0.5136498513095715,6.727822328633793,0.33478510425876074,0.017520624360792242,709.4994582505435,2.872178257645859,2.850529298377101,0.1820171334856845,1.3880293431454476,0.09137685561716914,0.08482548680541761,0.016152010382535765,0.0002955990731421969,0.000678024626751025,Harmonics,harmonics_119
2.2204460492503132e-17,0.7419232321387003,0.7419232321387003,0.9298505422473969,1.859701084494792,1.2532975137679891,1.0874099674954131e-16,-1.796159914529032,704.5761054555337,50.0,1.0283012835456842,90.07920213226326,1.0574035297417015,0.038823657691424075,0.0046729773411457514,0.18052081999228903,0.07896765946091891,4.629630090658306e-17,0.010512782495412012,0.5141506417728423,6.740947502103348,0.2475008177828287,0.029790230549804106,708.3871761475493,2.868972389535171,4.119340183754271,0.2188261851652103,1.4617942041532892,0.09379113203946997,0.08364654096866857,0.016039544048592952,0.00031013070219795347,0.0006944909196831017,Harmonics,harmonics_120
0.0,0.6794958807203745,0.6794958807203745,0.888525194635343,1.777050389270686,1.307624107584076,-2.654061660458092e-17,-1.7063864285950665,590.9947544524255,50.0,0.9520786824475842,81.6831513783809,0.9064538175711279,0.015172591168332038,0.0018028950924551827,0.10097659657692279,0.07054302312825432,3.5457495771381654e-17,0.009039215614788057,0.47603934122379216,5.77864308701594,0.0967252686981168,0.011493456214401792,590.2574048320439,2.619715801595953,1.8837325255368678,0.14796435465845936,0.7630142841787831,0.0677500394969438,0.0476528173658102,0.012106193606059657,0.0001675826483185805,0.0005105150257168691,Harmonics,harmonics_121
-2.7755575615628914e-17,0.7511899201601924,0.7511899201601924,0.9339137673398137,1.8678275346796265,1.2432458720151782,1.8334075467097775e-16,-1.8204014849246188,722.2864590723534,50.0,1.034618152934499,93.06461341157967,1.0704347223815946,0.052249817931667435,0.005888051987290692,0.2138662381075088,0.08069107837555392,3.5275545859906857e-17,0.010898520252270867,0.5173090764672497,6.824021355182662,0.33309258931438,0.03753633141897816,719.7911661631197,2.8929287459323887,3.777618466439924,0.20956017342451372,1.8272903313685105,0.10486362642696354,0.09777814403716548,0.01734176310517679,0.0003571090214991104,0.0007452366570177123,Harmonics,harmonics_122
-4.9960036108132046e-17,0.7468637856345663,0.7468637856345663,0.9468242661731224,1.8936485323462444,1.2677335337224762,6.662328360784877e-18,-1.7710154141047745,713.9910582942663,50.0,1.0387681176590005,89.96625075406074,1.079039202264823,0.03231553995246767,0.004256286367500892,0.15165513444666587,0.09652077573471617,4.384563986452266e-17,0.010482048436546003,0.5193840588295003,6.878874914438244,0.20601156719698166,0.027133825592818156,712.5869225426186,2.878274653457951,3.657911812083149,0.20619766725542057,1.50732420560167,0.09523851699099592,0.08314026620311088,0.01599100253816215,0.0003018913606758115,0.0006852030277489833,Harmonics,harmonics_123
3.3306690738754695e-17,0.7476585454119021,0.7476585454119021,0.9631652284394647,1.926330456878929,1.2882421184760844,0.0,-1.8095190124868037,715.5114246751249,50.0,1.0293079432695023,88.54544918510835,1.059474842077693,0.05822519480133137,0.00028656417585832546,0.1929692168947882,0.14487262036818263,7.929585584093312e-17,0.010729286721308406,0.5146539716347515,6.754152118245294,0.3711856168584877,0.0018268466210968018,717.883910126559,2.8882260653066254,5.462582461410876,0.25198368695263945,1.1504351405015223,0.08317672965078483,0.07303339205426267,0.014986857145731808,0.0002481427512035618,0.0006212196330477684,Harmonics,harmonics_124
4.9960036108132046e-17,0.6875989112948551,0.6875989112948551,0.8246368184341608,1.6492736368683207,1.1992991915592812,2.4759547037878325e-16,-1.7942667170792967,605.1740964017536,50.0,0.9542066442053059,80.12149297712405,0.9105103198455512,0.03426598895173541,0.0008082168304530192,0.17800142156943932,0.05080829529706893,2.6980365605208415e-17,0.009391050508972452,0.4771033221026532,5.804503289015392,0.21844567956731342,0.0051523822941379905,605.9990588082094,2.654246798410093,1.7639901749746207,0.14320034721658403,0.5457400925817784,0.057275025189293755,0.04485956356799113,0.011745637431737682,0.00015111758274819823,0.0004847879000765323,Harmonics,harmonics_125
8.881784197001253e-17,0.734170751577908,0.734170751577908,0.9182733283149114,1.836546656629821,1.2507626139288064,-1.4729170752189566e-16,-1.817822790568209,689.928566364762,50.0,1.0115516694758155,93.25712443069416,1.0232367800193096,0.04844962840464733,0.006326976520984593,0.20737109630055928,0.07380282395512724,3.4719702589791715e-17,0.010637735532130117,0.5057758347379078,6.523134472623095,0.3088663810796268,0.04033447532127673,687.3416943319395,2.8269266806695907,3.9889035623307403,0.21534412803255437,1.8458684907745813,0.10539958802415357,0.09564323348632461,0.017151468291156095,0.0003534803270104574,0.0007414407173454555,Harmonics,harmonics_126
3.3306690738754695e-17,0.730708048101574,0.730708048101574,0.9537152379739428,1.907430475947885,1.3051932854037265,7.825484785594024e-17,-1.7831182602723843,683.4358419973275,50.0,1.0104748713295595,89.97494940199716,1.0210594655884897,0.04576981211630192,0.0010392254160333033,0.16258498462073318,0.13905371225601235,5.115791760666651e-17,0.010421322384092718,0.5052374356647797,6.509254093126616,0.291782552241425,0.006625062027212275,680.5129564921403,2.812891986672348,4.421832981655873,0.22670083792801787,1.246033908726238,0.08657155450628506,0.07406592644907567,0.015092753385729525,0.0002516048259153328,0.0006255377749801885,Harmonics,harmonics_127
-1.6653345369377347e-17,0.7187532266003982,0.7187532266003982,0.9146394975150808,1.8292789950301604,1.2725361969363598,-1.7939984283086943e-16,-1.7819909422725446,661.2559369580587,50.0,0.9944835759281861,97.62999671830453,0.9889975827909124,0.03784919491598118,0.0063656237900730885,0.1460500008228236,0.1285246753570473,5.622440303973492e-17,0.010456148151254297,0.49724178796409335,6.304859590292068,0.24128861758938025,0.040580851661715885,659.2984868429096,2.7680740768133707,7.081972715697254,0.28691692083268333,2.1350748504537203,0.11336290595151556,0.10416350713978827,0.017899197850055778,0.0003916836324381916,0.0007804798788856333,Harmonics,harmonics_128
1.1102230246251566e-17,0.7116068060885529,0.7116068060885529,0.9592783383798112,1.9185566767596216,1.3480454798504133,1.3094197293947513e-16,-1.7426294505371287,648.1718354835857,50.0,0.9850297842248767,94.46921215075534,0.9702836758101072,0.039965210118653074,0.002519607014342666,0.12819609020025124,0.15339808530754911,3.987726920902001e-17,0.01020790423985491,0.49251489211243854,6.185558433289431,0.2547782145064136,0.016062494716434485,641.8619231839378,2.7318690452526764,7.324396336822742,0.29178383281011694,1.6475259857162898,0.09956626030157893,0.08448425265477064,0.016119694912831856,0.000297157137025951,0.0006798089836481267,Harmonics,harmonics_129
-2.2204460492503132e-17,0.7176694637097254,0.7176694637097254,0.9757176648385948,1.9514353296771891,1.3595641366620583,-9.761581568131794e-17,-1.6702354679594853,659.2633077009982,50.0,1.002035518596547,92.42554543358492,1.004075180529051,0.020431603792599225,0.005592133961159822,0.08042855468097285,0.11816450983492881,4.999707624873298e-17,0.009886892675938962,0.5010177592982735,6.400979275872697,0.13025147417782035,0.035649854002393816,657.9521822906813,2.765056927643153,7.5782188610814245,0.29680014676343947,1.796810726147067,0.10399982733347539,0.08476384796580125,0.016146661743110788,0.0003234474139961816,0.0007092444279830503,Harmonics,harmonics_130
4.4408920985006264e-17,0.7406219406965316,0.7406219406965316,0.9835923243214866,1.9671846486429732,1.3280626325964917,9.56507881542364e-17,-1.763142347169862,702.1066995726039,50.0,1.0287859952033873,81.12622816686924,1.0584006239266242,0.038618879645432,2.2214510137937885e-05,0.15711643310423734,0.11803942601535182,4.5443892821911487e-17,0.010144613034650042,0.5143929976016938,6.747303977532227,0.24619535773962917,0.00014161750212935366,705.7697966637949,2.8637578424567987,3.8974940595656045,0.2128458810574614,0.7850500624593397,0.06870151888817308,0.05265776829491023,0.01272551082415563,0.00017637538439335842,0.0005237372158573635,Harmonics,harmonics_131
5.551115123125783e-18,0.7082336289597517,0.7082336289597517,0.9155980065072788,1.8311960130145577,1.2927909224683523,1.5626100054094948e-17,-1.821136068521009,642.0414376825591,50.0,0.9701551697174393,89.52185582398332,0.9412010533294735,0.06192240940610862,6.628364341652392e-05,0.19760798119306616,0.15123985974242843,4.778683232378797e-17,0.010287941762692513,0.4850775848587199,6.000156714975393,0.3947553599639426,0.0004225582267803346,641.7629953159939,2.7311136106977156,5.234247379609598,0.24665945246292167,1.165175317224163,0.08370882466423439,0.06876736418670704,0.014542569215705054,0.0002312132288743841,0.0005996539679649656,Harmonics,harmonics_132
-3.3306690738754695e-17,0.7418416274809223,0.7418416274809223,1.0029843439469268,2.0059686878938536,1.3520194968721517,-6.798555383764999e-17,-1.6603051092713614,704.4211203373357,50.0,1.0439720248022804,66.82429854733566,1.0898775885697731,0.010776428669834906,3.983287479463483e-06,0.08984355939902369,0.052005418028788185,5.432442996050037e-17,0.009207882323462297,0.5219860124011402,6.9479696271323,0.06869973277019754,2.5393457681578995e-05,704.3527713116428,2.861827898541476,0.7704992590869266,0.09461699664467754,0.31116279102719324,0.04323074942308521,0.02731972280574054,0.009165921120750826,8.693131520028671e-05,0.0003676906315303855,Harmonics,harmonics_133
0.0,0.7200279201421793,0.7200279201421793,0.9056934144765084,1.8113868289530168,1.2578587428893162,-8.922436648328695e-17,-1.7789994331332506,663.6034634038689,50.0,1.0011270239436036,87.56181409413897,1.0022553180701768,0.031212536064805667,0.003412557433563059,0.1595965597069708,0.07577251608931154,3.9422590257049534e-17,0.010038086810476668,0.5005635119718019,6.389377652697374,0.1989799174131362,0.021755053638964485,667.2116530197178,2.7844357870984857,3.298451457522017,0.19580849449561769,1.1615236572762129,0.08359999664177802,0.07006510425807358,0.014679659617457706,0.0002562073036570497,0.0006312333875431684,Harmonics,harmonics_134
4.4408920985006264e-17,0.7534976365732269,0.7534976365732269,0.9128875122396858,1.8257750244793713,1.2115333452008212,-9.083068529305934e-17,-1.79338020813105,726.7311210514415,50.0,1.044963538817675,76.81447779131615,1.0919487974583586,0.043538682006140986,2.9897178377809023e-05,0.19652470259045465,0.07011935023853498,2.837346707487086e-17,0.010209886999056818,0.5224817694088376,6.961173583797038,0.277559097789149,0.0001905945121585308,731.0751606888051,2.9148625396615992,2.0983515855944983,0.1561809156048006,0.5137209689447977,0.05555345867051845,0.04541679588398405,0.011818028618630499,0.00014855135303033402,0.00048065423354978797,Harmonics,harmonics_135
1.1102230246251566e-17,0.7367468103119388,0.7367468103119388,0.87959266687171,1.7591853337434187,1.1938873091260434,9.716804867083867e-17,-1.8216127823674986,694.7787040061644,50.0,1.0155953110124685,86.9024955749327,1.0314338357505126,0.05264524988884181,0.0015126393702769828,0.21330810155724755,0.08452753219445591,4.706382590622557e-17,0.010483128755816407,0.5077976555062345,6.5753907029095195,0.3356134680413668,0.009643075985515746,694.3330695257314,2.8413420326011836,1.9175433377699522,0.14928992559568946,0.9650587327556176,0.07617725873473001,0.06821356746570946,0.01448409914116542,0.0002312029156470011,0.0005996401758716151,Harmonics,harmonics_136
9.992007221626409e-17,0.7461625600770293,0.7461625600770293,0.9285214460853136,1.857042892170627,1.2443956528564155,1.3362258608758057e-17,-1.8275490965540129,712.6509645577042,50.0,1.024169036504512,86.8313583763911,1.0489222153345803,0.06450560544099145,8.931134584100369e-05,0.21703321162258585,0.1319173623666624,4.643866903741609e-17,0.010717597507876762,0.5120845182522563,6.686879122757949,0.41122323468632044,0.000569359829736392,712.2643737921536,2.8776458492929375,2.977815346138547,0.1860313147370746,1.0454149577364462,0.07927910015994497,0.06843241392563978,0.01450706028233565,0.00022575232564243767,0.0005925301378961408,Harmonics,harmonics_137
-3.3306690738754695e-17,0.7124153909443985,0.7124153909443985,0.9092274737097051,1.8184549474194092,1.2762602903667346,0.0,-1.725553525892426,649.6456822457089,50.0,0.997533345138331,80.19604671509306,0.9950727746628687,0.018320607419651615,0.001677996426399956,0.11976081428701515,0.06307102964882279,4.572420268408521e-17,0.009467663129854718,0.4987666725691657,6.34358893847579,0.11679387230027918,0.010697227218299675,651.4243833204448,2.7517617609926925,1.8774899216348122,0.14772050124612118,0.7167425378909453,0.0656589338515034,0.049150203803327984,0.012294794127381905,0.0001730008319943838,0.0005187024514108143,Harmonics,harmonics_138
1.1102230246251566e-17,0.6956468098028495,0.6956468098028495,1.0055592190860498,2.0111184381720992,1.4455025235716754,-4.9469223721501504e-17,-1.6917879649318315,619.4233395057688,50.0,0.9665633081012348,83.54660662995178,0.9342446285676026,0.0335999430557892,4.396354372496509e-06,0.10733382722415379,0.14859136108537638,4.923965558758136e-17,0.009492908875462667,0.48328165405061757,5.955809507118463,0.21419963698065636,2.8026759124664637e-05,616.0692208332396,2.675965093668875,7.25830435753947,0.29047140161049473,0.9978835281501117,0.07747472401951708,0.051785437752846025,0.01261989658761389,0.00017519919778405068,0.0005219879219343163,Harmonics,harmonics_139
-5.551115123125783e-18,0.7303612278157899,0.7303612278157899,0.9301352556529631,1.860270511305926,1.273527701399678,0.0,-1.8237280485973442,682.787229563633,50.0,1.0021997387045736,91.6010094830996,1.0044043162595155,0.06186218769744602,0.0005885422362149002,0.1978827350853964,0.15068049260793134,5.623806005036228e-17,0.01065909190581198,0.501099869352287,6.403077516154411,0.39437144657121864,0.0037519567558699646,681.1864722357279,2.814048467455801,4.833378956438034,0.23701817076032616,1.3055103256874743,0.08860952477914569,0.0790699777546244,0.015594120191143859,0.0002674394614926214,0.0006449216576916545,Harmonics,harmonics_140
2.7755575615628914e-17,0.7003583188969105,0.7003583188969105,0.8485510539092657,1.697102107818531,1.2115955947300698,-4.847754454405862e-17,-1.826603919050144,627.8422718055764,50.0,0.965424362209507,92.51163542631403,0.9320441991476334,0.04622702871344786,0.0027323218351316845,0.18644141033224107,0.10708234787663547,5.4313150780704165e-17,0.010164494080457297,0.4827121811047539,5.941781769566164,0.29469730804823036,0.01741855169896443,630.5006992911832,2.706766039276799,3.950960441834486,0.21429950040587722,1.2704297102452264,0.08742547296707645,0.07827519974121738,0.015515802586962677,0.0002803773258754357,0.0006603370176152232,Harmonics,harmonics_141
3.3306690738754695e-17,0.7088485362331147,0.7088485362331147,0.95578438442948,1.9115687688589595,1.348361935692576,9.351281784183589e-17,-1.7120862632726415,643.1567965693816,50.0,0.9859339033963392,93.86697712888022,0.972065661866342,0.028791206939989464,0.004075625833327988,0.10198158538125088,0.1356132854226167,4.203865563400969e-17,0.00997960777202317,0.4929669516981697,6.196918594397927,0.18354394424243295,0.025982114687465915,638.7503105827584,2.724882948974231,7.568079802472555,0.2966011286949828,1.7071125417135669,0.10136163550597072,0.08476006615201113,0.016146141795420912,0.0003113871750478006,0.0006958959623833344,Harmonics,harmonics_142
3.3306690738754695e-17,0.7417407169619363,0.7417407169619363,0.9806646534790016,1.9613293069580024,1.3221124727982325,1.4962927101671903e-16,-1.7768711288280428,704.2294927349853,50.0,1.0246600964055121,90.58945556168582,1.0499283131657535,0.049527358216348946,0.000902911016311983,0.1633762130203514,0.15111443093059546,5.306637138174091e-17,0.010613947427339314,0.5123300482027563,6.69329299643168,0.3157369086292247,0.005756057728988873,700.2170114930893,2.8533585424430568,5.30016558378814,0.24819968598335182,1.355070029914184,0.09028103869498183,0.07779554799311723,0.015468099585541868,0.0002632277905883784,0.000639823098080703,Harmonics,harmonics_143
-5.551115123125783e-17,0.7466936199075873,0.7466936199075873,0.9050244117247566,1.8100488234495122,1.2120425132808188,1.0000326418351251e-16,-1.7861923108676019,713.6657433736916,50.0,1.0375023318773955,78.94555049438435,1.0764110886510332,0.038268855924318515,0.0004227794460411743,0.18394850074778699,0.06657180331762033,5.71224566777272e-17,0.010144063854222432,0.518751165938698,6.8621206901503395,0.2439639565175308,0.0026952189685124804,713.8836156590695,2.8810422025350952,1.408583674484231,0.12795174937628942,0.5877096576790521,0.05942819734397817,0.0492466472393505,0.01230649790860158,0.00016163085071758224,0.0005013677701989832,Harmonics,harmonics_144
1.1102230246251566e-17,0.736865666502089,0.736865666502089,0.9451282448256847,1.8902564896513692,1.2826330331157079,-1.1793268745978935e-16,-1.7615067242996933,695.0028934010467,50.0,1.0275233252193217,78.33684120427645,1.0558041838697718,0.029929758877000046,0.00020807819236397915,0.1514924884435855,0.08354510651241136,3.4767007303150095e-17,0.00989911500662749,0.5137616626096608,6.730751672169792,0.19080221284087553,0.00132649847632036,696.9717762303886,2.8463912298671574,1.7743774118642683,0.14360168616048136,0.5811042819022326,0.059097414829353476,0.04634178422218353,0.011937983853938816,0.00015339758277197122,0.0004884314638100997,Harmonics,harmonics_145
-5.551115123125783e-18,0.7206675604133039,0.7206675604133039,0.951502365444617,1.9030047308892337,1.320306917793842,-7.415583304400922e-18,-1.698691423609126,664.7830177690407,50.0,1.011359393771611,74.41438566734706,1.0228478233700804,0.0155165830440371,0.0003590588500084648,0.10614447047377051,0.06519152116556233,4.413519967623531e-17,0.009315071578768522,0.5056796968858056,6.520654873984263,0.0989182169057366,0.0022890001688039554,664.9510252188921,2.7805460610253503,1.161619563160515,0.11618198243179163,0.46110800751018427,0.052643746417207815,0.03722795899662436,0.010699965353570349,0.0001229916896938912,0.00043735305194995576,Harmonics,harmonics_146
5.551115123125783e-18,0.6857582493643635,0.6857582493643635,0.8892784185168693,1.778556837033738,1.2967812189497596,3.4426835769914675e-17,-1.763633676865816,601.938402011234,50.0,0.9529832108012982,89.79198685398376,0.9081770000691516,0.0302916058482826,0.002060147225118369,0.13208052594075217,0.11334169804399832,3.84576893490146e-17,0.00964181612021076,0.47649160540064944,5.789628375440847,0.1931089872828018,0.01313343856012957,600.3048594957828,2.641768348369872,3.852114753616974,0.21159698043408168,1.141019183583193,0.08285316292098095,0.06649440296327219,0.014300682791313083,0.00023427488189317608,0.0006036106454481112,Harmonics,harmonics_147
1.1102230246251566e-17,0.7369765660034753,0.7369765660034753,0.9875491266769783,1.9750982533539552,1.3400007167541084,4.853859964877259e-17,-1.6712103814977701,695.2121073129917,50.0,1.0328737539193713,86.56637575074735,1.066828191535494,0.014508037506668108,0.004932688634387314,0.0857217985680343,0.08461566496181105,4.1780358442647725e-17,0.009871661392064125,0.5164368769596859,6.801029721038776,0.09248873910500935,0.03144589004421908,692.3761148449759,2.8372500382209047,4.117203977787325,0.21876512112362897,1.4777045323850055,0.09430909098034702,0.07261799946419961,0.014945104487811384,0.00027119835787780275,0.00064943748181821,Harmonics,harmonics_148
3.8857805861880476e-17,0.7478228570485386,0.7478228570485386,1.0005104627359627,2.0010209254719253,1.3378976763071648,1.5264474899080567e-16,-1.7479738422754862,715.8259526710258,50.0,1.0411987647571481,78.82566146548372,1.084094867731811,0.03438055664557893,2.6266710877221774e-06,0.14851028752727424,0.11101914764645449,4.8913063322026244e-17,0.010095727912653573,0.5205993823785743,6.911104781790295,0.21917604861556586,1.674502818422873e-05,714.5933061183597,2.882502755835326,2.478675320410908,0.1697228637621703,0.7463577464673934,0.06698259763327367,0.048881539896988596,0.012260801061617827,0.0001593036906247134,0.0004977454431900593,Harmonics,harmonics_149
2.7755575615628914e-17,0.7419505831086929,0.7419505831086929,0.9536777053324695,1.9073554106649389,1.2853655311319758,6.795560714925956e-17,-1.7564508512929413,704.6280547524216,50.0,1.0342242247921163,78.22533601390076,1.0696197471468538,0.031219544294382777,0.00014204410942249174,0.15391718009629915,0.086770075288582,4.699343996523588e-17,0.009975424078382734,0.5171121123960583,6.818825888061189,0.19902459487669028,0.0009055311975683745,710.8184395998726,2.873843838713619,2.444652331706803,0.16856748157539334,0.5721589556699572,0.05864145389422138,0.046213521720155804,0.011921371190977803,0.00015464422410499802,0.000490412238715953,Harmonics,harmonics_150
4.4408920985006264e-17,0.7243456550020383,0.7243456550020383,0.9426104967720219,1.8852209935440434,1.3013269152115894,2.3370211285148703e-16,-1.751589508791277,671.5860837380249,50.0,1.0084063342696052,91.42628795818362,1.0168833349950628,0.02645618029177706,0.006013740553824458,0.13806559138267643,0.08598879443234962,3.88151982130528e-17,0.010155108768841344,0.5042031671348027,6.4826312605935215,0.1686581493600789,0.03833759603063086,668.4377750306301,2.7878543038945427,3.8356484970930245,0.21115645805086286,1.768268740032152,0.10316520054124474,0.08595020884911972,0.0162592750928761,0.00032015484941250595,0.0007056246374243731,Harmonics,harmonics_151
-2.2204460492503132e-17,0.705319887807782,0.705319887807782,0.8645376394122772,1.7290752788245527,1.225738355539835,-9.492335840937028e-17,-1.836144064132632,636.7694644955932,50.0,0.9674916952770722,94.0559095199305,0.9360401804301032,0.05366319347708542,0.0052489143671762654,0.21886534462214371,0.07590226874419295,3.4000832627533715e-17,0.010346579072936617,0.4837458476385362,5.967256150241905,0.34210285841641974,0.033461829090748685,634.7715694312233,2.716642644999,3.630500599444275,0.20544139796606006,1.643059163195114,0.0994357060482656,0.08957904475833878,0.01659871509986519,0.00032692351187458787,0.0007130449922118725,Harmonics,harmonics_152
-1.1102230246251566e-17,0.7063694522042434,0.7063694522042434,0.8957981617163592,1.7915963234327184,1.2681722842341647,4.7250429517061986e-17,-1.8000018827178854,638.6659878493733,50.0,0.9778616559208173,84.96692260501831,0.9562134181202029,0.041340167604511216,0.00036202028993196587,0.17163979527905743,0.10899517549448909,5.320697231570338e-17,0.009903282616162183,0.4889308279604088,6.095860540516293,0.26354356847875915,0.0023078793483162626,640.9527328460473,2.729349464028227,2.9501039730644596,0.18517197052157508,0.7985568242598733,0.06929120568816666,0.05650502476828173,0.013182334011807063,0.00019057412794569453,0.0005444102838220921,Harmonics,harmonics_153
7.216449660063518e-17,0.7462484446478493,0.7462484446478493,0.9365420754816802,1.8730841509633582,1.2550003717895513,-2.0704350703447532e-16,-1.7992770289661246,712.8150286583478,50.0,1.0328496948267918,90.26018985407589,1.0667784921037968,0.04221243361284441,0.004782556562027665,0.1906578575683801,0.07656379666839737,5.587813090121845e-17,0.010614165733471997,0.516424847413396,6.800712887161703,0.2691042642818832,0.030488798082926333,718.5846391671515,2.8892394981341614,4.47819473074857,0.22816145235752203,1.4712334781758074,0.09409371660041162,0.08506204539487694,0.016174661753172826,0.00031670923849176316,0.000701818177738319,Harmonics,harmonics_154
8.881784197001253e-17,0.7059371065881597,0.7059371065881597,0.8907180587280965,1.7814361174561921,1.2617527119827057,-1.8145963909802498e-16,-1.7902267892704242,637.8844140263202,50.0,0.9780200905309998,93.88933162391311,0.9565232974822651,0.03554240695676028,0.00462869247710006,0.1547067907515815,0.10774143052747472,4.910611364242064e-17,0.010143432609061864,0.48901004526550007,6.097836021449439,0.22658284434934683,0.029507914541512824,639.7317564664964,2.7264259240619437,5.089309700063942,0.24322255940475856,1.6052904849141778,0.09829041423106405,0.086337858719609,0.016295625442246175,0.0003208851575593397,0.0007064297112886925,Harmonics,harmonics_155
7.216449660063518e-17,0.754614659906892,0.754614659906892,0.9691016231511987,1.9382032463023966,1.284233761466398,-2.196106723451746e-16,-1.7619037680103486,728.8874047313847,50.0,1.0496127257638608,90.97852291256939,1.1016868740854415,0.032508047895924624,0.004691647911422211,0.1470485770934007,0.10433007174698394,4.5657573977374505e-17,0.01061617813686926,0.5248063628819306,7.02325382229469,0.20723880533651956,0.029909255435316584,726.1179947677633,2.9056107302933807,4.038892337315659,0.2166705813759721,1.6648810255096442,0.10009469570149575,0.08815141595270005,0.01646595048616899,0.00032007938322958193,0.0007055416487319071,Harmonics,harmonics_156
5.551115123125783e-18,0.7351414735738093,0.7351414735738093,0.9296441815364973,1.8592883630729942,1.2645786082723234,2.0958428709348327e-16,-1.745660369062256,691.754222295388,50.0,1.02705593027851,79.07603302202793,1.0548438839202556,0.025010980274171594,0.001011108142116608,0.1444553821930232,0.0643709781628273,3.295184593777559e-17,0.009826978428911828,0.5135279651392551,6.724629759991629,0.159444999247844,0.006445814405993363,691.4279783252957,2.8354370777863074,1.2650493669135037,0.12125136296095958,0.6499937489232175,0.0625130747433387,0.04853625004734535,0.012217633257711542,0.00016315918100511198,0.0005037323795764935,Harmonics,harmonics_157
-4.9960036108132046e-17,0.7159331120395515,0.7159331120395515,0.9001270553645063,1.8002541107290106,1.2572781454387068,-6.807307996160297e-17,-1.7956826378872244,656.0770827707353,50.0,0.991165569512974,94.07967526543058,0.982409186187978,0.03778403465350637,0.004927220987790114,0.16245822067960616,0.10673031990546433,5.643470974736728e-17,0.0103143277243052,0.495582784756487,6.262858561948356,0.2408732209161033,0.03141103379716187,653.6517282594808,2.7567279848343853,4.131427542355814,0.21914014784420002,1.7225182291395862,0.1018144154620774,0.0900445948515933,0.016641850143203935,0.0003290051984580039,0.0007153115099103822,Harmonics,harmonics_158
-1.1102230246251566e-17,0.6924571142409405,0.6924571142409405,0.9534554853879643,1.9069109707759282,1.3769162967323239,-1.0031198858432898e-16,-1.7301826804667941,613.7559744805003,50.0,0.9622014931862839,86.24531505278063,0.9258317134899143,0.032777002499572355,0.0003849941362951418,0.12179591482529947,0.1339505790634768,4.283394675464151e-17,0.009593560112587742,0.4811007465931421,5.902177173498203,0.20895339093477389,0.002454337618881513,610.1585339719798,2.663524940967054,4.823526208144211,0.23678036515485362,0.9804689990361519,0.0767923203840897,0.05669548646269824,0.013204776237194493,0.00019056301411020827,0.0005443941656403273,Harmonics,harmonics_159
-2.2204460492503132e-17,0.6956313677912599,0.6956313677912599,0.8430192047213599,1.6860384094427174,1.2118763525527436,2.4736259115286216e-17,-1.8282010103859174,619.395839814578,50.0,0.9584774742772246,94.19931815189213,0.9186790686968478,0.04577042783978357,0.003356503173647152,0.18266827877086905,0.11136753463497177,2.2583852296752494e-17,0.010158516463744303,0.47923873713861237,5.856579062942402,0.2917864774786204,0.0213977077320006,619.0698569344967,2.682561055283357,3.8286969767116843,0.21095538473657108,1.4457502974855956,0.09326762372106814,0.08336964241921249,0.016012910189691806,0.0002990668978716611,0.0006819903126624266,Harmonics,harmonics_160
6.106226635438361e-17,0.7309014395232941,0.7309014395232941,0.9770689855145193,1.954137971029038,1.3367999194945392,-2.8433726265400853e-16,-1.7353676525791868,683.7976503004461,50.0,1.0181389535303862,87.13196532413241,1.0366069286959498,0.030343230125161436,0.0014836697733355817,0.12439689266251933,0.1219370461388625,5.65917678076254e-17,0.010100707957622378,0.5090694767651933,6.60836917043668,0.19343809204790421,0.009458394805014314,681.3616193945966,2.8145662522701747,4.352396609394461,0.2249173503521721,1.1170996552002095,0.08197470492464258,0.06673658832427776,0.014326605761916836,0.00023090867908896463,0.0005992584756048277,Harmonics,harmonics_161
5.551115123125783e-17,0.7137072615265379,0.7137072615265379,0.9854942346918448,1.9709884693836894,1.3808101553886465,-6.107730686877638e-17,-1.6852814664274862,652.0039105993086,50.0,1.000315885094502,74.4518455515158,1.0006318699723968,0.01810908180359434,1.5158535428382005e-05,0.09980038032362082,0.09027162284380943,3.6741533253910184e-17,0.009257994454645055,0.5001579425472511,6.37902817107403,0.11544539649791391,9.663566335593415e-05,650.8329808410471,2.7509289842766784,2.027301758838599,0.1534936705483045,0.5238688945433938,0.056114822147036315,0.03629591536201074,0.010565128115144852,0.00011793217308014857,0.00042826295932596757,Harmonics,harmonics_162
5.551115123125783e-17,0.6882897371168979,0.6882897371168979,0.9700016813372327,1.940003362674465,1.4092926699720356,-4.256046467296605e-17,-1.7161670221324332,606.390735642174,50.0,0.9529631885976393,89.58819440270351,0.9081388388221798,0.03893945068242111,0.00040723493629636105,0.11848279072750267,0.1578013909439455,5.4163896850844194e-17,0.009685483977603389,0.4764815942988198,5.789385097491394,0.24823899810043468,0.00259612271888929,606.4696768216816,2.654253903957854,8.909961970617971,0.3218317405536797,1.1684267925880691,0.08384079286718298,0.06338851849886876,0.013962414633956607,0.00022124557817473204,0.0005865859854225146,Harmonics,harmonics_163
-4.4408920985006264e-17,0.730735054903679,0.730735054903679,1.0456660479211,2.0913320958421995,1.430978356522806,-1.351524783106367e-16,-1.6506791081963432,683.4863621953059,50.0,1.0225708395737745,81.18949204116201,1.045651121946614,0.021895112959092966,0.0004012060244589474,0.08022831866818096,0.12433233627166254,5.228617465226299e-17,0.009667919553742776,0.5112854197868875,6.666025902409664,0.13958134511421788,0.0025576884059257884,679.8655581848544,2.8114830512032354,5.38350014379147,0.25015174221094816,0.8596859657140239,0.07190689693239899,0.050969993428635396,0.012520257696606767,0.00017228141005680049,0.0005176228238438302,Harmonics,harmonics_164
5.551115123125783e-17,0.7440860420699327,0.7440860420699327,0.9842618184831055,1.9685236369662107,1.322779574985331,-1.684305137858162e-16,-1.7940669510608636,708.6899686442208,50.0,1.0246104232071502,90.14487658552119,1.0498265193447356,0.05712480741736523,0.00037674924449404383,0.17852312675012755,0.15891601754613385,4.78520089153895e-17,0.010708989123918433,0.5123052116035753,6.69264406082269,0.3641706472857036,0.002401776433649515,709.6043167979249,2.8714729936585592,7.093427280271609,0.2871488389724473,1.2957735589367418,0.08828167988030541,0.076898873714166,0.01537844604179285,0.00026349330542553177,0.0006401461699783932,Harmonics,harmonics_165
4.4408920985006264e-17,0.7052415580068845,0.7052415580068845,0.8662999644025342,1.732599928805068,1.2283733914512864,1.266066543705381e-16,-1.7971813114574509,636.6280385791715,50.0,0.977423857222534,83.8308730650503,0.9553573966677765,0.03741133788709105,0.001962575725088058,0.18570369285008093,0.054087672800129306,5.123015878583061e-17,0.009779195274526946,0.48871192861126705,6.090403403757074,0.23849727903020546,0.012511420247436358,640.469785860958,2.7281004213031435,2.7622135380543384,0.17919682104648343,0.7895795776105295,0.06891274670364382,0.05665088805819219,0.013199562528696042,0.0002004067453423731,0.0005582779251743678,Harmonics,harmonics_166
1.6653345369377347e-17,0.7256629848370212,0.7256629848370212,1.003926373989375,2.00785274797875,1.3834609108709965,5.810791773176173e-17,-1.735146914822291,674.0310624800958,50.0,1.0075877258535884,85.7273968081196,1.015233025290806,0.037707904006207105,0.00023260582813652372,0.13098725933082045,0.14335355558620616,4.998842934507233e-17,0.010055658614721779,0.5037938629267944,6.472110536228888,0.2403878880395704,0.0014828621543703335,670.6932984163122,2.7923839515370616,5.658808219652548,0.2564664240648762,1.0588670126516586,0.07980240768830758,0.0611685143028562,0.013715710866631285,0.00020570232033159194,0.0005656058008161053,Harmonics,harmonics_167
3.3306690738754695e-17,0.748091610763164,0.748091610763164,0.9408412250997332,1.8816824501994642,1.257655094058171,1.72369028117096e-16,-1.8026590264995797,716.3405543606084,50.0,1.0321374136327675,96.23268079937833,1.0653076406205384,0.04935201443493178,0.004622461132980236,0.174906501908612,0.136966163796116,3.8073321310325353e-17,0.010945726846490363,0.5160687068163841,6.791336208955934,0.3146190920226902,0.029468189722749,712.3570186952736,2.8779268481612266,5.478787677313112,0.25235372176432,1.981445272635231,0.10919496696728571,0.10377684813397342,0.0178657607809187,0.00037287074792782566,0.0007615053301213016,Harmonics,harmonics_168
5.551115123125783e-17,0.7620152736447684,0.7620152736447684,0.9227297444599285,1.8454594889198557,1.2109071515656655,-1.630919620634115e-16,-1.8349305633584698,743.2541149029264,50.0,1.048126225074399,95.69981917091964,1.0985685836887098,0.05776972708718476,0.004996243759927848,0.2077831661653577,0.12081342204194083,4.925089844880479e-17,0.011220208726990873,0.5240631125371998,7.003374721015528,0.368282010180803,0.031851053969540036,745.1465817887781,2.9426135560934927,5.5309182496944445,0.253555826938308,1.8993845586853708,0.1069092222971898,0.10710571830788278,0.018149889643210102,0.000391833111306365,0.0007806290162845192,Harmonics,harmonics_169
5.551115123125783e-18,0.702083152153473,0.702083152153473,0.9867732932040166,1.9735465864080333,1.4054934806168173,3.208075462842194e-17,-1.7121451061117159,630.9385632483286,50.0,0.973545201701388,91.47935256167838,0.9477902597557963,0.03684237385949225,0.0012088714602247962,0.10958757105667691,0.15758470144462006,4.9271245665692565e-17,0.009887490721408349,0.4867726008506943,6.0421629059432025,0.2348701333542632,0.007706555558933057,626.0810683825159,2.6976558224286658,8.633745120045269,0.31679758608885933,1.3621249518429583,0.09052831282015598,0.0721696725243218,0.01489840977209553,0.00025262985255496427,0.0006268108285092705,Harmonics,harmonics_170
5.551115123125783e-18,0.7102808143651328,0.7102808143651328,0.8655250469826486,1.7310500939652966,1.2185674024646977,8.520256548887234e-17,-1.8509548414481287,645.7585091266511,50.0,0.9681815452923772,99.18212496846267,0.9373755046447355,0.06890401372251288,0.00271815214314422,0.2092220522666853,0.15852490835143002,3.7568399790710904e-17,0.010760189198630997,0.48409077264618877,5.975768842110188,0.43926308748101983,0.017328219912544372,643.2577913555584,2.7344846766341213,6.127675164921587,0.2668784272973512,1.8318135035820653,0.1049815650200638,0.10193437633273389,0.01770618260909736,0.00035904331763285163,0.0007472526318685745,Harmonics,harmonics_171
-3.3306690738754695e-17,0.7344505673562117,0.7344505673562117,1.0133330632975803,2.02666612659516,1.3797158152438729,-9.808228211965985e-17,-1.6904751804929201,690.4545739390226,50.0,1.0199922360797729,95.96334972041909,1.0403841616630152,0.03367200193893472,0.0047791081777737,0.09489329090353538,0.1570581589107415,4.1319256478758443e-17,0.010395928527439605,0.5099961180398866,6.63244903060172,0.21465901236070914,0.030466814633307315,682.443952898051,2.8166568195915485,10.486508434725462,0.349141654801279,2.083424247900023,0.11198104756090702,0.09788660809962506,0.017351505118164967,0.0003602971580450614,0.0007485559678295076,Harmonics,harmonics_172
3.8857805861880476e-17,0.7006074545885437,0.7006074545885437,0.8960886794112698,1.7921773588225385,1.2790167640112398,-1.6141949051243333e-17,-1.7299083676991578,628.2890309440489,50.0,0.9803645134538135,81.57797415714933,0.9611145792395325,0.01865582933524675,0.0019312022752973157,0.12014838950644127,0.06496301897429971,4.166868242940154e-17,0.009375359445865386,0.49018225672690696,6.12710544265202,0.11893091201219806,0.012311414505020386,630.553608262933,2.707195101813429,2.0918458660344443,0.15592714479692737,0.7673133003849129,0.06793977296528438,0.050718395574903624,0.01248944605513769,0.00018056826078913354,0.0005299256218652251,Harmonics,harmonics_173
2.2204460492503132e-17,0.7212175412005346,0.7212175412005346,0.9654684129360478,1.9309368258720956,1.338664629991661,-1.4797262948921588e-17,-1.7872706805798415,665.7980694212414,50.0,0.9946596690117507,87.33960147817358,0.9893478571585655,0.050885209110676746,7.64172014474118e-05,0.16940276748627575,0.14895607231216706,3.9185361483885424e-17,0.01024620311699868,0.49732983450587565,6.307092589385855,0.3243932080805645,0.00048715965922724286,664.575941932094,2.7793411336013456,5.511800461001362,0.253114625335953,1.115223970125344,0.08189592115874489,0.06509158645324076,0.014148591443138115,0.0002188249875985459,0.0005833682862385318,Harmonics,harmonics_174
3.3306690738754695e-17,0.7232281022300663,0.7232281022300663,0.9425694314953639,1.8851388629907273,1.3032809822898994,5.869678933919589e-17,-1.7202130140957117,669.5153764547881,50.0,1.0122850965856176,80.87698834734385,1.024721116769353,0.020116742690189766,0.0012799162510635567,0.11710298281278672,0.08002270994247786,4.964582728364467e-17,0.00965261012817658,0.5061425482928089,6.532597119404626,0.12824423464995988,0.008159466100530158,673.4822164782698,2.7975748169891186,2.5162538342018483,0.1710128670850544,0.7192210794092829,0.065769403521511,0.05071556446830758,0.012488949974716078,0.00017767517098869978,0.0005256633248951955,Harmonics,harmonics_175
1.1102230246251566e-17,0.7063399378653521,0.7063399378653521,0.9657388227002567,1.9314776454005134,1.3672436895150986,-7.876058804503e-18,-1.7370842182360748,638.6126180142458,50.0,0.9825963602779335,83.72295256337192,0.9654956072314426,0.03213870035615523,0.00019790805966203457,0.12765092893956212,0.1258727162534522,5.5341530892436516e-17,0.009691379731887148,0.49129818013896676,6.155034496100442,0.20488421477048982,0.0012616638803454538,636.4572649538192,2.720225002407708,4.089834343076832,0.21802758002869385,0.871005545498418,0.07237313425326629,0.053350430184231565,0.012809187475782373,0.00017825574203963202,0.0005265214079248176,Harmonics,harmonics_176
0.0,0.6946237141192638,0.6946237141192638,0.9336634243644941,1.8673268487289882,1.3441283465926188,5.796948751950093e-17,-1.678635775591408,617.6026933975562,50.0,0.9720927862212914,89.78572509687069,0.9449643850234732,0.013706166747297117,0.006333656662911454,0.08545423051825715,0.08002337929523899,5.654508540822871e-17,0.009435307519396585,0.48604639311064585,6.024147954524642,0.08737681301401926,0.04037706122606048,614.032712900744,2.671920303798803,4.429855695308155,0.22692532947189603,1.704904386502742,0.10130836700753251,0.07603165123251272,0.015292551249648892,0.00029134698755821093,0.0006731300667794383,Harmonics,harmonics_177
-5.551115123125783e-17,0.7562891452135322,0.7562891452135322,0.9705517962076862,1.941103592415372,1.2833078490533874,3.2081645928122547e-17,-1.8085611885776975,732.1257870948034,50.0,1.0418396211390297,86.37860329172597,1.085429796175117,0.058414749998552284,0.00010199616196043941,0.198217896532294,0.13829105355323995,3.6250457839388664e-17,0.010763161908138627,0.5209198105695153,6.919614950616373,0.37239403124077103,0.0006502255324977994,730.8959021741491,2.915074019010032,3.5582520194521665,0.20335742013970312,1.091029617822653,0.08099392515362855,0.06883879702369272,0.014550119726899617,0.00022764899466862015,0.0005950139911326969,Harmonics,harmonics_178
-2.7755575615628914e-17,0.6885834197228816,0.6885834197228816,0.9679981036347989,1.9359962072695975,1.4057818935329014,-9.351326919294629e-17,-1.687433188635032,606.9083211740904,50.0,0.9624448848348355,80.32185057621926,0.9263001563447397,0.021838992980977457,0.00015510250879963367,0.09503121895611412,0.11317270167621056,4.548521647259993e-17,0.00917133969951304,0.4812224424174178,5.905163496697712,0.1392235802537315,0.0009887784935976585,605.3117627904915,2.6527443769042147,3.934611221034326,0.21385323539686846,0.7014923679296188,0.06494932431034917,0.04375885970077673,0.011600706069039334,0.00014660972558387536,0.0004775025604181773,Harmonics,harmonics_179
5.551115123125783e-18,0.7337388695300645,0.7337388695300645,0.9284712008463293,1.8569424016926548,1.2653973224012502,2.810513340115404e-17,-1.781898373546202,689.1170926838489,50.0,1.0186129310002783,90.72996853660918,1.0375723032009776,0.03496479068370088,0.004208363433835351,0.1610955874252363,0.09493683371494402,5.954796362024563e-17,0.01038385466920303,0.5093064655001395,6.614523432906234,0.22290054060859327,0.026828316890700303,693.6330379745243,2.838757242150375,4.510162657296104,0.22896579635804912,1.4390439252626654,0.09305805254187548,0.08218412137273962,0.015898690373734238,0.00030423462216656795,0.0006878576018513921,Harmonics,harmonics_180
-5.551115123125783e-18,0.7024368458931145,0.7024368458931145,0.8969255302711446,1.7938510605422882,1.2768771107521706,1.6016159372624315e-17,-1.7238718722771775,631.5744287593818,50.0,0.9840344463926387,75.19160525054171,0.9683237916872669,0.0180050177684158,0.0005062354808513717,0.12290725282460113,0.053840737100502065,3.112758755128443e-17,0.009172729563315454,0.49201722319631946,6.1730641720063275,0.11478198827365081,0.003227251190427486,636.0257627226385,2.71871344496279,1.4207125002401166,0.12850115860610714,0.42599956878074857,0.05060089784536828,0.03681500941835393,0.010640402124463285,0.00012467294903443306,0.0004403322638094505,Harmonics,harmonics_181
1.1102230246251566e-17,0.7306219731565076,0.7306219731565076,1.000114573480469,2.000229146960937,1.368853675668011,2.134977513936476e-17,-1.684762535114715,683.2748386036587,50.0,1.0160117633882033,95.90252397625645,1.0322799033432064,0.029632370526632992,0.0057046614483777435,0.09085723439660524,0.14620989530272335,3.586855590423752e-17,0.01029928761494008,0.5080058816941018,6.5807843838129365,0.18890636210728545,0.03636721673340809,674.9523759322542,2.801324813950827,9.504935746007973,0.3324008692656098,2.159661787809122,0.11401497785858355,0.09826376877328674,0.01738503116283468,0.00036461123311542023,0.0007530238346173914,Harmonics,harmonics_182
-4.4408920985006264e-17,0.6840589244640627,0.6840589244640627,0.87413323313997,1.7482664662799392,1.2778624792060806,-2.3411727632493576e-16,-1.750624680468903,598.9588635378307,50.0,0.9546561151728785,83.32639952969656,0.9113682982369723,0.023191112228423585,0.0013138138124641975,0.12870189264094944,0.08140598908594568,4.0865911021444934e-17,0.009310159430733126,0.4773280575864395,5.809972901260701,0.14784334045620054,0.008375563054459245,601.881128135492,2.6447635478657805,2.4058315683435465,0.16721945179712996,0.7331386969454916,0.06640394746944804,0.050588328617503744,0.012473304762696995,0.00017728020272074013,0.0005250786902200129,Harmonics,harmonics_183
-5.551115123125783e-18,0.750796385550604,0.750796385550604,0.9653545610806815,1.930709122161363,1.2857741188663867,-1.7051283173929841e-16,-1.8042686396783676,721.5298720714896,50.0,1.035657517714919,90.6023178256431,1.0725864939994276,0.05378018079398746,0.0010237503182873712,0.18178220377757187,0.1439979554846415,6.539927641632162e-17,0.01080181221288797,0.5178287588574598,6.837738899246354,0.34284865256167046,0.006526408279081965,723.3419855753291,2.899220340220812,5.78234851091295,0.2592521310848477,1.2829382618119936,0.0878441454588514,0.08023605865314884,0.015708687366255712,0.00027768465164342265,0.0006571586592431494,Harmonics,harmonics_184
1.1102230246251566e-17,0.7401519957823245,0.7401519957823245,0.9500440605081911,1.9000881210163822,1.2835796781210214,-2.7380885315687055e-17,-1.817130915691171,701.2159703815144,50.0,1.0168585445820983,93.63857619473472,1.0340012996896233,0.06038490179790672,0.0012637522335861024,0.18860161396311875,0.15752565825418235,4.8421076044816536e-17,0.010841357440391277,0.5084292722910494,6.5917582855213475,0.3849537489616558,0.00805642048911136,699.1670978460977,2.8508304323495017,6.105852633092558,0.26640219656428643,1.5075224983956383,0.09522729794531742,0.0881966801768381,0.01646967407334642,0.0003040100513586934,0.0006876035889820241,Harmonics,harmonics_185
-1.1102230246251566e-17,0.7024229726769851,0.7024229726769851,0.9754968132939349,1.9509936265878696,1.3887598373596137,-4.805132512080311e-17,-1.6811142203427307,631.5494816567967,50.0,0.9842315006247606,77.50316575709084,0.9687116468220681,0.01790516415089266,0.0001792541157840066,0.09210263785763279,0.09706836894971713,5.293490311034889e-17,0.009199930922302382,0.4921157503123805,6.175536748490686,0.11414542146194086,0.001142744988123032,630.7738711936611,2.708027918167474,2.789100749049914,0.18004564526544017,0.5897866354905081,0.05954826433905792,0.04026855908845863,0.011128397150759984,0.00013399509835769946,0.00045649788557505723,Harmonics,harmonics_186
3.3306690738754695e-17,0.7158516088362504,0.7158516088362504,0.8747679976356001,1.7495359952712002,1.2219962724627744,4.539755597817048e-17,-1.8268020536198493,655.9277131180136,50.0,0.984640674597441,86.20310115715495,0.9695172580717036,0.05512943798389565,0.00024035569129701056,0.20616539869480582,0.11236221057325013,3.888671196782407e-17,0.010222261185172906,0.4923203372987207,6.180672520207111,0.3514501671473348,0.0015322675320184429,660.1537664336479,2.769630285909533,3.3079302442570664,0.1960875006340591,0.840164047698629,0.07107016459737604,0.06100516052633677,0.013697114557517858,0.0002053512253605846,0.000565123089072463,Harmonics,harmonics_187
1.1102230246251566e-17,0.7078187661206505,0.7078187661206505,0.9301239108633427,1.8602478217266851,1.3140707132699634,9.392155327565218e-17,-1.7643475478880917,641.289479260877,50.0,0.9844766193965955,83.87396688627211,0.9691942141385491,0.032363209813167954,0.0004573873934032237,0.1425514882566796,0.10973733644012729,3.0455676836697384e-17,0.009753116753876143,0.49223830969829796,6.178613115133252,0.20631546255894587,0.002915844632945543,642.4483151158702,2.7326514400706934,3.19215876309547,0.1926179771299651,0.7932186479724133,0.06906311294072844,0.05413073912496352,0.012902478118459949,0.0001833899149513045,0.0005340501459874884,Harmonics,harmonics_188
0.0,0.7248467550787995,0.7248467550787995,0.9778461409992606,1.9556922819985212,1.3490384472944328,5.1016384992097264e-17,-1.719450314666352,672.5156074857794,50.0,1.0112445515339852,85.07245748692115,1.0226155430071708,0.027114097746157115,0.0010759959432023053,0.11629987212714173,0.11656945350033858,6.019178980140855e-17,0.009898575614405467,0.5056222757669928,6.519174086670715,0.17285237313175172,0.00685947413791467,669.8273150056795,2.79075759956931,3.7859936269309915,0.2097702202755205,0.9824162012749185,0.07687027685560162,0.059774129914566536,0.013558650878190292,0.00020380356376122557,0.0005629890137840998,Harmonics,harmonics_189
5.551115123125783e-17,0.716594852508319,0.716594852508319,0.8622774496144767,1.7245548992289512,1.2032984141527352,-1.3576933506007295e-16,-1.840658916140721,657.2904737810168,50.0,0.9816460142415246,96.16652940281806,0.9636288972762717,0.06041242256913372,0.0029750454374332393,0.20730218418963786,0.1320538791529396,4.372151681343517e-17,0.010663147710697476,0.4908230071207626,6.143134220136233,0.3851291938782275,0.018965914663636875,661.8437443242381,2.772708014803813,5.954728300759124,0.2630927994994825,1.5506006630151736,0.09658830157332356,0.09303353060726996,0.016915369166934854,0.0003353426756609748,0.0007221687302566388,Harmonics,harmonics_190
-5.551115123125783e-18,0.6867777962849,0.6867777962849,0.9550389754784563,1.9100779509569126,1.390608404411609,-3.4273739556873273e-17,-1.7158385323704768,603.7295890815278,50.0,0.9549534942066875,86.86341136423141,0.911936176097562,0.03086808715357385,0.0005232196887514113,0.11158931798825023,0.13570523668779708,4.692126694201613e-17,0.009497070114648874,0.47747674710334403,5.81359312262196,0.1967840556040335,0.003335525515790249,599.6040284244642,2.640376961578561,5.368916442049135,0.24981122617395243,1.0112249604318397,0.07799078752216289,0.05716372104959651,0.013259246995161263,0.00019353539910112446,0.0005486233978306033,Harmonics,harmonics_191
5.551115123125783e-18,0.6931551309663072,0.6931551309663072,0.8158702745716478,1.6317405491432941,1.1770384984860316,7.500693525627204e-17,-1.8073479755042046,614.9939655486958,50.0,0.9571587302151918,80.1782842755162,0.9161528348271584,0.04452768305883786,0.000247553283841448,0.20164393267485234,0.062188483453590314,4.7537516967092474e-17,0.009587015290284585,0.4785793651075959,5.840474322023132,0.2838639795000915,0.0015781521844892244,614.7312062590677,2.673540149393165,1.4297220364301788,0.1289160937004019,0.5251662216484708,0.056172543101634914,0.044620246784556075,0.011714139314255306,0.00014469328742698742,0.00047437139247482517,Harmonics,harmonics_192
-5.551115123125783e-18,0.7231220355880295,0.7231220355880295,0.9149477281347308,1.829895456269461,1.2652743010236813,-1.4680655461093875e-17,-1.7850297544103537,669.3190122918086,50.0,1.002980061090747,93.85610107941021,1.0059690029455988,0.033576409254943915,0.006265544505407993,0.15628483154105613,0.09566326716732826,4.342524256569119e-17,0.010341731413450595,0.5014900305453738,6.4130523937781945,0.21404960900026768,0.039942846221975956,667.4674673050192,2.78554161257076,4.54338529075625,0.22981103667714153,1.8830160526333168,0.10645960304951688,0.09385424276087312,0.01699037377117685,0.000351466334712436,0.0007393256248295398,Harmonics,harmonics_193
-2.7755575615628914e-17,0.6968036970819947,0.6968036970819947,0.8242416346904469,1.648483269380892,1.1828892959967652,-9.844646942735676e-17,-1.8363362472416909,621.4853021019344,50.0,0.9565215669899537,90.2536652501529,0.9149335081169165,0.05490719144438264,0.0012300849729735025,0.2090750067884492,0.10580563775523759,3.113497471262502e-17,0.010127711463380368,0.4782607834949771,5.832701114245344,0.3500333454579396,0.007841791702706068,627.1930109383296,2.6992518665791336,3.762138287684202,0.209120449471604,0.9737202653151876,0.07652378416888413,0.06873923744305419,0.014539683710061594,0.00023952899176401908,0.0006103421884073235,Harmonics,harmonics_194
-1.6653345369377347e-17,0.7080908200545785,0.7080908200545785,0.886826806320834,1.7736536126416675,1.252419578397057,-6.254222581055095e-17,-1.8143770742260845,641.7825400903237,50.0,0.9772488592117201,89.44209382420874,0.9550153328306084,0.04675949108107535,0.0010103949794474023,0.17931780810858544,0.12084955430703034,3.211354216789519e-17,0.010148859940805225,0.48862442960586017,6.088222746795126,0.29809175564185564,0.006441267993977172,643.7785911877779,2.7352684284534594,3.865626781047228,0.21196875879110247,1.040386812289534,0.07910197626841421,0.06859145319764068,0.014524110853075579,0.0002365498864797999,0.0006065346958943234,Harmonics,harmonics_195
1.1102230246251566e-17,0.6808028436515857,0.6808028436515857,0.847310639529256,1.6946212790585118,1.244575646869124,1.0555222712965034e-16,-1.7584914966268668,593.2704152628295,50.0,0.9504400921903547,77.68990113656598,0.90333636884281,0.023162309844496267,0.00048634516086442427,0.14028538634731672,0.05901118726038607,5.694343575669474e-17,0.009083642639542972,0.4752200460951776,5.758769351372915,0.14765972525866372,0.003100450400510697,594.5566291247331,2.629060523119602,1.2297830190666448,0.11955290918157475,0.46903182012359423,0.05309482469517144,0.038929953048741923,0.010941814051384613,0.00013008729912161957,0.000449792031005989,Harmonics,harmonics_196
2.7755575615628914e-17,0.7371694425383669,0.7371694425383669,0.9424249806415937,1.8848499612831864,1.278437393437216,9.700102000625756e-17,-1.7963882849006916,695.5760473757781,50.0,1.0155491368558969,98.67076436232959,1.0313400493687572,0.050675418905918666,0.004822105749977306,0.1619433866419733,0.15636418524984233,5.1958576840972887e-17,0.010878279785289394,0.5077745684279488,6.574792814725829,0.32305579552523167,0.03074092415610533,690.6141506294072,2.8334227147895668,8.00364660402241,0.3050140844295579,2.1772056171785072,0.11446666339053872,0.10986519038830475,0.01838239461323043,0.0003992508752128039,0.0007879829800151286,Harmonics,harmonics_197
-5.551115123125783e-18,0.7033507235261108,0.7033507235261108,0.8701317195901295,1.7402634391802585,1.23712351531631,-1.036997657012647e-16,-1.757251329200911,633.2188675644206,50.0,0.981889851884049,76.42479639776424,0.9641076812328796,0.02481550656540346,0.00048129277112482754,0.1487514557092412,0.05185085331781066,5.41936549358252e-17,0.009336670904669324,0.4909449259420245,6.146186467859605,0.1581988543544471,0.0030682414159207685,636.6961296936863,2.720287818284214,1.529007314625737,0.13331502057859893,0.44412259710837876,0.0516629401942648,0.039222779582259185,0.010982816774597564,0.00013174635092574216,0.00045265120372505797,Harmonics,harmonics_198
4.4408920985006264e-17,0.7545938199549542,0.7545938199549542,0.9813126294686827,1.9626252589373645,1.3004514528438123,1.6795148737324455e-16,-1.7694203337599745,728.8471463861886,50.0,1.0455382217404252,94.01224058175589,1.0931501731201305,0.041996266382239716,0.0036772267260497173,0.14708985704987287,0.1426914164737588,4.777716702769025e-17,0.010821392530811949,0.5227691108702128,6.96883235364083,0.26772619818677834,0.02344232037856693,725.1291735674864,2.903414020059357,6.638402158277928,0.27778091792661397,1.7931560094335772,0.10387567136406685,0.09574402000651,0.017160292725193423,0.0003436103795782407,0.0007310163529808377,Harmonics,harmonics_199
0.0007278044511946468,0.7082853760340181,0.7082857499646379,1.6334081400185538,2.9182536205730134,2.3061428810304285,0.012033502339333611,-1.4567556761227802,642.1359406118011,50.0,0.9950846567450313,490.9755039227174,0.9902325637005861,9.848736980389777e-05,0.01281008916418252,0.0015119217867357014,0.001623256294637661,0.026963703596667575,0.008884262232165254,0.5032180894311651,6.316001154694234,0.0007564300809150793,0.09613054987724955,633.8519814211879,2.7148198867543494,0.43581149536090064,0.07088562961787742,6.743667349525731,0.19443505437272054,1.4459436593425332,0.06669711878071236,0.11416320621705058,0.013324010537195417,Transient,transient_000
0.0008737447278638621,0.7164096946289521,0.71641022744528,1.7647160846116359,3.2028381260718266,2.463275951408668,0.03837450201165785,-1.3440773194513607,656.9518259048933,50.0,0.995082427452969,522.0327345028301,0.9902450755907566,0.00013982284945233056,0.035846447131091475,0.0018023914455370354,0.0019304093419934814,0.08370715015910861,0.009474610895870515,0.5037083405157343,6.3162694726212045,0.001072064529070293,0.2689311800762728,634.7669209544672,2.716610577769907,0.33432931939296545,0.06223406407434887,22.109019545098,0.3294576378936069,0.8748207008672311,0.051875748458141524,0.25967655227430425,0.02009589842549135,Transient,transient_001
0.00035641517235505683,0.689977355621463,0.6899774476764888,1.1810632384422433,2.2220928646392366,1.7117418002831581,0.005162254988982081,-1.4927938500039366,609.3681642267672,50.0,0.973332785684662,486.32387370580545,0.947386054875494,2.2496638168367935e-05,0.004020594499348367,0.000731693731069958,0.0007676396001727188,0.0023757880720413215,0.0082908204743246,0.4868188176471749,6.03895175370113,0.00017139166715028037,0.03149154894323398,607.0365400088585,2.6566744371903885,0.28833843557849864,0.0577920026769983,0.5174823966172268,0.055815630590391435,2.4437650482208926,0.08671126544629164,0.14687411781075788,0.015113036532265665,Transient,transient_002
0.0007508843809086119,0.7100576462300403,0.7100580432592103,1.7300923352776647,3.0817691842452923,2.4365505773781497,0.03331390810965011,-1.3897929454086055,645.3535037402862,50.0,0.9925537291814214,565.3260879226042,0.9852043987563073,0.00010014224823171892,0.022256349791936116,0.0015430025533290652,0.001620152428360644,0.006210445765324231,0.009174846513053803,0.5020156886041263,6.284005542685387,0.0007633163775389843,0.16787226016587994,631.0282780845675,2.708700670665655,0.32653209198614724,0.06147886506408642,4.731156667904542,0.16830214977147248,9.683804534062393,0.17261456553120624,0.3975233096297514,0.024864153241321216,Transient,transient_003
0.0004206743197206264,0.7211394713808295,0.7211395940803039,1.235134618231211,2.369993910686032,1.712753852885739,-0.0071287744293340345,-1.4872846847888919,665.654162112391,50.0,1.0180470578337935,240.5060280002054,1.036432976493075,3.738936397166352e-05,0.003606208050325199,0.0008995226198357834,0.0010261318456824928,0.0009531812421494678,0.008436753548439613,0.5091150583828933,6.606890017605632,0.00029388788625192216,0.027019816529219663,665.1652021291366,2.7808021635657,0.3080296004469124,0.059791874637755135,2.107254277466161,0.11266746204222082,0.2920170481476743,0.02997369740967718,0.0033882210408391457,0.00229547965119485,Transient,transient_004
0.000650155725130025,0.734787005864907,0.7347872935009025,1.41044280013242,2.5954392836368534,1.9195253001864383,-0.005144370266662864,-1.482883990737222,691.0878293636883,50.0,1.0365949045583898,284.6382115954177,1.0745604211745932,8.821796430713089e-05,0.005155829249173799,0.0013866225746715984,0.0015725580004558662,0.0015813451363101399,0.008723712811847997,0.5189472217824668,6.847404439019325,0.0006917485595648274,0.03860785782052971,688.2681009455832,2.828878610429937,0.5518663112110443,0.08001992721846901,2.7289044249331504,0.1281438539564546,0.4926316822575226,0.03893298590900653,0.005220937283796483,0.0028494988934132056,Transient,transient_005
0.0005358330524348864,0.6831094895649512,0.6831096997194142,1.2623291075690495,2.3048014909669208,1.8479156540826467,0.006212260425068319,-1.4884393140249181,597.2977431689577,50.0,0.964720486988416,249.72881694207405,0.9307070174068439,6.248588618008822e-05,0.0024973835760064267,0.0011532183227354893,0.0013337909257542153,0.0010151282240089964,0.007978702511039883,0.48648680119841914,5.9356326737007485,0.0004939742940683676,0.018681955275531282,597.4843363441904,2.635499078180448,0.2798109631486071,0.057016708992024566,1.547736782822039,0.09655883706895242,0.1434752669537986,0.02100993333236498,0.004969078698448654,0.0027798431332147528,Transient,transient_006
0.0009752890739417652,0.7107063363722121,0.7107070055574165,1.6611880136861252,2.8346780194372956,2.3373739117442596,0.03736645169025908,-1.4167736199892593,646.5336931179388,50.0,0.9978914955570832,417.63896518311253,0.9958578199516473,0.000184264509906862,0.014060485278279005,0.002045476839227475,0.0022395421781059546,0.005455104277352978,0.008926887265537002,0.505715070874195,6.35240138924408,0.0014254479544670473,0.10538059518458531,638.577747171508,2.7247143642994938,0.33880931350389626,0.06275837961975146,7.1717100858438245,0.20768123225102708,1.990467438343722,0.07825879101461214,0.06527260996731285,0.01007530708469337,Transient,transient_007
0.000690728679608843,0.7235757425896939,0.7235760722759812,1.4199649031765365,2.6343086786629506,1.9624265610499365,0.012566685106916258,-1.4693754305068494,670.1597854340299,50.0,1.0153895538036515,453.89838611102357,1.0310511252438503,8.755421727430637e-05,0.015828930393085253,0.0014303277067920232,0.0015263443397922477,0.045468836681316266,0.009069489390000128,0.508110706802201,6.571173543284903,0.0006710724660251001,0.11877587728790545,659.8913180302532,2.770039628174862,0.3315227567853896,0.061931155375783475,9.516534683279609,0.22364891730748304,0.6751863980605776,0.045579214113145944,0.14377823300837192,0.014953411595299651,Transient,transient_008
0.0007482982432995833,0.7267317051980924,0.7267320904503859,1.5633054138057547,2.7941247192606706,2.1511440520464133,0.02723399302262168,-1.438435411378602,676.0186000516965,50.0,1.0203549377643222,435.3714247478146,1.0411655170547411,0.00010403383151422362,0.014878313857197893,0.001554039934767887,0.0016681332447648187,0.017463366784351255,0.009082369385955243,0.513605825350111,6.639335733237024,0.0007990063300977106,0.1116064635096175,667.46311050119,2.7857005356458755,0.3022808193533838,0.05924264135019444,6.41957087084878,0.1940360070709339,3.211342773679873,0.09940328484730111,0.11077093366162273,0.013125244781082453,Transient,transient_009
0.0011192465554578424,0.6878291439778674,0.6878300546051894,1.4091118530242395,2.490124386833833,2.048633733853071,-0.030576976442171198,-1.4659159591896682,605.5810355432677,50.0,0.9652819837061634,372.9574693280649,0.9318625822714309,0.0002678536285341692,0.014033057497574747,0.0023999047328314522,0.0027526349724922303,0.002385015847414687,0.008642020186913965,0.4841473552545484,5.941623874051281,0.0021102165574562893,0.10505051544922449,597.5597897296747,2.6357673316428554,0.8252316574083148,0.09774575523924293,7.298050635193937,0.20964400281372583,1.2498440065932774,0.062013440568769854,0.027887370888551134,0.006585384601813275,Transient,transient_010
0.0003725707798096334,0.7013939433677164,0.7013940423199369,1.2399507760790867,2.314705490111618,1.76783762231006,0.005827397155782158,-1.4900602647598769,629.7006113304337,50.0,0.9890410740935144,470.4227101803087,0.9782124479680353,2.4330203106372547e-05,0.004247546500510861,0.0007628561744918918,0.000796509291878443,0.002188984690160716,0.00843961391067819,0.49469176226004086,6.235378020455571,0.00018506824751802098,0.03562268301162471,629.3433941621824,2.7046500294859634,0.275463414091392,0.05651243078995788,0.6800055805834913,0.06400285418527409,2.873522032915269,0.0940289999651251,0.1707415196597933,0.016295169984020585,Transient,transient_011
0.0006099306501038182,0.6895424777913675,0.6895427475465581,1.3175572794187151,2.381816548066641,1.910769541271758,0.012356680133761667,-1.4772109907818076,608.6005768883922,50.0,0.9729378576134964,299.91366439211527,0.9466356840823684,7.55069931126184e-05,0.004203829835971002,0.0012928553641056895,0.00144706939610987,0.0018666016310322868,0.00819180366101652,0.49016610814653966,6.03675978352587,0.0005890048072724418,0.03148234195145335,606.573360533822,2.6556486981361678,0.4640175520265625,0.07336600462556415,2.1821507975316012,0.11460759942365295,0.45453168911265523,0.03739512045762668,0.006427688272528634,0.003161689057769688,Transient,transient_012
0.0005924783820109691,0.722927348101482,0.7229275908856118,1.2072866617197227,2.299639442274512,1.6699966593322078,0.0005369074459507817,-1.490799685615193,668.9591061295033,50.0,1.0199135299688227,273.9585884349168,1.0402497240131148,7.42521617344951e-05,0.00490920531991043,0.0012672152412812104,0.0014464685645184006,0.0013215541260214443,0.008561204153142463,0.5105093139671463,6.629151483593975,0.0005838439650657546,0.0367655223193326,666.858585361541,2.784452786551205,0.48936964239029523,0.07509980643822889,2.642303632541717,0.12614202804423522,0.4066242457533964,0.03536980775827413,0.004256183307970193,0.002572759630380056,Transient,transient_013
0.0005124279212203209,0.7045062470773207,0.7045064334364486,1.483459387501847,2.6795631464359397,2.1056718818928424,0.02808502466325151,-1.4405363064192513,635.3015228842819,50.0,0.989190667848179,621.9882053642252,0.9785174453527477,4.479898360849475e-05,0.0005054534199906564,0.001042110796745629,0.0010742457877346754,0.0019582504354852042,0.008868628386133795,0.49662791080923724,6.2391207034791245,0.0003392929052722462,0.004213499355384036,629.1333595907587,2.7042497967668138,0.321773249323215,0.0610568486147689,0.26238776800471364,0.0397573348663126,7.898564624849064,0.15588817188593374,0.9337965574632492,0.03810837879879572,Transient,transient_014
0.0006218779956676301,0.7018339157259387,0.7018341912413827,1.2872344676459428,2.3915403300246703,1.8341005378596449,0.011304083075817343,-1.4795947094440831,630.4911769541704,50.0,0.9891141824149374,336.58794365832085,0.9783755338991288,7.704819966574078e-05,0.006656799905682697,0.0013127049821846303,0.0014563885674830958,0.0024003385408880393,0.008455594726256992,0.49525472036325846,6.237572387449968,0.0005989804447287894,0.04988486130571751,626.1976854037322,2.6983888952575428,0.29797467220759744,0.058762799931887925,3.471415612413142,0.1446102954147051,0.9167151050700152,0.05310820954577077,0.012753872455018338,0.0044534880715496545,Transient,transient_015
0.00035798914506378067,0.725650813475195,0.7256509017795265,1.4206136561181824,2.6535719400332924,1.9577094890014313,0.00922248610984276,-1.468251039391573,674.0086160044033,50.0,1.0223448377082454,476.93146715878424,1.0451983909530165,2.2785829767033207e-05,0.007521444162719479,0.0007352340249145466,0.0007736276041183034,0.0026859130120454795,0.008800610964539256,0.5138922978496543,6.664731431161885,0.00017372846024922778,0.05698878556795957,669.1298371253657,2.7893314288238478,0.31065262007800404,0.06005150409023,1.3057430274166564,0.08844557470887936,3.6862153684598487,0.10649949377767269,0.17622526976172037,0.016554567807719016,Transient,transient_016
0.00026885941769987375,0.6982442716773686,0.6982443234396148,1.1418801774553589,2.1633643481943885,1.635359055736706,-0.00473279034293023,-1.497395628061723,624.0577730760263,50.0,0.9864596090505297,380.26250546114017,0.9731078811217159,1.2947273627876582e-05,0.0018286992407918735,0.0005535025595994637,0.0005838083472085166,0.002337483033375144,0.008146420697522319,0.49359548548971593,6.203758765485793,9.881960943325781e-05,0.013867484647276574,624.4218043956927,2.6943097756071617,0.27878137470009096,0.05693224431577121,0.42719358421488385,0.05072736511612793,0.8968733554270898,0.05253025382335831,0.0399540425999659,0.007882212783665592,Transient,transient_017
0.000870751445314083,0.7119641234289215,0.711964655905047,1.6158270520142457,2.811058336516342,2.269532677795561,-0.015989288841209846,-1.4559966001095084,648.8238992102298,50.0,1.0014328886900044,386.28068446610393,1.002924012266291,0.0001500662962496171,0.01064472203458962,0.0018352923577358057,0.0020298672998816437,0.0036055573576454308,0.008789818443557527,0.5015752461691191,6.389965168509218,0.0011652911019348977,0.07975914943589185,643.998043495281,2.7361201510040565,0.2917664851288323,0.05821785262546666,5.7149061923833315,0.18548355325869675,1.2622177923473625,0.06231883894041658,0.03990601099435541,0.007877809043921087,Transient,transient_018
0.00046701782283494196,0.6902087418923598,0.690208899892113,1.2211647075302894,2.269894867839808,1.769268271851321,-0.010391612471883182,-1.4908522200717154,609.7770566275594,50.0,0.9738744004051423,368.81624977388907,0.9484474568193552,4.104669425961903e-05,0.004234374187180449,0.0009729680039339517,0.0010506522864760655,0.00678804376668843,0.008225262923166592,0.48733296207921634,6.046591950385969,0.00031591099844983494,0.03176077369495406,610.0579812908884,2.662900198779067,0.27601819586071197,0.056651961429706216,1.7054059892987612,0.10134908582428641,1.112209757700883,0.058498571758719545,0.028492655600209176,0.006656410811037455,Transient,transient_019
0.0003142837104447516,0.6843738440247259,0.68437391618868,1.1997872594565644,2.271660340769012,1.7531165800948398,0.005755624357502313,-1.4866167963371444,599.510601164071,50.0,0.9663165417606884,320.3775005995604,0.9337749533419487,1.856154866283309e-05,0.002914246448625515,0.0006545347549344298,0.0007062854384893332,0.005575856666977794,0.008020534003105699,0.4850566411277431,5.95380105411879,0.00014281334356979803,0.021860009416037815,597.6287946330217,2.63611963253985,0.2987238966473029,0.05893664373117385,0.933264969163026,0.074833788418415,1.0159006711973357,0.055909183771377574,0.019174783316215346,0.005460604302213299,Transient,transient_020
0.0007162604393691152,0.6814962803662449,0.6814966567651264,1.4171577316281208,2.5632545468970065,2.0794786262824707,-0.029057412449392472,-1.455755699599467,594.480247273017,50.0,0.9536190627705828,581.6276499819996,0.9094270693377444,9.153151753379941e-05,0.018641502137730664,0.0014730560059407632,0.0015509744955136803,0.006415945913302579,0.008797294880053557,0.4790970959024156,5.798809983482395,0.0006982312740093242,0.14058411668430648,583.1680127700299,2.603835763081427,0.38239620623918263,0.06642500962227726,3.6462432612385465,0.14811928825647191,8.362721588391924,0.1604092624792373,0.35945166220618374,0.02364323593817014,Transient,transient_021
0.00047299789843768814,0.7066728903639595,0.7066730486599617,1.365957743767026,2.5587004829830127,1.932941614733021,-0.008853035427220947,-1.4688801147950927,639.2151010590268,50.0,0.9957190090277157,366.9169947315378,0.9914729636329316,4.311960422829815e-05,0.00721470924334792,0.0009898982508462536,0.0010834208332936356,0.003938629934638953,0.008519973152812513,0.4982552095647805,6.31891973503371,0.00033296107369626177,0.05409628622425029,634.6144706603774,2.716456046748174,0.32357479544752055,0.061189455425125834,2.9659840211956974,0.1334945090500979,1.7368302046555497,0.0731030968754454,0.031959301636525564,0.007049740149218455,Transient,transient_022
0.0005728233754194456,0.6936346056498074,0.6936348421767632,1.2717608422619273,2.3228966559448394,1.8334731258151005,-0.004056277277837032,-1.4883245283255404,615.8454966804265,50.0,0.979634944196955,226.18940794792812,0.9597092017711553,7.800995041967042e-05,0.002463783790085938,0.0012553574532220024,0.0015129495939823537,0.0007464078523419097,0.0080745349139019,0.4903603241481665,6.115840229581224,0.0006281245859890486,0.018405917563848274,614.5115512529035,2.6730479817013326,0.37888815295715583,0.06617560072752718,1.4796100617921772,0.09441002435289812,0.11282766705404881,0.01863226902672699,0.0014306951390497045,0.0014915240194134098,Transient,transient_023
0.0006162780592629147,0.7236899270863968,0.7236901894906139,1.2859318133896123,2.394618688157954,1.7769092797747725,0.004032670353707677,-1.4889113128195786,670.3711876671497,50.0,1.0195144719044675,408.8788147370642,1.0394378126284771,7.162790181602076e-05,0.007858061585066025,0.0012845197488766,0.0013885138700677044,0.008093864201415462,0.008804125398784612,0.5101884903883026,6.624535356827676,0.0005514731593248697,0.05893655600985623,665.5495610346826,2.7818295706205776,0.4210299349003369,0.06994514786640675,2.5396251366140317,0.12362029956729907,2.5474055117438255,0.08853329333334306,0.05649462964792156,0.009373071019182664,Transient,transient_024
0.0004033728597138186,0.6901092147361392,0.6901093326230234,1.2154506027383833,2.280550749044693,1.7612435382040685,-0.008894799132634487,-1.4907943677964581,609.6011404459452,50.0,0.9722048218033216,566.2179721967606,0.9451941694207413,2.837142345691484e-05,0.0009124131276334612,0.0008248802324704815,0.0008590945971418953,0.0020371589614697457,0.008459551651685337,0.48783513921327243,6.026507434887659,0.00021561706026760247,0.010868556530302227,606.2341646762688,2.654818374888925,0.2967599954902282,0.0586489002951171,0.7188069998044502,0.06578230161026873,3.68797143518299,0.1065231668560502,0.33301608948648753,0.022757089337003857,Transient,transient_025
0.0009028568649568025,0.7276184346782067,0.7276189948277069,1.5019074872156524,2.735174734378089,2.0641400209311818,0.025876475185589096,-1.4468101516689553,677.6696340916255,50.0,1.0203471384698148,413.6402735732082,1.041168776985367,0.00016503693786459105,0.017444525719517632,0.0019129635097517126,0.0021381678945361126,0.0032264510460888545,0.009172370421862697,0.5109628002048296,6.638029250334149,0.0012865506240417558,0.13074225454258406,666.8103462823756,2.7844347919975347,0.37968817378939557,0.06644190370838213,9.276899749070973,0.2363533109425748,2.025212941265271,0.07893922993701274,0.04137356625397881,0.008020796058271214,Transient,transient_026
0.0005945367054790651,0.712114398331406,0.7121146465175354,1.6857745332955698,2.9148078862051587,2.3672796810698533,-0.025702993104977125,-1.4298610532614189,649.0973053245369,50.0,0.9995262833592571,640.4029522330654,0.999078729817988,6.055091936443634e-05,0.0008065884490067426,0.0012102805207072184,0.0012501198924137348,0.0024039548592514207,0.00903386820051324,0.5003272625403832,6.366679040717671,0.0004589010203882394,0.006943581152543512,640.1206957358797,2.728108909805903,0.40400098649763816,0.06833162073461417,0.8134435853681882,0.06977597172238233,7.951512438102911,0.15641153617838655,0.8862812594972068,0.037126076934995346,Transient,transient_027
0.0004939017706915183,0.7174477216239409,0.7174478916286137,1.171374129143342,2.199029819535781,1.6326957578517356,-0.005337873575957276,-1.4978600605863184,658.8562908189989,50.0,1.0136586339752516,216.005985462269,1.027522102445609,5.816028662391113e-05,0.001875889552536872,0.0010831505652934216,0.001306952021549638,0.0006618502367123322,0.008286416982240582,0.5075626427109138,6.550878298946555,0.00046856220764716384,0.014015134597822209,658.8433025709286,2.7676488224282787,0.5042827955698401,0.07653164407967378,0.9839823929224734,0.07697502761816824,0.09700522318456081,0.017275145186514202,0.0021926708990158425,0.0018463898678164866,Transient,transient_028
0.0002724968528089955,0.6761233638134437,0.6761234187254137,1.2388052891005685,2.2740676569066234,1.832217691015726,-0.010193045589677242,-1.4799010045199466,585.1428830066446,50.0,0.9542944549801394,517.7458998139256,0.9106833578565663,1.280449302502222e-05,0.00018669873787097895,0.000555684406864966,0.0005756911036591103,0.0011561391710313133,0.00806108952353369,0.47732120745555295,5.804878240384995,9.713899968301736e-05,0.0016124666942702775,583.5827962072615,2.604836959507116,0.28233940840202176,0.05729170326889169,0.2619342147818128,0.03971496408420164,1.904218863944325,0.07654355975120009,0.21148421145135615,0.018135223352610544,Transient,transient_029
0.00104911175340619,0.6958804120289296,0.6958812028507624,1.7075992269348947,2.8897323509909576,2.45386600462414,0.04484856201799777,-1.3971004699693526,619.8408300557106,50.0,0.9758662751248958,465.92989947855517,0.9523965868715043,0.0002194711174655419,0.015737100337321154,0.0022153860611130866,0.0024583006913945003,0.004670004191651729,0.008878086608554837,0.495394068875653,6.0757469839873774,0.0017061132542809925,0.11792727229342248,609.7035286699337,2.662610335936892,0.590212261840716,0.0822885899444247,7.658163869544393,0.21453869284167765,2.222019847845412,0.08268533587489303,0.052767171622746474,0.009057531868638795,Transient,transient_030
0.00026543714490159245,0.6849867703138867,0.6849868217432561,1.1500858562062477,2.2120553443927315,1.6789897552739184,-0.0018942572156266503,-1.4911792746195698,600.5848908312669,50.0,0.9663214515151839,480.869770945703,0.9337823228921468,1.2205813353776436e-05,0.0002534553275362941,0.0005418775523435833,0.0005626129664025794,0.0012242101992867111,0.008178554975269411,0.4848888445208315,5.9537709965222465,9.266306406171577e-05,0.00246222980219838,600.62170978511,2.642240180054679,0.27937686260313244,0.0569952781375993,0.24813561059871184,0.03865054955094169,2.5608081907665587,0.08876473934561224,0.2205105881574462,0.018518405162355447,Transient,transient_031
0.0004318802243832132,0.7123749601017785,0.71237509101634,1.2527565733470456,2.3650790642799433,1.7585631349883233,0.004223267921923388,-1.4872414555177573,649.5721859846896,50.0,1.0043497676121127,352.5396234119539,1.008732254850711,3.597417689234772e-05,0.006151822355424339,0.0009049904926854721,0.0009886271751846994,0.0033587733294034696,0.008532347318849406,0.5024637845641933,6.429411804860516,0.0002780499166056168,0.046130882700914665,646.4948228103689,2.7416290208194742,0.3546395229711626,0.06421067659506033,2.5732851434373742,0.12448147551429431,1.4309241491569142,0.06635383183134239,0.02862413260329683,0.006671707663270156,Transient,transient_032
0.0006903995136797291,0.7416754860403395,0.741675807374531,1.5616781944236302,2.8724391013733688,2.105607569902721,0.007664041450723148,-1.4664928361852982,704.106244153168,50.0,1.0435430587569827,377.03219673506607,1.0890173639924516,9.149279874667748e-05,0.010995345033095218,0.0014448912060393926,0.0015751059211547996,0.004708481850375515,0.009084092785315958,0.5271253194050678,6.945779666894391,0.0007066729948111238,0.08243587578181198,697.8177268156605,2.8483882164054224,0.3840489674188325,0.06663602784078923,4.635871406649839,0.1670468318364055,2.484885144508203,0.087440263149081,0.04954338228814478,0.00877780299519549,Transient,transient_033
0.00041701599706573387,0.7052291425012047,0.7052292657961143,1.249939592566653,2.327529885181691,1.7723875811561187,0.007417565483302854,-1.486913871997186,636.6058461892178,50.0,0.9956821211571493,330.73597784746113,0.9913957315747767,3.27890658177572e-05,0.003231091185790132,0.0008691283137730217,0.000939410264332405,0.005161327559731749,0.008302842698291391,0.49965528766691614,6.3211046416086,0.0002524496207477167,0.024232376627502272,635.242169004407,2.717689715652247,0.2872773886355966,0.057750769402311025,1.4616423090632826,0.09346107229313592,0.7239146043315915,0.047195649925462234,0.020725824822599877,0.005677227442536739,Transient,transient_034
0.0004024767839944987,0.6866473497994707,0.6866474677548868,1.4084406367624402,2.5848740689258256,2.0511844911706008,-0.006893151843051496,-1.4703855026123576,603.5004735669738,50.0,0.9666389823991522,561.435243661279,0.9344028329711842,2.816973002712951e-05,0.0007794934787008776,0.0008227634550789255,0.0008552147067674973,0.001957129232979576,0.008442855375444449,0.48372321468050017,5.9551031607605065,0.00021396062309009294,0.008876057203464885,598.9779007064872,2.6389343798818903,0.32266048587175156,0.06124513641968935,0.45596033636331146,0.05239078292583451,4.727102727074616,0.12059953168535369,0.3453468876643235,0.023174770633570034,Transient,transient_035
0.00031345431049574214,0.7402160885292328,0.7402161548974203,1.3515364440200834,2.5135241777150057,1.8258672619831628,-0.014042950578562939,-1.479018930777038,701.3375436430358,50.0,1.0436099890351875,598.058443730436,1.0891290173850614,1.67985001757733e-05,0.00017427095576491727,0.0006378219942631323,0.0006581220544999929,0.0011811682954270695,0.008975375535176943,0.5218680353537924,6.94292673369989,0.00012726804325044374,0.00141965390815241,697.2481022171868,2.847335059439287,0.38528299620648343,0.06631468603040075,0.16158189201661524,0.031198960347696213,3.5247395707692006,0.10413785662210716,0.6517403065068308,0.03183648885997892,Transient,transient_036
0.0007405929278244905,0.7231440616351582,0.7231444408664691,1.232693611803168,2.3389732598332884,1.704629866648016,-0.0012160200887056422,-1.4935659956408864,669.3604894157802,50.0,1.0200424491029123,259.73342829190096,1.0405276355498392,0.00012775697574518176,0.005206945654229718,0.0016163416485919923,0.0019297268099602628,0.0010329120024192072,0.00858867804831947,0.5147758990678745,6.636042637614941,0.0010244203407724717,0.03893745028492188,667.3945551512219,2.785517030277477,0.9317703458655081,0.10379356108374845,2.5791866716521894,0.12460212362020845,0.19380317744276634,0.02441939521882109,0.005631195111787441,0.0029592765460284003,Transient,transient_037
0.001027655977761599,0.7365675981469639,0.736568315037238,1.6824721847160793,2.9205294279870837,2.284203855047357,0.032967209431695114,-1.4216945501152627,694.4420898774988,50.0,1.0343047402704528,394.39661493515143,1.0698647178278597,0.00021623567276039539,0.01490861506297999,0.002182710967352702,0.002452963086169769,0.003087763987891655,0.009217550940851409,0.5245352672149449,6.824751756643053,0.0016893579264170941,0.11168055335648919,685.4834526542553,2.823125215737643,0.5085289033989491,0.07646403053000994,7.544027669565899,0.21312948290511247,1.8933201072128705,0.07632546700655561,0.040680047628914806,0.007953573867558544,Transient,transient_038
0.001130606098461645,0.7300063003092522,0.7300071758286708,1.4794555855729508,2.6517157500165163,2.0266315654931937,-0.03191544409444478,-1.452689133157688,682.1254102545304,50.0,1.0250507713167567,337.04656755463486,1.0508245460029635,0.0002877199546336577,0.014668563751401825,0.002450566734815407,0.002879231651695355,0.0018356762149128569,0.009086220074416463,0.5126711461179576,6.69868491971058,0.0022898187505875746,0.10977417718293479,675.7201303567164,2.8025480256241906,0.9195962838852738,0.10311741028588707,8.037467324061767,0.22004180618182276,0.8870130889819364,0.05224241616643635,0.01917983648228359,0.005461370434819438,Transient,transient_039
0.0003209690323628334,0.7175257147155664,0.717525786504711,1.2024580346531395,2.3878236950716127,1.675839471232117,0.0009748399406927672,-1.4907011386393614,658.9993655029813,50.0,1.0128522059088474,334.16407849067326,1.0258771837747198,1.8917847603915503e-05,0.0037500092578232145,0.0006648205155059153,0.0007095657610223521,0.019387055015676374,0.0084421229079273,0.5088582126267729,6.541336475228592,0.00014502321776046156,0.028141075300158518,656.786529076236,2.763479205953161,0.3174748956627558,0.060681674507342104,1.4815572429318224,0.08737691918086131,1.0084259195906566,0.05570303895138046,0.03255374882420064,0.007115202517633736,Transient,transient_040
0.00043619898913386244,0.7399662238607218,0.739966352427091,1.4801184317341252,2.682979886627071,2.0002509936800963,0.017532668891233043,-1.4642136987910441,700.8642594870449,50.0,1.0421316341770157,551.0388979611364,1.0860523036051681,3.259758327905697e-05,0.00044253139381405913,0.0008880093181220754,0.0009172315593224944,0.001772738975184747,0.009055671243000836,0.5231276811406019,6.924715652066884,0.00024706130268825773,0.00383289046365783,698.5481110803863,2.849501715648555,0.3583406340386969,0.06440289412745945,0.5163349270964704,0.055583648099383896,4.7865244876866795,0.12135482610162597,0.5187391087863567,0.028403253965666904,Transient,transient_041
0.0007094860742197062,0.6780684849935391,0.6780688561731197,1.3398065642360408,2.380103264814288,1.9759152068945562,-0.023289696544278208,-1.4630631165069359,588.5150383512613,50.0,0.9549607397857077,403.03039283487016,0.9119872179922381,9.578708504536545e-05,0.007390490417117941,0.0014818567432498123,0.0016087356803889444,0.006038537541969072,0.008299053865441122,0.4777698108888175,5.812806088193602,0.0007386547404256505,0.05540875488382734,583.6819959702616,2.605186498367361,0.2850054302238144,0.057513671609570625,3.481926658711253,0.14447193534579333,1.363680480154623,0.06477607522865045,0.04313374915881919,0.008190201376688397,Transient,transient_042
0.00039239175982566654,0.6981717785272887,0.6981718887947658,1.3634821081539654,2.566618998483632,1.9529318353188823,-0.013233209473137112,-1.4592588973915785,623.928302468161,50.0,0.9826025275730931,477.86065940993296,0.9655189264505442,2.6802563181236677e-05,0.00870980889492984,0.0008014252705627962,0.0008411675995107431,0.002512071135668427,0.008538318599190128,0.49155891224810666,6.154078376388038,0.00020394953635720822,0.06652495798711751,620.139839138784,2.684956648462166,0.28969999020754433,0.05803917983935548,1.4687179991328052,0.09401976849286403,4.376080489434409,0.11603744201959368,0.23134347952832837,0.018967958900990813,Transient,transient_043
0.0006224043754588071,0.7103746120698412,0.7103748847338173,1.4152040302534272,2.58406015301406,1.9921932217264726,-0.021090709151783123,-1.4696797484660327,645.9295703815476,50.0,0.9977121296654653,488.08352384425456,0.9954580576208318,7.109062919073174e-05,0.013544611340731115,0.0012889303955954485,0.0013752726276534423,0.023527642524312394,0.008889633075336202,0.5003207863064226,6.346860755713093,0.0005447859668116914,0.10167291749302099,637.1963981943788,2.7219722569284475,0.30383418895018693,0.059437438154944525,5.053592107716895,0.1732191646482336,3.720393422052304,0.10699047183908544,0.12463890767253097,0.013922137293829007,Transient,transient_044
0.0007956068950539796,0.7447014454837526,0.7447018704796718,1.6976601653673051,2.948657908664128,2.27965073361712,-0.01878162840472463,-1.4514113417063008,709.8635211467802,50.0,1.0476076204709266,421.0858886736326,1.0975284548329196,0.00011836724563706494,0.011385579056997486,0.0016548542348210418,0.0017817910860969178,0.012053160986501752,0.009198647232695305,0.5245600017996077,6.993340706364351,0.0009100848214173553,0.08539539284572942,705.7118641743047,2.864088730551771,0.4518272010124391,0.07212221030713721,5.445940305580268,0.18019721584731585,1.8399556877868015,0.07523896116332392,0.05938282166402968,0.009610015564287347,Transient,transient_045
0.0004170042789973016,0.6827375690730453,0.682737696422528,1.1694155566064848,2.22817810532149,1.712832853279354,-0.003745084395201893,-1.490334400245304,596.6473755089153,50.0,0.9629712088678695,289.2717535448096,0.9273263998958763,3.545204371617309e-05,0.004885757477796576,0.0008857934124360201,0.0009953330207579886,0.0012990195266171529,0.008102479042896672,0.4839187178892104,5.912951692356136,0.00027709233605530375,0.03661348315659133,593.7463180562261,2.627500221954067,0.2844237415884732,0.05750870752783829,2.6928388539918746,0.1273611068257953,0.5273902046509652,0.04028321900373427,0.007544443389106446,0.0034251245791592703,Transient,transient_046
0.0008402938317175534,0.6865074310117881,0.6865079452767671,1.405093590873829,2.527816652185339,2.046725898132637,-0.009462557618082342,-1.4723546276041934,603.2552434280046,50.0,0.9675895292561651,283.68844575263415,0.9362824116753085,0.00016916903831035927,0.006117023517974849,0.0018444273575139408,0.0022307307362021524,0.0010921781575351278,0.008245245656409201,0.4846060759154994,5.965454434884057,0.0013646093186721036,0.04571854317881232,599.2949309159255,2.639800291340224,0.937663759688411,0.1043341574133968,3.1207494332778145,0.137108285713089,0.2576598082168614,0.028154602462091043,0.0032754679174171286,0.002256604047433739,Transient,transient_047
0.0005715515610075162,0.6784751817827721,0.6784754225219604,1.425418127739061,2.526814312205144,2.1009134309368784,-0.024248773967669602,-1.4482652019178641,589.2209906769314,50.0,0.9546559488143318,493.5334826494679,0.9113920035981252,5.779047823938049e-05,0.008673794064120638,0.0011729229126674601,0.001230142276584587,0.004359957886370553,0.008383678489481182,0.47771470099210517,5.808546778974353,0.00044025601812328335,0.06574600204199954,585.551915763707,2.608968261029226,0.30003950561164877,0.05905088087286576,2.0140750331439823,0.10993873672900525,3.786088873123091,0.10793138881469816,0.16916369041735282,0.016219884527557828,Transient,transient_048
0.00040397117375820524,0.6825019134098823,0.682502032964635,1.203712137974774,2.2610023733694344,1.7636755347736566,0.00668018609986724,-1.488932799827776,596.2355520011005,50.0,0.9618383429229874,498.1719872846442,0.9251449830186479,2.8319300141176016e-05,0.001089436278354184,0.0008250645033617288,0.0008574081306003802,0.0020134121764434484,0.008280663230139741,0.4811204608359464,5.896969907185838,0.00021506591374478162,0.015433844061594404,593.4476374140247,2.6266629455618675,0.271584391534358,0.05610050989556976,0.6380155401788952,0.06199013902038023,3.300163780911382,0.10076870548010303,0.2662906758214612,0.020350313464839676,Transient,transient_049
0.00046560396674793505,0.6901444581532689,0.6901446152124372,1.0743726360532608,2.0587560326931014,1.556735519440365,0.0005159393275997885,-1.4971514689192036,609.6634750806055,50.0,0.9750820791154864,216.69523260418177,0.9508012499199363,4.8790450101412195e-05,0.0017426744200466,0.0010091238946672025,0.0011856209774340118,0.0007452784552307201,0.00797083519378718,0.4878663005419171,6.059992355796472,0.00038837200014942485,0.013029187850408484,608.5411683924252,2.6600742675871754,0.3284866417680552,0.061801121521808985,1.0952744070604088,0.08122827574690558,0.10111238057994971,0.017638451921474615,0.0010210430942060526,0.0012600504268324992,Transient,transient_050
0.0008382863075680647,0.6832259618899765,0.6832264761588336,1.366149373745505,2.731552380892113,1.999555669189127,0.0062642562076225825,-1.458761051863562,597.501974687254,50.0,0.9559156309900138,528.4930269232611,0.9138265729889392,0.00013084712907313883,0.01938588470301997,0.0017424952069843166,0.0018712856796034409,0.030315714315123077,0.008811848053236865,0.4786487942211799,5.822855815584884,0.001005110934040518,0.14546011287062136,584.8285854556136,2.607741557800617,0.47092234224663254,0.07389517403237827,5.018819329037042,0.1668148725672496,7.3733234381181205,0.15062219051052167,0.1532636763643414,0.015438042699467629,Transient,transient_051
0.0008829397749254119,0.7035144760393038,0.70351503010206,1.5027814682633296,2.7818576248490263,2.136104282012543,-0.023412941758699683,-1.4252599396300147,633.514748901763,50.0,0.9862964292482783,359.9141840207062,0.9728387418073334,0.00016888813337394238,0.01681941226445592,0.001898620206618491,0.0021906895159971595,0.0018368012416297892,0.008825845773445563,0.49375724611789773,6.199354949475698,0.0013338482323972055,0.1260185752591524,622.6785405091234,2.6908070938261424,0.6020631827521418,0.08356393326766569,9.338761739741958,0.2371834314301899,1.2413534740985495,0.06180218197899124,0.018436022297307453,0.005354109975793802,Transient,transient_052
0.00034375249048503866,0.7069448715177032,0.7069449550926555,1.1945712578061696,2.241187186882393,1.6897655881113314,0.005174214434258306,-1.4937328335987212,639.7070969996247,50.0,0.997931098245363,450.8084945995957,0.9958751514347222,2.0388889552677154e-05,0.0004305329349322248,0.0007010635342227475,0.0007265789732014827,0.0015600645650068862,0.008392609161483398,0.4990256858084434,6.348464392553558,0.00015470215456497112,0.004282255125255119,637.8995634867335,2.72340228435795,0.32435149171192895,0.061412773246212,0.3308187356534468,0.04464118805433594,1.90312699582115,0.0765230146502843,0.18527791769285318,0.016974828384010168,Transient,transient_053
0.0003677664736882913,0.701433184355995,0.7014332807672947,1.1765709313907295,2.230017707284875,1.677381104731738,0.0033386500590034066,-1.4939122360430315,629.7710686310022,50.0,0.990313991810994,332.7399428504125,0.9807317735496536,2.4794223078253864e-05,0.0032143792740563244,0.0007613227867239299,0.000812030606775594,0.016894338960662374,0.008245681422423256,0.49529723986268287,6.251575093272196,0.00018998919043107445,0.02412617460687969,628.1301596339435,2.702482956024034,0.29811118008888954,0.05875650731362837,1.9936763000143964,0.10424162802049168,0.13726356753599794,0.020550395618747358,0.032014085040963536,0.007056076975241759,Transient,transient_054
0.000635706267219055,0.6878148517536296,0.6878151455262712,1.4386330434455723,2.6216471968276114,2.091598379013205,0.023826004199056797,-1.4507926502965727,605.5547832516168,50.0,0.9636451163372726,525.097364104272,0.9286416930777778,7.318423647845973e-05,0.01717630639846641,0.0013120221467723364,0.0013909390873520122,0.009870685367960954,0.008754573216178408,0.48193567049906016,5.919705569563874,0.0005595907109703014,0.12902002184870523,594.5123240428668,2.629202504503367,0.3408064986718882,0.06292834623869123,5.399810006760308,0.1796705168303256,5.623923767585556,0.1315450464609125,0.22329575100553886,0.018634866631982484,Transient,transient_055
0.0005827826609858255,0.6841964251935835,0.6841966733939217,1.6424122395249452,2.804938199183503,2.4004972596189997,0.027974973865010258,-1.4327919844653396,599.2001124906351,50.0,0.9614516290036275,628.738340501223,0.9244141879353805,5.925476950532616e-05,0.002471135834399767,0.0011919126169213574,0.0012417101683150755,0.00302970019688957,0.008656146849029796,0.4852843670496911,5.8957308235126975,0.0004503718130116303,0.03142616670307297,593.6829103933743,2.62706008258814,0.3090740976261718,0.059944931058037366,0.7491373334322333,0.06716843767810403,6.42236232792456,0.14057015886305604,0.4225725489742456,0.025634987769038782,Transient,transient_056
0.0008612046979015242,0.7160425377849121,0.7160430556824002,1.560604735047752,2.694375677603813,2.1794844914155225,-0.015635123519125476,-1.461860931843646,656.2786017164658,50.0,1.0086010616333025,337.76031624728483,1.0173312012472275,0.0001530143485015916,0.007910126961572063,0.0018321325938561671,0.0020665020616722355,0.0023008659857467586,0.008704734538619354,0.5051045811381433,6.4820295780274,0.0011974084153921856,0.0592249647063824,651.6625512855858,2.7526175702488893,0.5518835958412094,0.07971233538020991,4.0163212189452455,0.15554545724503183,0.9306930099432883,0.05351293975548684,0.019663226571098952,0.005529892317978341,Transient,transient_057
0.0003910111940407579,0.6997696637383773,0.6997697729812825,1.4750934825399225,2.5875247918673057,2.1079697058839244,-0.016021078301397592,-1.4633926349737922,626.7875010281928,50.0,0.9861495380480351,612.9570476150293,0.9725021272245221,2.612221060460736e-05,0.00028380718533264795,0.0007954851679394529,0.0008205684760568896,0.0014900750187826811,0.008569679710685122,0.4934234569167205,6.198192618495703,0.00019789088954288032,0.0023356722500580958,622.3840049659365,2.6901713748585405,0.29891350518949816,0.05882892341059931,0.15993595166188324,0.030969540833610875,3.7821701204434173,0.10787390275411969,0.5250940842673669,0.028576330252689464,Transient,transient_058
0.0009212307145305354,0.7346241872869114,0.7346247649058562,1.3733467532462094,2.5145537362137924,1.869453384709046,-0.013819770196212755,-1.487177339478537,690.7821378726201,50.0,1.0333425924164104,390.09532324213694,1.0678599302303122,0.0001735389544732005,0.011241908735092246,0.0019562254643441706,0.0021968787964989443,0.0029154785911481838,0.009083443640410629,0.5203559668018647,6.809734136733562,0.0013554978746670551,0.08421003872724228,686.1215725898054,2.8241307972377125,0.5326380618807237,0.07827664730289441,5.619831892649353,0.18391280607254948,1.474702650806196,0.06736069496107615,0.02866195576932396,0.006675769630827101,Transient,transient_059
0.00027067443394497847,0.7405851838857577,0.7405852333497818,1.2657739426105548,2.3922910386242116,1.7091536336520698,0.004691967957021815,-1.4925659113779859,702.0371044553609,50.0,1.0457348177307115,433.8853042743082,1.093566689910282,1.2721214252984948e-05,0.0003439369570811525,0.0005529174703807303,0.0005747228463072741,0.0013101491569025019,0.00871877750892774,0.5228796611586648,6.971449022296815,9.661606888153008e-05,0.0038203752025665364,700.1038190857927,2.8531571232128106,0.34572362325328737,0.0634037948771874,0.2454834133725515,0.038425127874902806,1.8672166797687897,0.07579514826201944,0.13562453178938483,0.014522993765969511,Transient,transient_060
0.0005125290521914627,0.6978271584350998,0.6978273466521896,1.3472807028789928,2.4540885064297755,1.930679141969156,-0.024246431907730806,-1.469387492318722,623.312647341613,50.0,0.9807860014741863,614.5595864742514,0.961960479696037,4.581673618122775e-05,0.0017052468656595537,0.0010481570125732507,0.0010918009757378,0.0026283464686110455,0.008768036653163551,0.4907451733241941,6.132726403507216,0.00034821660443898653,0.02259423961225398,616.7653446061173,2.677809745388808,0.2970245718431524,0.05876467133292603,1.1423635954340041,0.08288133389258126,6.111522774330569,0.1371291639775212,0.46766449434972235,0.026968182548208493,Transient,transient_061
0.0005005594947127045,0.7471629943759269,0.7471631620500365,1.501437757585412,2.8629496519250317,2.0095179123443634,0.0024656763081126226,-1.4680011279284613,714.5635721274996,50.0,1.0500494523085,583.2484193562632,1.1026222655215885,4.3903373416053385e-05,0.003973720431665625,0.0010248838683456607,0.0010698285153714182,0.00278614253417382,0.009339216228865492,0.5287989554262353,7.031429629013121,0.00033391581520546607,0.06031232700787147,705.8388109500304,2.864832716868636,0.35346917369728176,0.0640357259920296,1.5004197877982681,0.09482449403102125,6.9727007981434745,0.14647219807529668,0.45233664897378745,0.02652261253500729,Transient,transient_062
0.00047334991608160014,0.6751999903650416,0.675200156286338,1.2230099380911124,2.3121411448092077,1.8113294653484182,0.0090199323308637,-1.481503723401934,583.545921342842,50.0,0.9509003605181621,403.6582662937592,0.9042280181006889,4.1259362513589154e-05,0.007446326727009857,0.0009809721876372053,0.0010485287921386467,0.031697737238233575,0.008201951883564262,0.47561293824750833,5.763815526693584,0.00031638064738667324,0.05587300801992775,579.873482227312,2.5964739756002584,0.28827731347744684,0.057727087725233786,4.1974609903684375,0.148737356814414,0.5984322479019752,0.042910000078543536,0.06398901321569989,0.009975679651867584,Transient,transient_063
0.0008627884923710527,0.7050890763778332,0.7050896042570254,1.4748427815992449,2.7737972074188297,2.0917097241154767,-0.02111369152337555,-1.4538003185163766,636.3537280401006,50.0,0.9856716230982194,510.6779962015973,0.9716034705817336,0.00013798759477412855,0.022326871377740722,0.0017909240828303183,0.0019201898960018646,0.03393297380025047,0.009104208284719022,0.4971590431998789,6.196327696427237,0.0010593338724218158,0.16751254762551043,623.0724670180722,2.6914307414584817,0.3200302242953155,0.06094159155813357,11.956335894812568,0.26137811422097446,2.445889760129831,0.08674740849152963,0.1657166263988032,0.016053406791498095,Transient,transient_064
0.0003389726562812112,0.6784503210656845,0.6784504057457642,1.1558467144126223,2.2322991651187998,1.703656899048343,-0.0018720051603634614,-1.4934523905852657,589.1775399124379,50.0,0.9580009300469857,391.3468277204226,0.9177742337252819,2.038429190980976e-05,0.0026104479026336663,0.0006961320075631521,0.0007310228388769876,0.0026846461451749846,0.00799442974863549,0.4793242179273296,5.849444236403869,0.00015535725437842822,0.019805134776737295,588.5377909097002,2.615804868285397,0.2710997172827888,0.056049543360539585,0.6737924704749851,0.06360074751792852,1.1512616029034544,0.05951699932871175,0.05024892244741868,0.008839983065707407,Transient,transient_065
0.00042942326594268553,0.7044069322498809,0.7044070631432011,1.318078692202507,2.4097904130658865,1.8711889206776444,0.00887815152337488,-1.48212515754375,635.122317575718,50.0,0.9945351881284339,317.56591587272885,0.9891138560400928,3.4578283390286233e-05,0.003194559978888619,0.0008937802944518232,0.0009635993105198637,0.005736859128507006,0.008284249476335236,0.500405348279997,6.3073450164250255,0.0002659858168662239,0.023958362110486263,633.3449281114473,2.713700188308487,0.3330196290863898,0.062064347782585516,1.456604337889404,0.09284239945985343,0.6445448301112943,0.044533115002352255,0.022468975957293368,0.005911333319600654,Transient,transient_066
0.00021645680294913317,0.7217396270155422,0.7217396594743021,1.2003521817983347,2.2883426762873635,1.6631373460493766,-0.0061062497119938695,-1.4917463516675136,666.7624141543444,50.0,1.0194267587095005,440.35819761180045,1.0392343562102042,8.091973364071294e-06,0.0001272057251218264,0.0004415793300669321,0.0004578178853115814,0.0009390387600591804,0.008449604912197782,0.5097531753196579,6.624948523533329,6.140458546812758e-05,0.0011183459316318508,666.5550625555203,2.7837728775480053,0.3135470404203664,0.060340301086845266,0.1593690480036735,0.03087359586150512,1.421439042292536,0.06613029042151063,0.16440409730179673,0.015989781588568824,Transient,transient_067
0.0002973147172706969,0.693774883290827,0.6937749469973976,1.364370262434325,2.4670204029400367,1.9665891199116423,-0.005345019366758935,-1.4851798313232245,616.0943066639895,50.0,0.9792192799137298,496.9983829840213,0.9588768832001077,1.5118669801298125e-05,0.00018093438399253623,0.000605014984649211,0.0006244160629225278,0.0011663497432420904,0.008254283803076874,0.489906114947841,6.111556024346213,0.00011455294776928299,0.0015187750706843932,613.6484066083183,2.6712250231730796,0.3042665045098575,0.05948084307017147,0.13450968513356043,0.02843931757657829,2.1318682488132414,0.08098677212158228,0.23329805105051654,0.019047865905008784,Transient,transient_068
0.0005665202185594076,0.7204391678936061,0.7204393906362905,1.3023950947956466,2.396288559986234,1.8077788523522658,-0.01347474198147504,-1.4879234661217344,664.3621319428986,50.0,1.01585516663821,406.64044866688636,1.0319854253049046,6.046567682653755e-05,0.005931982067773765,0.001180568009686163,0.001275444231786402,0.008610383288908693,0.008694468843696328,0.5083146440366033,6.579172226713367,0.00046543568581272057,0.044497635224614245,661.8519324106373,2.7739285778838134,0.36038088264803186,0.06470063758707854,2.110604103543499,0.11157231200973378,1.7708641104292284,0.0738157250827925,0.036400185864056425,0.00752334870465176,Transient,transient_069
0.0008882933175981544,0.7223742852494114,0.7223748314099931,1.544437405351126,2.7082911257324342,2.1380000218645807,-0.0385288282790884,-1.4368185076585192,667.9365082299084,50.0,1.0138698908029,476.8277972869173,1.0279903367011296,0.00014494931078936168,0.015269047698323041,0.0018398061042103303,0.0019642513506676466,0.03609344323673624,0.009131463544412688,0.5072302818188852,6.552294979238953,0.0011110700873493873,0.1146029239506155,657.9570883078121,2.765979628045811,0.456609350971098,0.07255978489589779,7.749679126277911,0.20680961256540703,2.000812875599175,0.07846239423783914,0.15726299660872897,0.015638941503821252,Transient,transient_070
0.0005689749120864173,0.7342638897073693,0.734264110154273,1.3890794525399266,2.683024920981124,1.8917981055157136,-0.00043885208676920645,-1.4851387818817101,690.1040428296272,50.0,1.0337120660248655,492.23832484897326,1.0685844318883722,5.689382841269505e-05,0.008641023924627407,0.0011657332169881368,0.0012187411347622467,0.0036949964912415074,0.009024404521720479,0.5206713447197365,6.81437725122032,0.0004329580028110245,0.06656346021524696,684.1668541241946,2.820485334229196,0.3506888530694932,0.06383958012252779,1.2792797338017827,0.08766662582722172,4.717324406952662,0.12047738542451643,0.2611777413598913,0.020154062193891445,Transient,transient_071
0.0005382658977902188,0.6971276080431817,0.6971278158459786,1.5537664592734926,2.8206413254398024,2.2288114517217146,0.031765651294289786,-1.418329706362537,622.0636052815164,50.0,0.97607733275222,631.5518418835084,0.9527482387932112,5.026377796866676e-05,0.0013762463430050153,0.00109931858628565,0.0011422231622843517,0.002593204948689737,0.008938050543095669,0.4903434207031993,6.07497425901982,0.00038169436509802876,0.016096332674228116,611.3809483186897,2.666014468674996,0.3627226802846484,0.06478781760705991,1.4226047303720422,0.09240556856675254,10.022480925570148,0.17560627308045496,0.824651904951689,0.03581179384460126,Transient,transient_072
0.0007821051812931578,0.6961783305510251,0.6961787698697275,1.5051679694786597,2.70530176515608,2.1620423296708005,0.032101853653224814,-1.4433319386053047,620.3710459101785,50.0,0.9734799176206046,554.4418177314792,0.9477081648081735,0.00010918698304393078,0.02090389697307716,0.0016085885222085837,0.0016941649083060586,0.007676898488715664,0.008993651334897292,0.4868994754506833,6.0410992202879035,0.0008329817685960285,0.15737869745052377,608.4372727965122,2.6595281585832304,0.27654986852171914,0.05667829552311279,3.6314019735257888,0.14734639852759016,9.865422193849248,0.1742266644983378,0.38757806158278935,0.02455118095131349,Transient,transient_073
0.00039428922835738067,0.7450470057663745,0.7450471100980365,1.3825570804790428,2.6302916919025154,1.855663973108042,-0.010150229178878036,-1.4785150621308956,710.5218512197577,50.0,1.0482204683890486,501.50298679992545,1.0987775962119901,2.7347447140741673e-05,0.009734157255083453,0.0008085344164879179,0.0008443963099182261,0.002374216663788219,0.009156875459671775,0.5258177036108084,7.0056509194839425,0.0002080910616414165,0.07727929036073962,703.881441491339,2.860774620486178,0.34407836543976345,0.06315397305361661,1.4644846872240118,0.09387875655827305,5.624199102116551,0.13154873039007822,0.3103299943549901,0.021968574059635124,Transient,transient_074
0.0007947789051306775,0.7282553445737264,0.7282557782631766,1.5874183171403033,3.013053435723579,2.1797538234766516,0.002704777548454269,-1.4432945955049092,678.8562925743424,50.0,1.0196532690546474,451.8604042454701,1.0397394852263369,0.00011886676099577289,0.020727165380518723,0.001655224160985429,0.0017882760573254704,0.010728590778055328,0.009254758748209217,0.5159094829862356,6.63187665926205,0.0009147024841453094,0.1554505544104316,665.5532565270438,2.7818817668857627,0.38847369772367096,0.06701375694371385,7.181526845349669,0.2075055835281104,6.100782145546724,0.13700897905315645,0.10254389765472283,0.012628298927045142,Transient,transient_075
0.0003025214824737721,0.6894423013087732,0.6894423676807109,1.236080375691392,2.3042850143483897,1.7928697649490015,-0.010293393696511199,-1.4868598557906718,608.4233962920762,50.0,0.9726418366044124,482.9300018472613,0.9460388692651721,1.606587430796815e-05,0.001360550263665606,0.0006196927042365388,0.0006474461509523384,0.0017015619128162864,0.008252663107461446,0.48632533755736873,6.031002274951838,0.00012222724455984404,0.01939845423550415,607.5352693119987,2.6575514796043063,0.2779404806452665,0.05684943904499903,0.4043935994963432,0.0493513558203382,2.456873359398329,0.0869436728270977,0.17632231019411782,0.016559120907459386,Transient,transient_076
0.00046091386828492895,0.679770132542592,0.6797702888024505,1.5028365310730352,2.785810678729074,2.2108005539906244,-0.011194198245450386,-1.4313266778782625,591.4721862893657,50.0,0.9522374022169158,584.6283646806032,0.9067716403338165,3.668054063255654e-05,0.0009409410151321459,0.000940583397780366,0.000974254384017546,0.002169987211152372,0.00863425769112544,0.4765639743865734,5.7788136067349996,0.00027843866359231607,0.010951310092316355,583.1405038807812,2.6035090843169275,0.33907552150197573,0.06263679966011754,1.0737433914498753,0.08033832637918699,9.287335233209607,0.16904539058880133,0.7652319695000609,0.034497688247360124,Transient,transient_077
0.0007125719021422394,0.7407868521024656,0.7407871948181852,1.6093683809088954,2.9027188261079697,2.172511069527488,-0.010150125978262457,-1.460998046541434,702.4200550484429,50.0,1.041821946519323,414.5152245298332,1.085430496079286,9.539257275063573e-05,0.011904093837583573,0.001483951353158783,0.0016011672668856843,0.009780988325984181,0.009133503915743304,0.5216236749731914,6.91640815100807,0.0007338865801920936,0.08927887659091703,696.0910331394907,2.844771515103646,0.4253633693963506,0.07028277265134392,3.911114734477113,0.15274052926137804,3.772917931699464,0.1077443756988818,0.06036371500709579,0.009688994655657129,Transient,transient_078
0.0003043786202936882,0.7210350359455115,0.721035100190892,1.251773493236411,2.3993497404636575,1.7360784418168707,-0.0028967070804288546,-1.4868267856802693,665.4612681053308,50.0,1.0162711783002374,508.54654007431685,1.032813870695749,1.5697653328991177e-05,0.00016545401718860196,0.0006183440938525016,0.0006364999267030758,0.001135146777246477,0.008690184830184472,0.5101387566746916,6.585283128900337,0.00011885986944411698,0.001363829229239583,661.527787568889,2.7733904081446488,0.32888821950680924,0.0618112640465698,0.24886568091937367,0.03871558193202909,3.7517346198617916,0.10744205685691348,0.5279408083992851,0.02865410277152451,Transient,transient_079
0.000318759143149161,0.682940503015121,0.6829405774047533,1.2098366195067447,2.270544019048555,1.7715108159226396,0.0034046840125447207,-1.4875547905313458,597.0020253004004,50.0,0.9624303455684305,545.2032648104092,0.9262796158904165,1.7578667466994178e-05,0.00035135057057703067,0.0006495951383133681,0.0006753473461451386,0.0014662720851366974,0.008291065648079732,0.4814582808656436,5.904005124211606,0.00013347809158889266,0.0033265356106428868,594.804367212781,2.6295631138603572,0.30600715981231813,0.0596505334612453,0.43290227404971904,0.05106073791855555,3.456317146516573,0.10312370542030086,0.3491793525630927,0.023302987850352407,Transient,transient_080
0.00027790666255377293,0.7113479644537515,0.7113480187394978,1.2516823402808184,2.3506022141617806,1.7595920805360905,0.008145071423416422,-1.485438160784953,647.7004848186994,50.0,1.0039168502585136,498.7970744611168,1.0078547086886787,1.320139578719863e-05,0.00015076538215934136,0.0005654378336933619,0.0005833882050513375,0.0010744728186201733,0.008463614867756175,0.5027555015716577,6.425493342469036,0.00010001484914491415,0.0012532396324132806,645.6007680145003,2.739793075166767,0.2984712542149335,0.058885424616387495,0.18691500460457247,0.03355551310144321,2.2430321417390147,0.08307387749060818,0.3278731561301247,0.022581051784604508,Transient,transient_081
0.0004973906349341417,0.6847747600500126,0.6847749406914626,1.0759472836671062,2.081666628336518,1.5712421990487557,0.0001564675558288213,-1.495091697230441,600.213400830715,50.0,0.9669328530297472,276.63162084782124,0.9349775730971411,5.3375663012361894e-05,0.002787319929746966,0.0010687232385199262,0.0012307306828190656,0.0010963939433366822,0.008024141946878892,0.48391256147280814,5.958606261609566,0.0004211390958214025,0.020865779764663847,599.6342522461459,2.640334146436509,0.32751156200092213,0.06152034854233036,1.5759399506131357,0.09743515978508581,0.253601111389637,0.027934014774249626,0.006261162865265141,0.003120039366691298,Transient,transient_082
0.00029975778554813814,0.6781851599420595,0.6781852261885147,1.269572229459387,2.4103658032754725,1.8720139873772668,0.00638070977527681,-1.4751037353358476,588.7170573060696,50.0,0.9560956270345653,427.0455303341776,0.9141254382623297,1.585481135983861e-05,0.00548572634290316,0.0006136380429637384,0.0006451906452713816,0.002150507259707615,0.00813800456348495,0.48037997285945194,5.828809382311497,0.00012078571225171323,0.04151582254446353,586.9998901177074,2.612258172497398,0.2757102971338499,0.056531683150720324,0.9890883324736967,0.07707887449805069,2.61597065363834,0.08971688434668927,0.1364112247334253,0.014565162226107311,Transient,transient_083
0.000518123815164906,0.7406244342763282,0.7406246155100565,1.3398873387527956,2.4566545243177167,1.8091315231647103,0.010915211574128588,-1.484846721760575,702.1117710072565,50.0,1.0446244327648726,431.2362928756092,1.0912599564314922,4.778917942475654e-05,0.005451231206864733,0.0010649352330201341,0.0011201648016008476,0.004672456777001689,0.00891174707667719,0.5231265446858251,6.9572659330973625,0.00036442754378097697,0.04118506404023283,698.4921237001487,2.8498921842415825,0.3370652440103661,0.06248694900804419,1.5716816113678507,0.09720654374003587,2.0936071173818753,0.08026124720131507,0.119367191859491,0.013624980416635698,Transient,transient_084
0.0006077773725063241,0.6838527349812962,0.6838530050637588,1.5908045582194188,2.8730799835689087,2.326237578013969,-0.0486455028229961,-1.3803617980792857,598.5983136444587,50.0,0.9522250773253059,708.3231592362448,0.9067599049350706,6.38294154876128e-05,0.00087128763401788,0.0012438092124993677,0.0012815832831730943,0.0024862839590246094,0.009035981535751117,0.47629634831499423,5.7798951405712895,0.00048390679362221616,0.007527166473127296,580.3337578835535,2.5977040638343976,0.4020798084322962,0.06812858650998843,0.66204908341032,0.0630942572041214,15.832607209846588,0.22071533656461725,1.7208634232359394,0.05173277893519471,Transient,transient_085
0.00035127558499754575,0.7042779074775702,0.7042779950811481,1.4138470977089401,2.6048703078023,2.0075128111081004,0.013771369337874574,-1.4618545368056293,634.8895927750677,50.0,0.9917725528811729,553.0424341329646,0.9836218540099625,2.1238649376690193e-05,0.0003264500557781891,0.0007160047937178324,0.0007411305458580234,0.001494178831899063,0.008606975783867864,0.4982884789868221,6.271874913345837,0.00016108473083602883,0.002886083084511228,631.2679263021087,2.7090189181045106,0.3411255878844063,0.06298060537205573,0.4661627448871095,0.05281991797562825,4.502073220637401,0.11769526462201524,0.44677713375130124,0.026359442475723,Transient,transient_086
0.0008268878398636104,0.7420633738886604,0.7420638345927669,1.3226479803519489,2.4599696331006964,1.7823911080048997,0.004732981859987475,-1.48863492294126,704.8431803014674,50.0,1.0453447220902055,331.3655797382875,1.092796495076356,0.0001461222476527722,0.008338942559249184,0.0017728638235564738,0.002032834149109431,0.0018269169305090028,0.008994030178055737,0.523217839263826,6.964198126275726,0.0011508536049942917,0.06243590851708592,699.6712858804627,2.852262348362601,0.3651371476444031,0.06515941814546856,4.88051066517945,0.17145507471944385,0.580788984954122,0.042273427013594225,0.014511868289120065,0.0047502615195733145,Transient,transient_087
0.000916227457644414,0.7385378413171182,0.738538409651186,1.639091210943329,2.862768851399246,2.21937165287755,0.021225342829165546,-1.4474921540267962,698.1618976385319,50.0,1.03922273489832,333.83263806642407,1.080046422999156,0.00018077611333413256,0.010613901854998544,0.0019675632638951,0.002264228769721935,0.0018814549921591255,0.009039194449058575,0.5266169441601466,6.8895657589098915,0.0014260770600370391,0.07946864979823476,691.6180501798491,2.835775817683745,0.5465991849002708,0.07942674712124728,5.937296628378203,0.18911593260053003,0.8342900011187401,0.05066564389875132,0.011499390375005651,0.004228647846883671,Transient,transient_088
0.0005572032902055712,0.7059154942616938,0.7059157141714851,1.193676382559027,2.244361352894168,1.6909616241626282,0.003105692235507754,-1.4928179964855812,637.8457542582246,50.0,0.9961804124732225,273.81509701872864,0.9923984883440405,6.445111848486722e-05,0.0041554558627838,0.0011869845653928034,0.0013427706504901451,0.0014119773195657736,0.008336398407108906,0.4984047794552779,6.325213551828918,0.0005048475349183724,0.031122293253283757,635.4644238730108,2.718239850906719,0.3232376037892678,0.061115653566590634,2.24301916610677,0.11621801453944614,0.4544775228153019,0.037394903001378536,0.00876476387379398,0.003692024891794736,Transient,transient_089
0.0009462243119217895,0.7137736479817355,0.7137742751694005,1.7100857543382504,3.1427141226645476,2.3958355096644506,0.008809353836234447,-1.41511558478547,652.1263563438118,50.0,0.9961799511566681,472.8981334331008,0.9924406868006631,0.00017153515058940865,0.026188903818360677,0.001979597662774626,0.002155738704947994,0.00739473064822852,0.009253560636060677,0.5054536121681837,6.331102589108492,0.0013244427533531087,0.19637518289437997,635.3793543542874,2.718074482984747,0.5646445915111582,0.08057253702488772,11.896460733339344,0.26749019800107504,4.6909952432574045,0.12013859237959136,0.104313416535448,0.012736540960917987,Transient,transient_090
0.00034188057083484047,0.741566215705042,0.7415662945127843,1.4530174958385438,2.638476639085291,1.959389884071295,0.011415271336325972,-1.4742826585470803,703.8983285214996,50.0,1.0461158189506452,538.9498696406656,1.0943668900325998,2.0258010984461853e-05,0.00037561110161691994,0.000698077088275762,0.0007249507871994166,0.0015542929310775506,0.008925358580609912,0.5257233433391755,6.97816970468884,0.00015380807959436418,0.003429820482505795,702.7341756350877,2.8581988225251345,0.3562891806710402,0.06424376612519657,0.39448153150555837,0.04859707623576019,2.847434124494877,0.09359989041716077,0.3234540550682849,0.02242798726962027,Transient,transient_091
0.0005574130573177793,0.695637573157006,0.6956377964839787,1.2544280327237232,2.396129786238829,1.803277566374746,0.003360517834282257,-1.4846999901970739,619.4072881882693,50.0,0.9789280479824443,494.1715691496526,0.958322985214711,5.5130599015371345e-05,0.00897977568076343,0.0011450249209029857,0.0012022534741697132,0.00448714099977133,0.008580039695878009,0.4898938276003649,6.107495300264858,0.00042017251978607477,0.06791851256521464,614.4113145118247,2.6726934083106366,0.33535752921645257,0.06243208473098992,2.055514018903174,0.11104972138525379,3.9007286663801137,0.10955352710450124,0.16575234770932465,0.016055414765999025,Transient,transient_092
0.0006314840697026203,0.7149532515862945,0.7149535304661034,1.4632678887078927,2.776108462864568,2.046661533025636,-0.002664247726225769,-1.4579631701702667,654.2829449292103,50.0,1.0037996333086956,420.4201862992121,1.007643088979343,7.707891851214076e-05,0.014523235717557538,0.001321844525511743,0.0014500030973020497,0.00435360699672545,0.008909166431353307,0.5025326765709366,6.420970355941432,0.0005964268695679569,0.10889879042502112,645.0829119873522,2.7387448149353357,0.3446868460783414,0.06330861043137238,6.715333868956157,0.20101537108594042,2.671367788435024,0.09066183547015078,0.05364845704549202,0.009133662558116878,Transient,transient_093
0.00041995598728170047,0.7004595862650471,0.7004597121559756,1.2912352640841518,2.431194715104431,1.843411179363848,-0.006019571870256687,-1.4805047944330185,628.0240746926492,50.0,0.9856177007417537,485.9765077504397,0.9714552179085142,3.0951552500108905e-05,0.008861525150463493,0.0008601520149462506,0.000898454577625175,0.0025909049889560882,0.008594343878522504,0.495399607785832,6.194390580194529,0.00023547230222137133,0.06849145881386343,621.7765230278164,2.688846010530369,0.32143383703869927,0.06113481812091344,1.453238624222964,0.0933774280570389,4.635524082651666,0.11942747071399328,0.2521651368598319,0.019803205572025067,Transient,transient_094
0.00037508894301928054,0.7395931807296336,0.7395932758438868,1.4263374080361675,2.6935892244682487,1.9285429635724676,-0.0030887771681923117,-1.4774678365515859,700.1577135020693,50.0,1.0421899035037168,449.5240020045032,1.086170199058666,2.4877585082668477e-05,0.007174364495652409,0.0007705764015159522,0.0008064021515617097,0.0023822799451933404,0.008925677598640873,0.5214719070110335,6.922603131993354,0.00018931436696295706,0.055038693397012624,695.5166372221574,2.8437709515890983,0.3638049625141457,0.06503723205346416,0.9016767228279094,0.07369443628507959,3.987734327853267,0.11076796850624718,0.1863747346428324,0.017024943717297392,Transient,transient_095
0.0009113496698434753,0.6963000577613315,0.6963006541693426,1.6619880922324866,2.996868993443285,2.3868828533742823,0.038969986590146465,-1.3708344590191202,620.5882892757177,50.0,0.9708351676080536,460.46951636586897,0.9425822076726654,0.0001573067933862596,0.02679824032369418,0.001899672663999567,0.002059347655659647,0.008524724782224418,0.009040538894196417,0.4915741213245548,6.012286178088284,0.0012123070626106607,0.20095622176901265,605.6543781735825,2.653341883314497,0.5133271845862377,0.07715624257837174,10.263958338243205,0.2486207768978719,6.77644249067951,0.14439733915357608,0.13310501896077653,0.014387679230034173,Transient,transient_096
0.0005752225499272457,0.7426985201307097,0.7426987428865947,1.267181066230655,2.384234795865417,1.7061844770382752,0.0023499103968331945,-1.492504088302846,706.04982103722,50.0,1.0474042409022064,377.3859524685214,1.0970801016372602,6.306427866840777e-05,0.005994456027227148,0.0012019355535355452,0.0013057379465801883,0.005360301968079291,0.008916185841275836,0.5241115706245961,6.992041218760665,0.0004863998423050197,0.044949461384667225,703.6938435209645,2.860248495959162,0.4575660037815971,0.07289747147099346,2.9022293029239306,0.13188709478170257,0.9761579641142932,0.054802194107268457,0.03262934038668046,0.007123178498877538,Transient,transient_097
0.0006361729624602075,0.7261392322433966,0.7261395109199523,1.494973333319189,2.6372882729506055,2.0587962930472354,0.022208815934181468,-1.4576221533459104,674.9165943284065,50.0,1.0224263800786793,475.8817762894151,1.04538556477832,7.506376763147811e-05,0.008910365737928421,0.0013208284197993715,0.0014163645233357801,0.027481744103925315,0.00894486805891057,0.5145693129994893,6.666174289157695,0.000576252585490314,0.06689292060248392,672.2008468358487,2.7952607345832083,0.2951408828056713,0.05857017328130249,3.252860750263822,0.13461934593829308,2.600244733527379,0.08944441159603883,0.10114769197347914,0.012541336082719528,Transient,transient_098
0.0004935285006827273,0.715320415590374,0.7153205858429955,1.458612675120385,2.653321571681544,2.039103450936465,-0.013547636608609817,-1.4629360538206597,654.9549318793809,50.0,1.0076029396292303,456.3806256857365,1.0152816108970746,4.3404455844259115e-05,0.007762125084605393,0.0010145581118180173,0.0010678214414133248,0.004502956229437495,0.008705514918921244,0.5042307286473839,6.470536195560617,0.0003310301640399628,0.058505489468191826,649.7918755284093,2.7487667980423214,0.34627732687373336,0.06328795043586097,1.2160741051608133,0.08557672190202224,3.853272720264315,0.10888393115352363,0.1345119112573082,0.014463454548523923,Transient,transient_099
0.0009192068747773785,0.7140025193731668,0.7140031110664071,1.5266931274751923,2.7724933423200433,2.138216352016793,0.011001165876961627,-1.4666791271251531,652.5445665440104,50.0,1.0049548321064325,337.0368292438137,1.0099973255013894,0.00019063251163494067,0.009375684717194466,0.001993699729671002,0.0023444569969574116,0.0015914866329764586,0.008733141757344007,0.5097434163379636,6.442998731012975,0.0015176075917997431,0.0701604206096535,646.3742006822083,2.7415255732038606,1.2080264985377303,0.11790907548323606,4.857871826035017,0.17103064182361782,0.4664989849647267,0.037883774035944555,0.013067552434823207,0.004507332116997144,Transient,transient_100
0.000595661449393503,0.7088302728640343,0.7088305231443294,1.462067871392648,2.8041675764666847,2.062648014796175,-0.0011205913931053124,-1.4582505689650191,643.1241094925615,50.0,0.9939526671643717,541.984323147751,0.9879679949317011,6.267911334065698e-05,0.01603951594864509,0.001221996498910075,0.0012806468896354322,0.004279118434256169,0.008967482340640882,0.5012772676950283,6.300706368469288,0.0004773742523612426,0.12148303641131503,633.9171906639499,2.714713537432371,0.3162984843439592,0.060538195164994,2.9566737863377526,0.13311604935964144,7.550339170188844,0.1524186828652805,0.3421258417690599,0.02306666574704849,Transient,transient_101
0.00042173247362545794,0.7046132797908379,0.7046134060006813,1.2291701515161468,2.3061014821325423,1.7444603537861354,0.005451060737474113,-1.491289999686507,635.4944664523276,50.0,0.9936466092680002,439.5769728093021,0.9873466592723424,3.130741892331436e-05,0.005100332201638253,0.000864402643200969,0.0009043908277803654,0.0028303539074469894,0.008466333663525194,0.49702261726081337,6.293489390769724,0.00023830717904477694,0.039040612586459154,634.1727350213712,2.71516441420925,0.28448064232713677,0.05741582398412071,1.0215244685884963,0.07842842413142687,2.5041465532638045,0.08777850672869564,0.1468694573436332,0.015113311483105532,Transient,transient_102
0.0004895628449746337,0.6758530832988447,0.6758532606093829,1.2521037442440672,2.3763664126581663,1.8526266235857998,-0.01523813692966347,-1.4763985570237959,584.675366241708,50.0,0.9511945810974671,408.7248400490983,0.9047888057687331,4.416943597592542e-05,0.008645673963707221,0.0010147101903838056,0.0010850328837170452,0.03267294963889621,0.008259242059500058,0.4763157277504641,5.768421953859804,0.00033876507976546765,0.06486730614752104,580.1122248647633,2.5970235411949716,0.2725574660146409,0.05629459425793244,4.214330596924995,0.15268774980008057,1.3853700989717106,0.06528875547372474,0.07160400827005539,0.010552601457556213,Transient,transient_103
0.0010629009594941064,0.7076403049857618,0.7076411032428739,1.685032212414903,2.9209489983559993,2.3811960677391455,0.025580794787147955,-1.4322528052139134,640.9675916784533,50.0,0.9941850988108454,359.3494950241235,0.9884884537710502,0.00025785487451373537,0.012715928610981109,0.0023109530078600656,0.002732067661177663,0.0017763390467258364,0.008800279947147688,0.5052304177108221,6.306632076257063,0.002057276678507341,0.09515244568295288,632.7901141636337,2.7125636231972843,1.5534783662579428,0.13397482812894224,6.387372354741013,0.19609779928463184,0.5883300369004287,0.042546782709401244,0.015545905760509997,0.004916009989774398,Transient,transient_104
0.00037035450693611026,0.7021002836259271,0.7021003813060268,1.341251347696617,2.5132228182980545,1.9103412893748182,-0.012308280176634918,-1.4650559294223624,630.9695301504873,50.0,0.9887276148020717,457.2005244380004,0.9775924296355704,2.4633380566232932e-05,0.008066976379400397,0.0007633995703711053,0.0008035916716804062,0.003440003776790105,0.008541839646811282,0.4945724915366384,6.2312590416686575,0.00018800752657815864,0.06071179629527582,627.6780097321102,2.7012619487469407,0.28174485345461675,0.05722050605438819,1.3825962607903752,0.09107069873425705,3.8635577490055164,0.10903029239787528,0.15703106308776527,0.015627142267075712,Transient,transient_105
0.0005961552332123365,0.7061777774931765,0.7061780291302358,1.3329399319858486,2.4983574088440843,1.8875409273574777,-0.014615076551040645,-1.479147853950269,638.3198832976182,50.0,0.9937907111912127,361.3230419976572,0.9876462489441604,6.832771122882015e-05,0.009616218687022192,0.0012475715011205962,0.0013614008935858546,0.0038749861901523396,0.008616289154559375,0.4984094405868076,6.297076653574643,0.0005279047990393042,0.07209823963798553,632.1432776393183,2.7111653858483846,0.2943115689867718,0.05849969690131502,4.537343579703094,0.16532085782909361,1.7444977350267594,0.07326293802707995,0.028549951262090627,0.00666340489552799,Transient,transient_106
0.00027539103926145226,0.7372015313931638,0.7372015828310804,1.2219703956465777,2.3583009749680697,1.6575797232450027,0.001340848854632238,-1.4923919229288831,695.6367023726725,50.0,1.0407017551799795,355.3314940950792,1.0830657231622434,1.3684969889459564e-05,0.0037850684901945346,0.0005675344232612403,0.000601571649320238,0.0036189297876056,0.008666244491960401,0.5205936728921723,6.903426469313008,0.00010460239032147403,0.028439509231733294,695.420361407875,2.843299175379757,0.311747160166272,0.06012613571595998,1.1509524264816497,0.08298736696044189,1.3635317637673072,0.06477246347925272,0.05781115665169337,0.009481808407737302,Transient,transient_107
0.0007065012794178372,0.6901379987922062,0.6901383604183795,1.634954557758137,2.8088879774027378,2.369024316753842,-0.022947946520330147,-1.4418497956753582,609.6524243468403,50.0,0.9695999232793122,533.2989307964066,0.9401607158760468,8.820708317797916e-05,0.011445453273013762,0.0014494889988722697,0.0015193715849104827,0.005223435106908975,0.008683721972017108,0.4854969145398305,5.990610970075662,0.0006718478944443727,0.0870481278162514,603.1638617499635,2.64804722577981,0.2964057497855323,0.058707567277727,1.5368617554212087,0.0961372323728063,6.227988403553038,0.1384268376699639,0.24063720558493892,0.01934529820287899,Transient,transient_108
0.000491804642304744,0.7013124204704665,0.7013125929127114,1.3144382612558503,2.4524689585064,1.8742544687452618,0.007131181950436463,-1.4771089495997731,629.5543718117766,50.0,0.9854513552907143,586.0621995409501,0.9711321411118842,4.2115629927184456e-05,0.0017408303657800413,0.0010053264151183548,0.0010463851563442563,0.002515628670349352,0.008776569884448956,0.4930842661194007,6.1894390373086985,0.0003200074109807776,0.026850508431161293,622.4004857312462,2.6900523282059816,0.3381754990311907,0.0626976822753761,0.7775081287646818,0.06842783854856074,6.808042381639566,0.1447299378568833,0.49002322452818625,0.027605615963928277,Transient,transient_109
0.00044437489317315505,0.7337360417128179,0.7337361762768956,1.1848542289984492,2.2862398495817797,1.6148232393405897,0.0015009713716631656,-1.4933846067878498,689.1120337631228,50.0,1.0359562310454669,240.22723185672282,1.073220048469932,4.393221890398004e-05,0.003465048641104376,0.0009608548496898102,0.0011226963096363128,0.0008037284531219085,0.008568393803438027,0.5183790762307989,6.839960421921849,0.0003487887050845519,0.025952542766822625,687.2681605531232,2.826851990410296,0.37848316655886993,0.06625371192965017,2.075091116339936,0.1118058524637909,0.19887168460029747,0.024736870831892844,0.002872183913631856,0.0021132014745139567,Transient,transient_110
0.0006589624038125019,0.7345027412032213,0.7345030367986889,1.8073718194577764,3.1927996712173092,2.4606730386475943,0.015752288371889276,-1.4255811898976183,690.5532301651149,50.0,1.0282465741312588,592.7395950561449,1.0573229013689611,7.530748501914255e-05,0.0031548639403754324,0.001345623465401226,0.001397977071870846,0.0032889379199438325,0.009406003416851275,0.5191054735809453,6.743582295486942,0.0005718844916550792,0.0526883453479445,679.489056854926,2.8104328872103985,0.43320686162051597,0.07093551000091156,1.7120133325906912,0.10145525762285847,11.251601155639804,0.18606534133890149,0.839123935143627,0.0361249749172859,Transient,transient_111
0.0005281100144945095,0.6821079212381795,0.682108125678076,1.0662486029629923,2.0957400477922445,1.5631665462150643,0.0008272192295206274,-1.4961701576164268,595.5475137485541,50.0,0.9632407419414927,239.425965199524,0.9278535404017759,6.206534387917921e-05,0.0026185587139717983,0.0011419037503440526,0.0013346009940577868,0.000890598964734165,0.007963221925046284,0.48520774513666604,5.916985099366882,0.0004928901629462172,0.019588440917760335,596.3373170534345,2.632858799920194,0.34458708368153734,0.06329928180313664,1.5482956282984714,0.09657553996132297,0.15125066831763093,0.02157067254584182,0.0018778683837237797,0.0017088722728109543,Transient,transient_112
0.0005279930353178531,0.7137953501436824,0.7137955454213676,1.3877975874935458,2.520487973424238,1.9442508382037567,-0.01909699258816921,-1.4782657295129717,652.1652232491363,50.0,1.0038722214611973,560.2190061751315,1.0077799071864069,4.8267356596778e-05,0.0013969828416629385,0.001077746958983871,0.0011187938054740907,0.002531953394545998,0.00887306693508948,0.5030424959867972,6.425213239218765,0.0003664326851037039,0.016940309287550498,645.4824099137332,2.7395484459210144,0.329855715544785,0.06193139879172829,0.5889254072086029,0.05951820967435642,6.214195949181172,0.13827318303088415,0.4174665755750972,0.025480261422530633,Transient,transient_113
0.0012669166219024918,0.7540953127255497,0.7540963769654191,1.6053915081654608,3.192732725247038,2.1288943392403423,-0.010271031896572639,-1.4229383321747304,727.8865225630356,50.0,1.0503264715298406,375.5360940066037,1.1033059287282978,0.00034801182052954076,0.033606896511338614,0.002720668854414486,0.003145242022307956,0.0025491638363349,0.009777057157647356,0.5337919287490988,7.038795675378337,0.0027457114486197777,0.2517624579245861,708.0241464748967,2.8689962600043977,1.2319271485791208,0.11949380605463565,18.131836293699816,0.3304755564108843,2.5145888780468986,0.08796133366632543,0.0411270426170961,0.007997525945939965,Transient,transient_114
0.0006911484632183939,0.7341513027174329,0.7341516280496162,1.8328927065005325,3.1991851865507748,2.4966132832360395,0.023173773401228732,-1.4137503938951976,689.8926245989146,50.0,1.0277204137628773,590.8023326189376,1.0562443469341813,8.415649507312553e-05,0.01992359665011547,0.001416855571055012,0.0014830101618041854,0.004608749065051493,0.009429253663638545,0.5190833333929137,6.736874876255201,0.0006407261580860631,0.15240807536620596,675.9988926657919,2.803648119462994,0.4468459068164457,0.07203576935672079,2.849755692303998,0.13096105175608644,10.448526368597767,0.17930142061992355,0.540743717076532,0.02899916541834507,Transient,transient_115
0.0010920099096943746,0.7387263970034272,0.7387272041256556,1.4913407302308488,2.781676498140328,2.0187976317915006,-0.008250158719530259,-1.473910455776558,698.5188891075943,50.0,1.038530202817261,387.92708714982786,1.0786335880582796,0.00024656182304684006,0.012477530581116359,0.002324450270367783,0.002624258600543966,0.0029992233713999825,0.009192187866264488,0.520316453828896,6.8716873969149255,0.0019297479015481561,0.09342131577699266,690.7799471862303,2.8340776318884457,0.8563637411064715,0.09912487970338706,6.4683256360718815,0.1972926444017803,1.0237340154951293,0.05612269201638099,0.036876421318953884,0.007572556252812394,Transient,transient_116
0.000538145621767444,0.717987268723633,0.7179874703989846,1.2983538988523946,2.3897559260022194,1.8083238947458136,0.011518324681021869,-1.486874018722424,659.8476897919139,50.0,1.0109680582348926,549.5799377427368,1.022077676402989,5.003130514205059e-05,0.0011820961422956701,0.0010978599888423269,0.0011384891434135672,0.0024948383854884433,0.00885628817184451,0.505637149529153,6.515123119262827,0.0003796905074635804,0.012392069866255403,655.6081488906186,2.7608019049014767,0.34453517097811553,0.06315521669938609,0.9201691260670091,0.07421770219186431,4.43989054296509,0.11687783618589463,0.3668423296895872,0.023885444679807185,Transient,transient_117
0.0013101639574975954,0.7264071577172717,0.7264083392366038,1.4425362402687676,2.6264839604127106,1.9858475768364257,0.013015050329362987,-1.4601765811096494,675.4164163999756,50.0,1.0160739425333327,380.56635952344834,1.032534645508843,0.0003966977088325895,0.022338254780017854,0.002855028416286799,0.003396545709588094,0.0020712558378559753,0.009278071813475024,0.5090066693045203,6.57843881487336,0.00317477284025781,0.16718962215050007,660.868887763196,2.772091396377815,1.3932365399755058,0.12696503096958092,12.347957758261568,0.2727341694405183,1.1631900642532025,0.059824622992348836,0.027561004436480737,0.006545974540622741,Transient,transient_118
0.0007220682510219012,0.7300491278862256,0.7300494849734487,1.3757921400821305,2.741370866747256,1.884519020145987,0.001693180359191195,-1.461483166870513,682.204480652797,50.0,1.0245707777820559,370.7429093148535,1.0497838874110466,0.0001025005234412229,0.016010525097647,0.0015194157439858034,0.0016755161299603998,0.0032297168072109987,0.009089013666089156,0.5129839325918338,6.689286162898296,0.0007950168692942643,0.1200291128541425,673.8268463432026,2.798821270064626,0.341451765324966,0.06278582867607058,7.646836051899545,0.21459073402309087,2.6687989005618147,0.09061835687099128,0.04593210879874281,0.008451850813848902,Transient,transient_119
0.0005923838339364107,0.6801652925685041,0.6801655505341369,1.2965538317064196,2.37243101747656,1.9062327262624874,0.014330566519881242,-1.4762353518658164,592.1602254507591,50.0,0.9581960070779874,386.6198371308056,0.9181654985329212,6.580639505083277e-05,0.006950300370311057,0.0012329791280903293,0.0013293315994859004,0.00810972738041931,0.008260437820158692,0.48000439066064354,5.853814494618916,0.0005061922890600626,0.05212616575122526,590.1281992973338,2.6191014630410376,0.3241513239492612,0.06139053063035889,2.3687176284168068,0.11892110343708308,2.1755031123887694,0.08181554464383659,0.03309592776364823,0.007174304676265274,Transient,transient_120
0.0007597413578803002,0.7038951379488121,0.7038955479578686,1.5275384437905626,2.8391261891538537,2.1701209053247523,0.0202334801130172,-1.4235691480456336,634.2002463166823,50.0,0.9864889148726477,375.64792809583093,0.9732031480958965,0.00011439614807167364,0.017573162059024178,0.0016016086445561199,0.001773253169788112,0.0030476377979485165,0.008846861064214938,0.49884744700020445,6.207278582152732,0.0008885504009735039,0.13173836785556142,624.6255283574086,2.6947063979190573,0.34507875946618943,0.0631081662057136,8.607569416746282,0.22768223472407645,2.6872723483760725,0.09093143561697674,0.04497686518789191,0.008363514399264882,Transient,transient_121
0.000852064781231826,0.7271025817579772,0.7271030810094998,1.476255038809162,2.615211857980649,2.030324279134562,0.025865620011991972,-1.4657911567378303,676.7089797292895,50.0,1.0206249801170877,530.3823043097257,1.04172886611207,0.00013276293923036194,0.015126144456470328,0.00176292493603757,0.0018779768849045797,0.02217653252619151,0.009244615688025438,0.5103919620179347,6.640847544094956,0.0010168365399442281,0.11362998985540591,667.6441713383069,2.78609655128414,0.4720338975003915,0.0740072949420362,3.35800865302971,0.1381143690590934,6.4325718092309625,0.14068477256359382,0.15143510892381926,0.015345712014730922,Transient,transient_122
0.00044288272187866797,0.6922578178436504,0.6922579595141958,1.4588415469439577,2.632881393955511,2.1073669531595103,0.0072877219336182995,-1.4773107357648294,613.40298561377,50.0,0.9751978552207567,539.1812373829287,0.9510252547985723,3.37849543631518e-05,0.0006204192328282357,0.000902831882302161,0.0009349369931965588,0.001950145494078986,0.008465462206634371,0.4909627000562007,6.064680937925511,0.00025627208618364056,0.005864383340893691,610.3222632752086,2.6636981277014105,0.3003424245499214,0.05900420329396099,0.6529469760879089,0.06267731565005638,3.819988635615858,0.1084124859546372,0.3292477788443338,0.02262843781066824,Transient,transient_123
0.0007122571752092299,0.6896340867004225,0.6896344545115255,1.738454312272476,3.0210500752460145,2.520834481074932,0.03761884479562297,-1.3887389510667303,608.762471487244,50.0,0.964558583960495,596.7096113118594,0.9304105495497417,8.916428389665239e-05,0.0186350945550124,0.0014592544456723383,0.0015258466065633124,0.004549814548526069,0.008914481276256067,0.48758467728070265,5.934346609564,0.0006785454735034192,0.14369523624924202,595.5359039269791,2.6315019546393654,0.33271270023001315,0.06202220769322012,3.3340570231360807,0.14141488077835473,9.400915351991756,0.1700738230731398,0.5163176029588737,0.028336768719554872,Transient,transient_124
0.000587952759424848,0.7055910662664904,0.7055913112301838,1.5889608963531128,2.747089109212829,2.251956438608265,0.028668652945546887,-1.4370401061441882,637.2596460589186,50.0,0.9923952413651367,573.9275362367304,0.9848737179503866,6.048989958878904e-05,0.0062869421316656985,0.0012033514270509695,0.001255433084239857,0.003331494867345954,0.00881866715641694,0.5004143540797298,6.28089531945398,0.0004599903630906718,0.059295496811986245,631.4504615288118,2.70950075820063,0.31031909796431356,0.05994045781113685,1.1499087694747065,0.08322829836573653,5.489121048407772,0.12995874430675142,0.3502011427991401,0.023337073965051868,Transient,transient_125
0.0006460897307813019,0.6793543707714026,0.6793546779982813,1.4059949664136804,2.589716203773337,2.0696037165069288,-0.006536532876096457,-1.4731432950833636,590.7491565032301,50.0,0.9550346562151683,536.7430358517562,0.9121219427510875,7.554191927299319e-05,0.01047745057387755,0.0013334238388075965,0.001413378149533792,0.008666711592670146,0.008518889498079196,0.47812764480728265,5.812260928831169,0.000577568082396617,0.07884975032018,585.4876999562482,2.6089148443864834,0.31000258364284206,0.0598129530551768,2.628260368360347,0.12496907930284516,4.204542656446514,0.11374017916672355,0.14847235159641461,0.015194787728782631,Transient,transient_126
0.0006007266672754197,0.7011996441441709,0.7011999014692178,1.438619463517301,2.8243282480310006,2.0516538301002654,0.010992338624670021,-1.4436648383689403,629.3520663301642,50.0,0.9790524556106875,657.2489617673493,0.9585702574096862,6.338754658695661e-05,0.007801505203314151,0.0012312391211177214,0.001286537896138371,0.003407578048502828,0.009150165882182513,0.4900124791414181,6.108833808612678,0.00048225483861928984,0.1197568822130935,613.5470512268513,2.6709855224004135,0.33061159299146126,0.061988962935650614,2.532272543020513,0.12340744183190815,12.569754240844718,0.19666158132887548,0.8081641237912796,0.0354516246583427,Transient,transient_127
0.0006311145396148577,0.7054764438358961,0.7054767261312767,1.72212599757747,3.0339632928348785,2.4410812345559534,0.02665573917906167,-1.4097731801820859,637.0526862245176,50.0,0.987847123732257,597.962042717008,0.9758712286287242,7.008165913990102e-05,0.017159184101688096,0.0012936469250074921,0.0013527389762519157,0.003964572281103355,0.009046815724688208,0.4987361693402183,6.224003461156971,0.0005333741030106021,0.13355784559795783,624.5923362263413,2.694928148867468,0.31443577009458124,0.060459837379339174,2.3439088334466374,0.11882626172659007,9.675900094323321,0.1725446434583573,0.5277345340639479,0.02864817252474252,Transient,transient_128
0.0005982984973714079,0.6999889237298766,0.69998917942037,1.41006770355173,2.6059083746708303,2.0144135723888335,-0.024702808167413517,-1.4508976091260404,627.1806096711719,50.0,0.9830435514278012,449.6156588766446,0.9664009612315269,6.493144465729165e-05,0.013347169285198383,0.0012339765312411755,0.0013103071358870207,0.014882041899789557,0.008715630085121455,0.49164337127831076,6.160358460357834,0.0004968017807949591,0.10018595226163794,619.800450924489,2.684355551631592,0.29900440461219013,0.058896413549635436,3.1998501573142586,0.13882404099621282,5.424068530355173,0.12918585506629318,0.12519818786857637,0.013953832872647455,Transient,transient_129
0.0005453721077209317,0.7071538094098699,0.7071540197111423,1.5512079448265856,2.8230604579709415,2.1935927698721533,0.034543514722913435,-1.4297736871886848,640.0855137198421,50.0,0.98755082422028,736.6769776281714,0.9752784452304605,5.0909904747821634e-05,0.0005874625112739933,0.0011101192998207673,0.0011462526410479844,0.0021278284598787002,0.009251977877847288,0.4938497900867518,6.217146361847013,0.00038580097081397207,0.00487509723072198,624.4005229697939,2.6944708593331934,0.48408102594235897,0.07500567846216198,0.7026535819697668,0.0650089637803956,13.38625788075489,0.2029456532137125,1.759918530996734,0.05231623132375634,Transient,transient_130
0.0006816404814378452,0.6811242713801942,0.6811246124586502,1.1257020437565823,2.2294935181150644,1.6527108596053985,0.001821732906201479,-1.493181335422159,593.8313442520914,50.0,0.9611281990384442,261.52749466660606,0.9238021307637544,0.00010557035882968246,0.003940906126655429,0.001480214863312217,0.0017468732847380555,0.0010448934694460017,0.008061559201709584,0.4852752371579585,5.891777251755347,0.0008420771339290346,0.02946649604657891,593.130314201584,2.625862118576264,0.44629355703492674,0.07203114892968594,2.250174891272144,0.11642654925542797,0.19804317337024757,0.02468293107947755,0.0024018141634699576,0.001932621258055535,Transient,transient_131
0.00026616955399387797,0.7136110185315192,0.7136110681707675,1.1778963717349815,2.2357122007083907,1.650613932814534,-0.005553097717984398,-1.4944792285452475,651.8281684682545,50.0,1.008118067939096,361.6007688038968,1.016307247945185,1.2496404709800493e-05,0.0019363903064800677,0.0005458447302964623,0.0005716348900485028,0.0017954500617725615,0.008309416903947486,0.5040704578544172,6.478925634104754,9.51497631155182e-05,0.014896609027512057,651.2327240783195,2.7516836857579325,0.30736289704175457,0.059782712762784414,0.45993724838247074,0.052496675876465594,0.9544486917016364,0.05419186479447673,0.06084906135676479,0.009727817649078908,Transient,transient_132
0.00036269600697749207,0.7208181403768362,0.7208182316261943,1.3821269159694904,2.575276595847287,1.9174416729852133,-0.004197489375435342,-1.480814358219035,665.0610214972337,50.0,1.0165835804637857,412.89967246463067,1.0334518470036191,2.3170498995614323e-05,0.005347650407255738,0.0007435146419433636,0.000778147677503987,0.0024801043926507005,0.008610485452004794,0.5086514014332891,6.5866441626128935,0.00017638953855596937,0.04064680595463321,661.6840730977257,2.773754135719036,0.3229976868740288,0.061284155687303485,1.0648994961378517,0.08003279779396363,2.5547602722480236,0.08866054487467066,0.12015361719051648,0.01366981135993848,Transient,transient_133
0.0003363176755815822,0.6821527283194952,0.6821528112258353,1.245128765241447,2.3374471250283118,1.8252930204921582,-0.011479274142593499,-1.4815415858532628,595.6255460650368,50.0,0.9618722021001114,437.33955706391873,0.9252064430108119,1.971154015557755e-05,0.002636641904378708,0.0006876303894494901,0.000715979471149367,0.0018286551883252545,0.008176049110704402,0.4809716500102029,5.898066168497518,0.00014979866394006236,0.02974999648138373,592.1506727240936,2.624010241395888,0.2815105393537729,0.05716387946679857,0.4875430883451667,0.05414359182447003,2.923854692759626,0.09484750556599522,0.1611509610564493,0.015831091923247033,Transient,transient_134
0.00038566776242393574,0.6955521214752814,0.6955522283972553,1.2308042105207437,2.339511904595459,1.7695352847263355,0.00605018130114594,-1.4843652015505555,619.254915108336,50.0,0.9815648808703493,285.2127721300246,0.9634806132006513,2.8938064448434612e-05,0.004060620922402401,0.0008092992162442034,0.0008880165824737077,0.002004689669851902,0.008197029467495814,0.4925892885928855,6.143131371985324,0.00022407528932104543,0.03044219905039241,616.7078408472173,2.677855283657766,0.3013933334334619,0.05919883107264551,1.9359183059540372,0.10796456321473284,0.7575550434896725,0.04827954962959465,0.013537612485749903,0.004588426781255357,Transient,transient_135
0.0012506634760087066,0.7375784546098705,0.737579514943179,1.7354889204904875,2.9724186012976777,2.352951628031361,0.033019676888909825,-1.4248549932687877,696.3501323056834,50.0,1.036557074072265,317.1015293838348,1.0745675508348391,0.00036172873507960034,0.013080337590237995,0.0027255690759113585,0.0032432505357622094,0.0017712654158851821,0.009131875537326797,0.5275748496734465,6.856096892466644,0.0028950203033213935,0.09778282938763203,687.7423536878385,2.827890367582942,1.2089255975118607,0.11783114017046362,7.084895433174565,0.20659132597360128,0.6992005976700728,0.046382932052075575,0.016422429869611867,0.005053743221732348,Transient,transient_136
0.0004122043501274042,0.6811343730349146,0.6811344977624408,1.058954626606363,2.059026764288386,1.554692399347742,-0.0012972350445794615,-1.4991184244662519,593.8485811738784,50.0,0.9622042715402912,264.108804788703,0.9258497000325949,3.5767124018456825e-05,0.00199013856640216,0.0008810023315910642,0.0010028652350862438,0.0010731046460603442,0.007914964433984246,0.48346203229025564,5.90351361591484,0.00028086482593277413,0.014902015839795415,594.7133181484598,2.629332549046652,0.32777712338917453,0.061704773087041975,1.0895196976986716,0.0809985178677653,0.20824003959013648,0.02531126100128386,0.003955238325168561,0.0024797009402532976,Transient,transient_137
0.0002633522994709203,0.7070678245428721,0.7070678735865628,1.233325720845913,2.352094823081979,1.744281938009985,-0.002527477439100661,-1.4876594585098455,639.929571658526,50.0,0.996897455752148,507.090119248536,0.9938096275868181,1.1818229350005846e-05,0.00012137121206083894,0.000535306401932876,0.0005515104918423099,0.0009764473739109396,0.008490394925125268,0.5001811000794287,6.336474569487137,8.94837280734802e-05,0.0009945599733174417,638.5879094914133,2.7245684481927106,0.3139859801024119,0.06040446618915664,0.11917556081891333,0.026779343297921997,3.3495690752483975,0.10151956572263117,0.4796658303069965,0.027312576708446536,Transient,transient_138
0.0004977971433408057,0.7165982571281536,0.7165984300297505,1.6693445981180768,3.017538770399506,2.3295398484845165,0.020438318807542624,-1.4217069654970236,657.2970366990121,50.0,1.0038940563000893,695.779067742155,1.0078214530761,4.283132954825445e-05,0.000693666711173628,0.0010153689083564617,0.0010539091137042975,0.0021882176404235624,0.009203418365023856,0.5057311982118199,6.427167399552359,0.00032510405672425815,0.006096796060620417,645.1703606334336,2.7389388118350895,0.34800907723258095,0.06361183956750058,0.5947276506095153,0.05984089815077665,10.5346671572227,0.18003472884100044,1.2033765169737138,0.04326014426267484,Transient,transient_139
0.00031176267020849855,0.7062131264499145,0.7062131952648049,1.1906657662008282,2.32476246308232,1.6859862916504766,0.001502026988395758,-1.4945337475856315,638.3834587726406,50.0,0.9971022651056073,429.52586178097994,0.9942200609802959,1.6728747965629384e-05,0.0003031304942195372,0.0006354188193329969,0.0006577672903450478,0.0013651248572260286,0.008335319031111468,0.5007940102203641,6.33936014965775,0.0001268799766339881,0.002856798456936451,636.2861777471918,2.720050461858553,0.3083782511906698,0.05988097458611985,0.3569862392821526,0.046362401088086355,1.664107453450097,0.07155481237962244,0.14553909670244167,0.015044728050110144,Transient,transient_140
0.0005302253339283414,0.735975052195341,0.735975243192894,1.2587440858782533,2.355123481514361,1.7103076462405338,-0.0040904273827594515,-1.4952962501042872,693.3242349988345,50.0,1.0383913237168714,312.25960348456164,1.0782773460092112,5.4548772509981385e-05,0.00495704312261224,0.0011124425963762348,0.0012189168679777697,0.002883620225607208,0.008734247247212973,0.5220599412576515,6.875600260376885,0.0004220766837656117,0.03715543620161603,690.0668609955229,2.832672106025726,0.3632146181498432,0.06485152448792453,2.2637357493681525,0.11673459224727145,1.0111343147892715,0.055777885164618714,0.02051102924448668,0.0056479145378568706,Transient,transient_141
0.0008777550437780058,0.6908379105318736,0.6908384681544318,1.1909960146831304,2.2955713727887104,1.723986242200931,0.00046488450967521543,-1.4869952046575472,610.8899700249112,50.0,0.9725212945063504,337.66646017603836,0.9458549213915504,0.00015964456859249808,0.008461772310816323,0.0018691059984387317,0.002112570852526298,0.0022470975560968907,0.008442744641331795,0.4869908126923684,6.026830715243168,0.001250355081515316,0.06335568388399525,605.7415193287404,2.6538727035990717,0.5349220269564684,0.07877783904094725,4.400655684130282,0.16279463146295575,0.9576210583991167,0.05428183492077647,0.020301155890938984,0.005618945959903543,Transient,transient_142
0.0007366026690534766,0.678498637301183,0.6784990371423192,1.5079943685640091,2.669882907106584,2.222544596250438,-0.028482003773714095,-1.430511818238577,589.2620075559093,50.0,0.9526866215880707,455.02449889263596,0.9076518817782211,0.00010252114500040569,0.012848590297885978,0.001535996692370392,0.0016618478994299575,0.008999797028365055,0.008505891310815125,0.47686381693645097,5.784189371156688,0.0007895663488946865,0.09636161776009365,581.0565431841642,2.5992846623140915,0.40334214683069547,0.06843209993074256,4.29221035603222,0.16069922646971566,3.914474643740479,0.10974738738889384,0.08446345930185833,0.011460793332846268,Transient,transient_143
0.00027424026513439006,0.7058721671330035,0.7058722204059074,1.2792632533862358,2.4416744781146247,1.8123156237098994,0.002927233755126972,-1.4879202493820176,637.7671571721803,50.0,0.9963339218645206,415.11937613532524,0.992686813400762,1.326535113313201e-05,0.003380032859978146,0.0005624086424396217,0.0005889383452803696,0.0017689819115177066,0.00834478131737125,0.5003268781844397,6.329603119395282,0.0001010020361234006,0.026227625412324342,635.286428639847,2.7179130370679823,0.30764733959778184,0.059739536640482184,0.5917436489940934,0.0596764578608713,1.8493743412034964,0.07543452293051672,0.10138857485090427,0.012556845476812059,Transient,transient_144
0.00034761489879476805,0.674780826292924,0.6747809158302265,1.1929136341674007,2.2644614314884395,1.767853248632431,0.0024918604921919984,-1.4859968708305484,582.8214839919093,50.0,0.950862807256126,491.8673334435461,0.9041489587652913,2.0949379882452798e-05,0.0006190741239274708,0.0007101815059729762,0.0007372489843104353,0.0016747428397673025,0.008168343483164416,0.4757218232658873,5.762737589018252,0.0001590521944312842,0.00792869323941185,578.662452752617,2.593952545877356,0.2962949914027454,0.05869659192959764,0.6276181985188283,0.06147133171654556,3.347981817243278,0.10149490318874546,0.2587141685190456,0.02005870495693707,Transient,transient_145
0.0005422728986509584,0.7263958974255985,0.7263960998357832,1.8062950751832707,3.2503809497219365,2.486653047268748,0.017051321024568012,-1.3994997591675056,675.3936561364956,50.0,1.0131665249036501,778.453489584559,1.0265279881927083,5.0444012917423784e-05,0.00056863273403219,0.0011043488419197518,0.0011413778554471008,0.002115897252879037,0.009581914762042221,0.5107025395437225,6.546652299639571,0.0003823627122259826,0.0046790438344867956,659.1183502026081,2.768077570026914,0.4217578721716334,0.06960110057707528,0.5012236808508844,0.05476524598616056,15.383830063821051,0.21756004029558293,2.487678628953461,0.06219938691332693,Transient,transient_146
0.0004800716508986891,0.7298236879399791,0.7298238458334326,1.5260348967597805,2.773164425381471,2.0909633269313264,0.021074601141264738,-1.4475861801242051,681.7828428122906,50.0,1.0262439484587822,558.1218102653708,1.053193555135741,3.964259699746841e-05,0.0006911384822842521,0.0009782419192328493,0.00101243085911103,0.0020824197987441124,0.0090458878311608,0.5160325130547367,6.715724679080911,0.00030065126412223415,0.006427986533632443,674.3604250088578,2.8001903049111787,0.3878061586538079,0.06713399200734856,0.5668753389418422,0.05835422584931628,6.5716082466434385,0.1421980684145342,0.6221573947517939,0.03110601313401167,Transient,transient_147
0.0007948628094897658,0.7205660678343685,0.7205665062443366,1.240796814110448,2.4641972525074234,1.7219740348130819,-0.0015623711745211327,-1.485751590062625,664.5965950990972,50.0,1.0152172974133522,346.433085410787,1.0307132350299295,0.00013630833472162213,0.007541150161181998,0.0017080882248017703,0.001966648276928401,0.0017875073408866904,0.008736189545752634,0.5083558410173695,6.567552234454611,0.0010754128042163979,0.05645944017912022,660.0988665695106,2.770405599902648,0.6180340180974233,0.08432510908242082,3.9820117290493338,0.15487177720581846,0.6477318142219992,0.04464156313183643,0.0134435275495099,0.0045715629746945815,Transient,transient_148
0.0005808242383857354,0.7444078502085353,0.7444080768025619,1.4134401607355758,2.557483984450771,1.898743719714585,-0.016216346900736613,-1.4847656242492535,709.3035325553778,50.0,1.0467626562371752,619.58855535282,1.095736815371674,5.7926189132971045e-05,0.0008481366331201106,0.0011831110811255192,0.001223325102518798,0.0024220144918222193,0.009331760765009769,0.5252914955432378,6.986408964830608,0.0004391783513685223,0.007442828593873907,704.2768753491474,2.8612250886706443,0.3413775101540516,0.06289011228696416,0.6062608264837736,0.0603920321240855,6.689415413707363,0.14346508905764757,0.7920732004887239,0.035097374913184556,Transient,transient_149
0.0005027070519989851,0.7066147971082212,0.7066149759286685,1.2900203348963473,2.362673520131418,1.8256340140528622,-0.013491135708804019,-1.4892788684232185,639.1100469845411,50.0,0.995756166899449,498.9153249173406,0.9915489221176566,4.447686011955664e-05,0.006098897665685347,0.0010303503734740308,0.001077906095236012,0.0032608484850575278,0.008622701640457085,0.4988380066506549,6.321656643332499,0.00033853785414970515,0.04737269330306288,634.5940354822136,2.716426238515574,0.30816915320087834,0.05985505749139239,1.381426829196811,0.09112737423838803,3.0304593176853567,0.09656166471541813,0.1799747920085007,0.01672995806032145,Transient,transient_150
0.000912058450318265,0.7353909374770959,0.7353915030608247,1.564850223598119,2.985127441844592,2.127914474239664,0.0043596188255922924,-1.4413712130872325,692.2248483507954,50.0,1.0300325815250833,372.0759615692772,1.061029060034914,0.00017709345346382936,0.02034658272557839,0.001953810249875382,0.002236563286572682,0.002118921639665923,0.009287027728808739,0.521974664635279,6.768329352907041,0.0013938169905228213,0.15247308905513826,681.7810659603882,2.81518731932769,0.6848289269905622,0.08886965804416429,10.938415178493498,0.2566666892325874,1.7454914800761303,0.07328521942478834,0.02997232378974389,0.006826915455178267,Transient,transient_151
0.001104453556949192,0.6870976256016714,0.6870985132607361,1.3402736895788394,2.4059493530960587,1.9506281322257637,0.015187897552620558,-1.4798122013242505,604.293589664146,50.0,0.9647261232322432,406.13507879925515,0.9307872402880923,0.0002572431767881999,0.013082238592014897,0.0023613302378012986,0.0026904606711383194,0.0027557220891996194,0.008650905019878332,0.4828211767148879,5.932102087229635,0.00202064023559241,0.09794060810679993,598.0233980831603,2.6366110062737835,0.8472642659064192,0.09859264651822705,6.720610803623703,0.2011006263530531,1.099603277813534,0.05816636074184924,0.02294925416461744,0.005973125780159856,Transient,transient_152
0.0004334324711096349,0.7319769373903705,0.7319770657166066,1.3809165038856088,2.5569314550417026,1.8865570638224889,-0.0037250502853767415,-1.4853738411054807,685.8117436609195,50.0,1.033002280321297,327.0990026293237,1.0671075887063313,3.5137905970808986e-05,0.00439890601141448,0.0009015391047766406,0.00097101757145399,0.0070359719199406135,0.008650197517679996,0.5169321558263223,6.800857058229653,0.00027013624353504665,0.03299336681166047,685.630245068396,2.8231384478165475,0.31009899174221484,0.060042782749946844,2.1195017932649756,0.11273038462391714,0.8051422702557411,0.04977104033125893,0.023069331679084322,0.005989780841708193,Transient,transient_153
0.0005614200549809267,0.6821864271019652,0.6821866581183064,1.3550908889434228,2.465043396741075,1.9863931268887898,-0.011248841324414786,-1.468624634399551,595.6846547387175,50.0,0.961504578767596,354.5141153715448,0.9245144064982745,6.298282872159147e-05,0.006143271496924488,0.0011862696461730758,0.0013172450080152754,0.0023226759226222587,0.008216235169413229,0.48122260206570133,5.891828939613724,0.0004899193304922767,0.04604300789123049,591.7180658154651,2.6230597737098797,0.3572501977120983,0.06419326459370962,3.103724084986883,0.13661258275396995,0.8387776846531968,0.050801969258357844,0.01566286905464326,0.004934950796598714,Transient,transient_154
0.0005490491795331232,0.708849069034144,0.7088492816710574,1.508609862241459,2.776315345344032,2.1282519447334414,0.011880534171843734,-1.4513696778696574,643.1581492807347,50.0,0.9964104835331158,421.50942213149443,0.9928560750382277,5.602934350270213e-05,0.011937878982298557,0.0011397212915933994,0.0012251863419101082,0.015578970000478202,0.008751369088276758,0.5023739485437119,6.331952290506333,0.0004303959920699951,0.08954993511225835,635.4218348445792,2.7182026211212684,0.349885257305615,0.06375746890886938,3.645330567805772,0.14558262781699,4.046001332131221,0.11157585750190592,0.07189502385880761,0.01057391639003468,Transient,transient_155
0.0006774681264307747,0.6941525615508408,0.6941528921431187,1.2477959836191583,2.3993199919869665,1.7975809043522553,-0.011074603379068935,-1.4814458793740088,616.76574421844,50.0,0.9771609011977231,265.55763605550646,0.9548773744845629,0.00010514854810034208,0.008703015678668043,0.001467077944614465,0.0017563486428083073,0.000961863329844973,0.00839082744076901,0.4910448854952079,6.088654263061188,0.0008414217980744268,0.0651618450146567,611.7947242296444,2.667052235151633,1.0457960236285337,0.10984318341679697,4.625675587694919,0.1669173326184887,0.3736640110907599,0.033906211235690736,0.0031026836394598563,0.002196652883052979,Transient,transient_156
0.000703340123963242,0.683610492970375,0.6836108547898645,1.3916786978164042,2.5402665084785996,2.0357761847449853,-0.016691136234337812,-1.4565316586081538,598.1744650067573,50.0,0.9623580597992621,349.36229046471726,0.9261698006685458,0.00010263239102104196,0.008340264687333801,0.001498279384977935,0.001694255247247976,0.0019476806771349547,0.008330680705853502,0.4817086839183474,5.902168241251135,0.0008036865572389202,0.062485414399458976,593.6996842973292,2.6272750817952892,0.4191302483075036,0.06974244350330752,4.379914975928682,0.16243271576137897,0.9346646710774373,0.05362725012026572,0.01890980027389447,0.005422588578677178,Transient,transient_157
0.00027771350744816846,0.6979797857137676,0.6979798409623512,1.2089794426595248,2.3611800515300505,1.732112264146329,-0.001966200100786518,-1.4847678493267311,623.5850987389813,50.0,0.9837021001040858,492.7116828883209,0.9676754756774657,1.3152322885836038e-05,0.00015043839751704115,0.0005647910324596825,0.000581956832276373,0.0010668020058235861,0.008410724043644823,0.4937718121800953,6.169969809479754,9.961957621388704e-05,0.0012575737495314882,621.7248217877722,2.6883633199114345,0.2979334568053412,0.058843622166422076,0.2316850383499686,0.03722198919750749,3.634389131482308,0.10574784520526204,0.4730058535626685,0.02712235713093126,Transient,transient_158
0.0007542765024636577,0.67402829191911,0.6740287139584151,1.2918496032288487,2.3389510213259763,1.9166091539931547,-0.01629516428243994,-1.4710456533534453,581.5228252677568,50.0,0.9504874601347595,285.15903435862765,0.9034688551628609,0.00012584843977751033,0.005016547087765872,0.001628868469068074,0.0018983962149281442,0.0013008043130288182,0.008060433595461223,0.47564264047128924,5.7580587495165805,0.0009982158099732918,0.03752241655125433,578.3254381086275,2.5931878430917408,0.5800564991273821,0.08203381062101697,2.64295175586806,0.1261637858777539,0.3591714220084815,0.033243325792163846,0.0079162359110649,0.0035087261441047153,Transient,transient_159
0.0007012342342098965,0.6924624258420536,0.6924627809005426,1.5769544363324823,2.838535877238178,2.277312918218345,-0.038372778844764206,-1.4012011245282985,613.7660197536164,50.0,0.9684027189247393,559.745010531955,0.9378400682708339,8.97575128391428e-05,0.020721226724835673,0.0014503028278321267,0.001543517409023517,0.013917536644378763,0.008937874000403256,0.4845947210004999,5.977142875514263,0.0006872079941163307,0.15562204000746488,600.2342912975425,2.6418680052154775,0.3706943987103915,0.06560089004804993,5.3432839004328665,0.17775196339666222,7.928829662765365,0.15619277129731413,0.24036677703643586,0.01933364263634527,Transient,transient_160
0.00044438091196515874,0.7008497614503009,0.7008499023324027,1.4777519325920352,2.6693563960282374,2.108514145000267,-0.027396139782977672,-1.4435570247626142,628.7239495671533,50.0,0.9844927732355279,662.0008349767711,0.9692405021348585,3.364027898560899e-05,0.0003426983713536015,0.0009033146427871799,0.0009306119660388819,0.0016463797389885178,0.008812116042301508,0.49243138345331827,6.178139353350153,0.000254734129071668,0.0027992490782177033,621.9653120811438,2.6889915664250714,0.31292665557731797,0.06027603313673574,0.16144615462480688,0.031163706820701364,7.300264656652356,0.14986809523995304,1.008592536146439,0.03960493097230282,Transient,transient_161
0.00031728792949738404,0.6780467914258611,0.6780468656623488,1.2163101720351017,2.3075953688668536,1.7938438087832727,0.0029893621858038642,-1.4917930992987791,588.4768666042053,50.0,0.9570747720611961,463.58396705236396,0.9159995072987946,1.729354264839103e-05,0.0002705198987204337,0.0006463674603205596,0.0006684852933724142,0.001342488001555757,0.008054871237712686,0.48087975026532587,5.84074336808763,0.00013112421896847553,0.0024232114940349525,587.0261720889337,2.612502234245703,0.30155272277452777,0.05912506845862998,0.3124329660344437,0.043220769818124255,1.8034815743387056,0.07449068747133535,0.17932230448043893,0.016699773146762378,Transient,transient_162
0.0009505426142732976,0.7056456381574342,0.7056462783731479,1.5515858999122454,2.7574246973105145,2.1988153944313207,-0.022030595874111793,-1.4390457331293116,637.3589378327988,50.0,0.9914534969870232,324.6849391035953,0.9830473830122811,0.00019693931176019723,0.012597947712838932,0.0020462812944291356,0.002368589544468362,0.0017690108980592978,0.008715012593389783,0.49648216674400814,6.263795666794205,0.0015576244841472024,0.09433063718525522,632.2918535005259,2.710969897501609,0.7570469440961508,0.09361202956978784,6.825465218746017,0.20277378766797627,0.9125259252724601,0.05298831169543427,0.01692539148129533,0.0051305494121922845,Transient,transient_163
0.0002841814742449766,0.6924214910332913,0.6924215493497272,1.3421542320017743,2.529802492346125,1.9383484428817839,-0.003669807509102184,-1.4742762294331044,613.6929305649621,50.0,0.9755607444735036,481.52859732540537,0.9517247127041557,1.3897960691019957e-05,0.0001990705568239713,0.0005789255176735437,0.0006000752192064226,0.001174410886223561,0.008365459985417281,0.4880586182275034,6.066044906521322,0.0001053448165520907,0.0017427067834669273,611.9772135208835,2.667127001390869,0.3079968863284022,0.05977097828096377,0.3638851051385662,0.04668321128639347,3.891994018839479,0.10943092221977606,0.3859340947220614,0.024499135043017154,Transient,transient_164
0.0005782915750232265,0.6801300125087959,0.6801302583596472,1.3056168628880718,2.475509584366322,1.9196570757417364,-0.017965674376412732,-1.462473980644992,592.0987754705415,50.0,0.9556342663813957,375.51041383057776,0.9132616141619513,6.584870365062997e-05,0.01178737154538042,0.001217126765124504,0.0013430479679564463,0.002774475657099449,0.00841070208952551,0.4780302769902932,5.822217181480001,0.0005108566406600896,0.08837579788903457,584.8339680367963,2.6076906567746043,0.3884428054623414,0.06714380500305418,5.6378719282793135,0.18427674317976495,1.8809270595323742,0.07607429979363586,0.02824316513405106,0.006627238310643456,Transient,transient_165
0.0004844043394019892,0.7119403533242026,0.7119405181185816,1.298340706031418,2.4426761522652383,1.8236645800981668,0.008088631360198726,-1.4831392754430515,648.7799057138617,50.0,1.0032231015877584,384.4708705129009,1.006473913275191,4.4748994948710496e-05,0.007145006194435074,0.0010125825048423178,0.0011007393456326816,0.004962454570383394,0.008598092681641334,0.5017403825911071,6.415752481983147,0.0003452429601592811,0.053583991404988145,644.1362768174122,2.7367735404485933,0.32091552985927363,0.0610861107294621,2.9906385707054115,0.1342219258211765,1.684903885727646,0.07200122369810694,0.035607593819517835,0.007441112407538148,Transient,transient_166
0.0005479830911548966,0.7403935182203953,0.7403937210081155,1.2479534500911724,2.352951400986233,1.6855267875452553,0.00309948408744657,-1.4935131145058065,701.6740634985513,50.0,1.0453538197340901,267.6384382714409,1.0927869864343325,6.516262180412654e-05,0.003498484745449378,0.0011787823482517165,0.0013613052878386671,0.0011229481735839275,0.008683676297645004,0.5228446461887798,6.965808088411373,0.0005147929132232932,0.026189378388428115,699.4419655394042,2.8518324462496514,0.3675321362305884,0.06536176836558955,2.120514751051181,0.11302280527273358,0.22004551588450305,0.02601871013113198,0.006738306264706006,0.003236883173385163,Transient,transient_167
0.0005429162454082759,0.7184521387313249,0.7184523438653843,1.6436814907531345,2.8428100694565295,2.2878086553487837,-0.021033463955599675,-1.445739661906363,660.7024261192504,50.0,1.0101754755460295,616.4611722068297,1.020476132950553,5.102714826681724e-05,0.0011223735129777055,0.0011082182705672084,0.0011502490658121059,0.0025222156148263573,0.009002976414927174,0.5056041394510765,6.503262594984102,0.0003873712083377798,0.011174875249512337,654.4781107993198,2.7584339130878806,0.38555062645744564,0.06676761463938015,0.8488139831664718,0.0713485232781079,6.120424872090835,0.13722858490038833,0.6181503534783461,0.031005271977807104,Transient,transient_168
0.0005193511497170178,0.6975206087004402,0.6975208020463973,1.1215175214132274,2.117326979039432,1.6078624725188038,0.0009849360571951762,-1.4963356572482374,622.7651446879352,50.0,0.9854398803357183,207.55229446452066,0.9711119642153695,6.428803137597887e-05,0.001888550623403197,0.0011386955845814264,0.0013740324148332958,0.0006620733874035515,0.00806355995199122,0.4929230502485208,6.190010863185788,0.0005179695151093383,0.014104000921810468,621.7186578220117,2.6886947031329815,0.39063488428914833,0.06709268152477063,1.1092779054393238,0.08174077984507472,0.09700828517021981,0.017276527704325872,0.002411515441854359,0.0019365724954802908,Transient,transient_169
0.0005656563912025236,0.7245632727572431,0.7245634935572175,1.5444476232740563,2.7666432255083677,2.131555946449243,-0.02672450716101087,-1.4419466589760437,671.9900879306751,50.0,1.0182924933625528,554.2842893188124,1.0369431578706472,5.716536553705959e-05,0.012330764676632735,0.0011637679008867138,0.001225725535940057,0.004740475482533868,0.009068336679263815,0.5094669067836827,6.60912541962513,0.00043612063759817604,0.09323778408151057,664.6403645052701,2.7798255840412187,0.31866529582452474,0.06087121831328554,2.1338438946154246,0.1133769178713483,6.03744183896862,0.13629435892803538,0.2545815396889799,0.01989721239035876,Transient,transient_170
0.0005591439054587922,0.6974093411812199,0.69740956532638,1.4554257636064585,2.5640286971268833,2.0869024974202186,-0.009620738568475574,-1.4765188029189458,622.5665303151746,50.0,0.9834580452546682,410.8228238173386,0.9672127834780656,5.75909925184757e-05,0.005382581664556308,0.001158877842651254,0.0012388565803830255,0.019897552920784895,0.008411537267121282,0.4922849888006674,6.16360123932542,0.00044165607213105456,0.04040575381392605,620.5259044875846,2.6858952138076786,0.31151687820104157,0.0601817001911646,3.272679457664095,0.1360339612837654,0.27874067149843607,0.02928425412747574,0.05380478998497228,0.009147334209736869,Transient,transient_171
0.0004773002288624151,0.7251781810954515,0.7251783381709742,1.298622596986618,2.5270462531001865,1.7907630835473922,-0.004470805300585925,-1.4894985407005674,673.1310363550923,50.0,1.0213181509545408,538.9787329059814,1.0431074880541498,3.9261920231581734e-05,0.0007646382614265508,0.000973135975552811,0.0010079888400184912,0.002126864978723412,0.008889764509674842,0.5134546005691111,6.651339770102121,0.00029784546869368546,0.0074066326653044615,667.9473039344416,2.7868383170001274,0.3674158600883892,0.06536090616607984,0.7494648497999902,0.0669706557103875,4.446351713113031,0.11696353187098779,0.3729854231168265,0.02408460775702931,Transient,transient_172
0.0004459794917617832,0.6919089894458342,0.6919091331769387,1.5127846330110386,2.771288807009032,2.1863920570939985,-0.02859512825150974,-1.4208886540689563,612.7849581742882,50.0,0.9693486033974714,663.0971045484752,0.9396513123121513,3.446724940117752e-05,0.0006493770658642321,0.000910633418233729,0.0009460911379816958,0.0020344740142345047,0.008847073934692007,0.4849210987335857,5.989252290631553,0.00026170552499695665,0.005965701456129799,602.9908282679161,2.6476574061030544,0.33942336238056553,0.06282077171126607,0.6312532874217246,0.061530197880809184,9.789904119262038,0.17355554692112962,0.9908394739489961,0.039254553586584126,Transient,transient_173
0.00038389132318256136,0.6870440834194158,0.6870441906705661,1.3154466222149184,2.3634254487383606,1.9146463067086075,0.008385902820237622,-1.4835595431901691,604.1980415157417,50.0,0.9702251217831241,345.5544379169405,0.9413476477789064,2.687453897881642e-05,0.0026240965328769724,0.0007937004914341166,0.0008444488403690732,0.010080847230575157,0.008071493399292345,0.4880754837227444,6.002746967751818,0.00020575249443846686,0.019710434030976817,603.1131161271828,2.648081800250714,0.27425803839993596,0.05643542148436635,0.322993304061914,0.04285005315782502,1.4663586262393566,0.06717044829629873,0.031530086485985466,0.007002499987513771,Transient,transient_174
0.0007370237901220932,0.7123077845537705,0.7123081658523704,1.4523955768520687,2.791877124706483,2.0389989143421476,-0.0005799999237714648,-1.460854482388211,649.450141619159,50.0,0.9991905711585087,452.64554979195464,0.9984218764353369,0.0001007545692404465,0.01610328321172109,0.0015300492045851818,0.001641034529391227,0.021308678836066325,0.008956064266565629,0.500296209317474,6.3619274363934455,0.0007735895965813567,0.12080194412389016,639.7926571981882,2.727398200896937,0.38780811890136074,0.06683031868119972,7.0280427518526025,0.20137790069520334,3.2332390952667796,0.09974123872206471,0.12533175040140432,0.013961207459603393,Transient,transient_175
0.000789281174961004,0.6791947867831191,0.6791952453883491,1.5384261197210147,2.810807213403785,2.2650719806483792,-0.016426536305061343,-1.4276677139806986,590.4719121384189,50.0,0.9516493575701501,402.65522048999395,0.9056826584320095,0.0001221805315476482,0.016745390686898808,0.0016598950875493274,0.0018285167446503794,0.0037515850248243097,0.008565618493245494,0.476570364091642,5.770697317353149,0.0009471027312328543,0.1255340807618242,581.881830894431,2.600782878022448,0.43939982298267977,0.07106135800773322,8.0955485457697,0.22077480101147193,2.493192549861587,0.08758454217702741,0.04015057860771605,0.007901973147069368,Transient,transient_176
0.00039346372848517717,0.7117821058038633,0.7117822145546261,1.278377407487097,2.43191475352287,1.7960232516981376,0.006570296822371265,-1.4841337283388503,648.4914188240483,50.0,1.0029757600003442,409.00761027936454,1.0059717743154162,2.7616182887527125e-05,0.007113352423150276,0.0008092729171937901,0.0008520642510601301,0.003785634147720895,0.008581861640049027,0.501669474695771,6.4122908772496965,0.00021065703688191657,0.05350754874223184,645.3844777111308,2.739177761966002,0.2967873759022027,0.05863538794968738,1.7589814833894089,0.10279440964848387,2.874312560084344,0.09404225109185198,0.11081823371700422,0.013128037726785077,Transient,transient_177
0.00036866694182767225,0.7105275179179628,0.7105276135619043,1.3070233576545471,2.419172909746844,1.8395109953581474,0.009507687104499854,-1.485490519549247,646.2073467314877,50.0,1.0006771415652702,602.6085225830745,1.0013647164862556,2.336285718131416e-05,0.0003062197266769436,0.0007511894486713223,0.0007770835347759977,0.0015075840549986035,0.008724418617854925,0.5004875857074336,6.383064445972333,0.00017715328551528024,0.0025917807846943097,640.8919255808597,2.7298737303526783,0.32350292483355697,0.06115282301249441,0.34593973495941205,0.04549561113608177,4.4383530971943355,0.11685785297126719,0.5933301977087132,0.030376402535785448,Transient,transient_178
0.00047532421860710936,0.7331783856649595,0.7331785397428029,1.438047983091295,2.7357566828558157,1.9613885365409045,-0.0018266112346599136,-1.4762821283974383,688.0649870584177,50.0,1.030985917805364,635.2086903192462,1.0629485540253432,3.914541393781699e-05,0.0007291767598654826,0.0009704708299052777,0.0010076671964495485,0.0021588752542960406,0.009169365044580248,0.5159249900028108,6.774350116487061,0.00029719417265062185,0.006707876625587217,680.4020817689552,2.812742279951801,0.3730347572822279,0.06578266605749258,0.7905789620050755,0.06878167430283069,6.401122251513886,0.140339407993998,0.6115704867894114,0.030839524979454844,Transient,transient_179
0.00024053694614069586,0.7175611668763683,0.7175612071921096,1.13173783957554,2.1727849620852524,1.5772004230866503,0.00023629626836969492,-1.4974073725118011,659.0644301657569,50.0,1.013648903651554,450.1705588706676,1.0274883444000118,9.8895718513239e-06,0.00011159022323692636,0.0004894051360479585,0.0005049427411092104,0.0009275136083066002,0.008398363396437507,0.507003634558398,6.549435582932879,7.492472332250183e-05,0.0009249362006459278,657.6234019723036,2.7652709664218045,0.30997963094738484,0.060036738150935486,0.12788697783451788,0.027687963694895717,1.276145315605194,0.06266068963625167,0.1676481372804395,0.01614685984764905,Transient,transient_180
0.00034272674908527033,0.7166874114691582,0.7166874934167519,1.1832224288238955,2.2875181126353574,1.6509600623576166,4.13610597122166e-05,-1.493882821433824,657.4604329215831,50.0,1.0110878162336712,555.4305837447989,1.0223071918856763,2.016086935049831e-05,0.0002547233400491122,0.0006980666911255201,0.0007216284497152156,0.0013814407543967884,0.008632786282502147,0.5058129416417934,6.516014472091709,0.00015283872512526124,0.002145257554822079,654.6616413631891,2.758979243353838,0.33148166617719216,0.06207547638931207,0.31220416456494093,0.04335348154701527,2.6106429800337208,0.08962445193102518,0.33096892502054076,0.022687131595086084,Transient,transient_181
0.00056723977855897,0.7186166376156582,0.7186168614908787,1.255763754443213,2.345788583324109,1.7474732666809334,-0.009195562287115823,-1.4861855603287442,661.0050478323208,50.0,1.014688003646702,247.35503349394915,1.0296157720123162,7.242104405510148e-05,0.003121426030389038,0.0012294607092198137,0.001444537234245242,0.0009304123937038786,0.008407000748128007,0.507544327633624,6.56297107684043,0.000576407661655298,0.02335034753504184,658.9392437332896,2.7680420720165384,0.4621145621902859,0.07305168671721818,1.7895425620354917,0.10382712291585174,0.204843523271456,0.025105509903688844,0.004785478991440426,0.0027279219743277243,Transient,transient_182
0.000296836144422391,0.7053219138837551,0.7053219763457962,1.1806271477469603,2.261347805589358,1.6738839669536452,-0.003498242383872254,-1.494627413124018,636.7732356049149,50.0,0.9956760037493684,350.8661160930116,0.9913772010767932,1.616794246551797e-05,0.0035168511898148354,0.0006146867520156551,0.0006558273078693272,0.010015979387289943,0.008301572970593939,0.49935750935609496,6.320830593862204,0.00012389104089123197,0.02639975347477069,636.7605635378469,2.720704302784932,0.2866988541273539,0.05773314387483882,0.9756825432721126,0.07428510184791125,1.374327530396616,0.06502837674052313,0.03388011646077193,0.00725856194103873,Transient,transient_183
0.0005218848797200581,0.7214123109645681,0.7214124997358075,1.5044253041715796,2.825531585371241,2.0853884632168675,0.026971292671983137,-1.4301212600102564,666.158073312085,50.0,1.0095232943982206,618.1147264065668,1.0191572776139075,4.747266622744113e-05,0.0022639507458488872,0.001067135189728146,0.001111354146421566,0.0027188309707143264,0.00926081014602321,0.5054653906929766,6.497542496857686,0.00036081000051571435,0.04660780099935628,652.2830465060308,2.754030957043004,0.31956506382390776,0.06084127740727308,1.8460179915012904,0.10543374905195595,11.245250436682882,0.18601186781474183,0.8465933741072015,0.03628504247778537,Transient,transient_184
0.0006105325368373604,0.7292745219126996,0.7292747774748384,1.2575527239601387,2.4465445031737545,1.724388067160053,-0.0028612499362079646,-1.4941251332366536,680.7573773580481,50.0,1.0277689252461748,432.877223554981,1.0563364128226518,6.722600999067423e-05,0.007069927810110246,0.0012588787042902877,0.0013323889854210062,0.009113863990431448,0.008869118852658201,0.517370997753218,6.736075267251974,0.0005137470110149412,0.05316921486340513,676.2159255894371,2.8040627005245486,0.3318039169327067,0.06210295517344714,1.19068911905821,0.0836541497476101,3.483613941608677,0.10353143658077747,0.10951474904575415,0.013050604923760777,Transient,transient_185
0.0012058235607533608,0.6998022689077563,0.6998033077793384,1.7384219937300798,2.9084360435609415,2.4841580118334536,-0.03561455418962813,-1.4136891796016673,626.8475770609964,50.0,0.981341333332006,394.2058808970984,0.9631389509691336,0.00030550168408686735,0.015927587694631495,0.0025757083269135985,0.0029301069161493045,0.0028902511302562155,0.008858095999023029,0.49172550059275233,6.135730623864277,0.0023988757944123935,0.11924390571708784,619.157299374077,2.6827235488149688,0.3738110143862244,0.06562979302515579,8.745551813434503,0.22953004900385415,1.453510947015591,0.06687305330375427,0.018718829309446964,0.005395049498992665,Transient,transient_186
0.0005395692191437152,0.7335043543900577,0.7335045528448461,1.4608906587629713,2.7065058638404764,1.9916586108361802,0.018257983610589935,-1.4583461808547922,688.6770291764705,50.0,1.0305957028293848,492.16629157076204,1.062148946007608,5.263339373071587e-05,0.013615063893835938,0.001113274977025163,0.001179497115506961,0.007506223785488276,0.009134185889715329,0.5159814928785191,6.771614048481579,0.00040235724502562045,0.102290003005837,681.1493784134901,2.814083862114827,0.3423270956923879,0.06308957879214531,3.2115325758100646,0.1382482396086013,5.5758729226693005,0.1309827876714598,0.18628021751805474,0.017020334042055864,Transient,transient_187
0.0009528056453523281,0.7260357448461152,0.726036370048258,1.45603023057902,2.59197973613818,2.0054508157494033,-0.026823839387013788,-1.460587679612326,674.7248776100494,50.0,1.021685061544213,361.15618896956886,1.043907809996851,0.00018728894799642238,0.010108248993524206,0.0020270438572478735,0.002286228124820299,0.0025958051178497756,0.008928943106480815,0.5111268699697675,6.653844747339693,0.0014654890340350317,0.07568950062288018,668.1572302948873,2.787335741258174,0.7531574329393201,0.09308320385038121,5.14612524323297,0.17604429651479447,1.048278304380361,0.05679086671185612,0.013467954876211184,0.004576336792689115,Transient,transient_188
0.0006690497937876406,0.7442564230233548,0.7442567237446669,1.7469971511622302,3.023826877117534,2.3473044924203164,0.020178162646496228,-1.4460198124340091,709.015130674106,50.0,1.0465380255308216,501.78740521314097,1.0952748249815079,8.149789725526909e-05,0.012195250854961062,0.001382820386002347,0.0014699809873032874,0.013029188909163497,0.00926730512090415,0.5283491112305532,6.985634001216681,0.0006237468253351233,0.09163211711459447,701.0245056319329,2.8550624378103397,0.43639935615259756,0.07118173892998873,2.007260833096368,0.10982107146871557,5.833376149761988,0.13397085960899888,0.15942605793204634,0.015745562930263034,Transient,transient_189
0.0002937149120359805,0.6896077381008846,0.6896078006498098,1.1826585286311122,2.2383738704103022,1.7149726663691902,-0.009099448218402417,-1.4903897741560168,608.7154159578467,50.0,0.9731378959308643,490.44270575669185,0.947003697042878,1.4869817673363794e-05,0.0002458925314250326,0.000598870144492015,0.000620341695987111,0.0012755351782453603,0.008224364163526824,0.4867920828604852,6.037275383566303,0.000112804944689483,0.002217445708128453,606.4379518757406,2.655420757887505,0.2867704367813316,0.05774453675220998,0.24434707983719423,0.03836394415065488,2.229305603145694,0.08281945835414797,0.2444645506334673,0.01949833950053699,Transient,transient_190
0.0004707294783272531,0.7043744823619421,0.7043746396548471,1.4710653200014994,2.671598003923158,2.088470023168711,0.019016636429423906,-1.451267045481932,635.0638502257866,50.0,0.9910747174942577,521.4519510429641,0.9822453681969849,3.8456008202096824e-05,0.001708466378779161,0.0009613820576663048,0.0009991829849723126,0.0023694068711136405,0.008676163929077222,0.4987725234400801,6.263587227570845,0.00029206717352856177,0.02747093921960864,628.7771294240406,2.703924349043826,0.3095755917386817,0.05989500931718704,0.8739843085380324,0.07255881258518221,5.226770685621603,0.12681615632954346,0.3820709768390165,0.024376211017230767,Transient,transient_191
0.0005581380309258533,0.7088348036926259,0.7088350234321277,1.532873767186357,2.745840165666313,2.1625254347085323,-0.03918638023833595,-1.4339241838044772,643.1322757683521,50.0,0.9926100757715316,713.6411961031074,0.9852976413921875,5.375236877985174e-05,0.0007971454519182936,0.0011387319932946924,0.001179805741738085,0.002379101002909158,0.009169308950674722,0.4963712290587024,6.28105697972705,0.00040780446372568627,0.006912398709540005,630.8657614307119,2.708382990668921,0.4010443495827612,0.06821019798449875,0.5077051519226078,0.055132626023733255,10.741189995482436,0.18178960490562754,1.2798895010218119,0.04461425547860502,Transient,transient_192
0.0005694243975720992,0.6958028286382346,0.6958030616382147,1.4579768411556502,2.5622313482577006,2.095387217355527,0.02700454915578744,-1.4480564629358263,619.7016327489448,50.0,0.9791365010288071,553.9685411094983,0.9587320947908505,5.608787934675476e-05,0.0015457744435315236,0.0011620414795333993,0.0012057819981359922,0.0027065219500297913,0.008638818088573344,0.4927716941561368,6.11360784332572,0.0004257449412307696,0.01746858302387377,614.8017979991391,2.673521841158853,0.32590112306312813,0.061552323361711854,1.110725052821769,0.08172202324578376,4.693633718910317,0.12017139574072169,0.35463706301663445,0.02348478212575023,Transient,transient_193
0.0008289134194322589,0.7328150690448118,0.7328155378515175,1.543527863087801,2.7654760638009606,2.106297947244731,-0.03393863928018283,-1.4521288292867294,687.3838240212594,50.0,1.0265433792658032,510.8644338317034,1.0538419046739855,0.00012384562395393852,0.019672489123484013,0.00170890267868632,0.001808188279870644,0.012432383766164706,0.00935590977966209,0.5143294926532652,6.718931932975365,0.0009463546078957034,0.1478273935012942,675.0539840989766,2.8015814070207954,0.3979659271578824,0.06796598612086105,6.08838056488323,0.19022036292857683,6.581190117137034,0.14230029211782508,0.22440037373912705,0.018681263487921977,Transient,transient_194
0.0005103764755744977,0.6997798687498183,0.6997800548684278,1.3577783869972526,2.5159698766834655,1.94029306429804,-0.017780743897329716,-1.4687416123285981,626.8059202453246,50.0,0.9847279248923082,426.71804155618867,0.9697083768188824,4.81516605262859e-05,0.00952970413566511,0.0010620482330326874,0.0011347209517187098,0.03650172367858351,0.00857263605954464,0.49241023192848793,6.181755184739142,0.00036922133778294905,0.07150669189278405,621.8595304027571,2.6888255826423086,0.3204922167715469,0.06104110645354683,2.7193179383337203,0.11645679274474759,3.4387887501518963,0.10286299471293513,0.07961772779139718,0.011127339087480537,Transient,transient_195
0.0008208105805946996,0.71691845190899,0.7169189217879468,1.4487591020564385,2.6796784068071724,2.020813034814748,0.0162742748765619,-1.460898370675708,657.8851077345179,50.0,1.0044298397589686,436.7178790514404,1.0089291241925733,0.00013022591062549082,0.018788231743495497,0.0017190558733599683,0.0018812718598665641,0.005285876342463479,0.009074120400078371,0.5026706459014944,6.430034547364463,0.0010071330021121211,0.14085255335524405,647.3160401067496,2.743245381921104,0.31149449155026127,0.06012406355224619,9.036075793618947,0.23325683236317785,3.1301517052979873,0.09813679489580512,0.06643216280467384,0.0101640760177109,Transient,transient_196
0.0006872726138526575,0.6973266072561205,0.6973269459378272,1.3335751538277856,2.4180739232608683,1.9124101851999467,0.012636059521801832,-1.4795548193026415,622.4190329996511,50.0,0.9788613862402535,581.0293906658725,0.9582043373161594,8.31051170885216e-05,0.012388940525208622,0.001408536658913328,0.0014733269437846176,0.0044209158684225935,0.008854446781837605,0.4898044174298413,6.107027609720792,0.0006325243939952602,0.09632026235227534,615.6918426609852,2.675255642823603,0.30327791469889637,0.05936031978810537,1.6041605005744768,0.09799571144657838,7.188145890787257,0.1487176243367722,0.4209821034716314,0.025587133597548207,Transient,transient_197
0.0005692124231898577,0.6851535708440978,0.6851538072894297,1.14846305019665,2.185984476214908,1.676212024185437,0.0037297403231047158,-1.4924275949308061,600.8777467432972,50.0,0.9668042443641038,279.03540243210966,0.934734531714546,6.769530080600307e-05,0.004053509532640667,0.0012142772296123794,0.001377810041361323,0.0013793189654307478,0.008106638294885355,0.4836664468567617,5.9578680462734805,0.0005309148367771649,0.030354488299459047,600.6808649355764,2.642447946193481,0.3141637740355235,0.060222066304789684,2.1775260111934673,0.11450590052439076,0.42614189112473777,0.036210505880105874,0.008600428840764217,0.0036572256313748964,Transient,transient_198
0.00035545092016317503,0.695915631551925,0.6959157223282653,1.3202103670146972,2.4003470730816168,1.897083690818029,0.008088427122629128,-1.4830256208540349,619.9023265070991,50.0,0.9825803995916484,381.08322173320147,0.9654735405300752,2.2597392780850265e-05,0.0029766244361274013,0.0007314429199731568,0.0007710595955266188,0.0035919915400899746,0.008205289687197885,0.4940009310547059,6.156460376620414,0.0001724504331245584,0.022439797299545122,617.9043362373319,2.680466955366246,0.29215639674839655,0.058285175729287604,0.9479169559971125,0.075482513181547,1.0791046699185107,0.057622193744901865,0.05986422624127775,0.009648790064286795,Transient,transient_199
