Time_s,Normal,Voltage_Sag,Voltage_Swell,Interruption,Harmonics,Transient
0.0,0.0,0.0,0.0,0.0,0.0,0.0
0.00015625,0.049067674327418015,0.049067674327418015,0.049067674327418015,0.049067674327418015,0.09537526348604866,0.049067674327418015
0.0003125,0.0980171403295606,0.0980171403295606,0.0980171403295606,0.0980171403295606,0.18869951560032974,0.0980171403295606
0.00046875,0.14673047445536175,0.14673047445536175,0.14673047445536175,0.14673047445536175,0.2780196339546059,0.14673047445536175
0.000625,0.19509032201612825,0.19509032201612825,0.19509032201612825,0.19509032201612825,0.3615728181993231,0.19509032201612825
0.00078125,0.2429801799032639,0.2429801799032639,0.2429801799032639,0.2429801799032639,0.4378684296486188,0.2429801799032639
0.0009375,0.29028467725446233,0.29028467725446233,0.29028467725446233,0.29028467725446233,0.5057547179260926,0.29028467725446233
0.00109375,0.3368898533922201,0.3368898533922201,0.3368898533922201,0.3368898533922201,0.564466795888739,0.3368898533922201
0.00125,0.3826834323650898,0.3826834323650898,0.3826834323650898,0.3826834323650898,0.6136533154929115,0.3826834323650898
0.00140625,0.4275550934302821,0.4275550934302821,0.4275550934302821,0.4275550934302821,0.6533805345575282,0.4275550934302821
0.0015625,0.4713967368259977,0.4713967368259977,0.4713967368259977,0.4713967368259977,0.6841137742431918,0.4713967368259977
0.00171875,0.5141027441932218,0.5141027441932218,0.5141027441932218,0.5141027441932218,0.706677571967026,0.5141027441932218
0.001875,0.5555702330196022,0.5555702330196022,0.5555702330196022,0.5555702330196022,0.7221970572816996,0.5555702330196022
0.00203125,0.5956993044924334,0.5956993044924334,0.5956993044924334,0.5956993044924334,0.7320241468371447,0.5956993044924334
0.0021875,0.6343932841636456,0.6343932841636456,0.6343932841636456,0.6343932841636456,0.7376530060904527,0.6343932841636456
0.00234375,0.6715589548470184,0.6715589548470184,0.6715589548470184,0.6715589548470184,0.740629810149793,0.6715589548470184
0.0025,0.7071067811865476,0.7071067811865476,0.7071067811865476,0.7071067811865476,0.742462120245875,0.7071067811865476
0.00265625,0.7409511253549591,0.7409511253549591,0.7409511253549591,0.7409511253549591,0.7445331600287969,0.7409511253549591
0.0028125,0.7730104533627369,0.7730104533627369,0.7730104533627369,0.7730104533627369,0.7480259303134156,0.7730104533627369
0.00296875,0.8032075314806449,0.8032075314806449,0.8032075314806449,0.8032075314806449,0.7538614638689607,0.8032075314806449
0.003125,0.8314696123025452,0.8314696123025452,0.8314696123025452,0.8314696123025452,0.7626546325646414,0.8314696123025452
0.00328125,0.8577286100002721,0.8577286100002721,0.8577286100002721,0.8577286100002721,0.7746898318370405,0.8577286100002721
0.0034375,0.881921264348355,0.881921264348355,0.881921264348355,0.881921264348355,0.7899176479626473,0.881921264348355
0.00359375,0.9039892931234433,0.9039892931234433,0.9039892931234433,0.9039892931234433,0.8079723356887103,0.9039892931234433
0.00375,0.9238795325112867,0.9238795325112867,0.9238795325112867,0.9238795325112867,0.8282086744200142,0.9238795325112867
0.00390625,0.9415440651830208,0.9415440651830208,0.9415440651830208,0.9415440651830208,0.8497556061085013,0.9415440651830208
0.0040625,0.9569403357322089,0.9569403357322089,0.9569403357322089,0.9569403357322089,0.8715830571406182,0.9569403357322089
0.00421875,0.970031253194544,0.970031253194544,0.970031253194544,0.970031253194544,0.892577569730522,0.970031253194544
0.004375,0.9807852804032304,0.9807852804032304,0.9807852804032304,0.9807852804032304,0.9116218618598089,0.9807852804032304
0.00453125,0.989176509964781,0.989176509964781,0.989176509964781,0.989176509964781,0.9276732285317604,0.989176509964781
0.0046875,0.9951847266721969,0.9951847266721969,0.9951847266721969,0.9951847266721969,0.939835802747201,0.9951847266721969
0.00484375,0.9987954562051724,0.9987954562051724,0.9987954562051724,0.9987954562051724,0.9474221050299096,0.9987954562051724
0.005,1.0,1.0,1.0,1.0,0.95,1.0
0.00515625,0.9987954562051724,0.9987954562051724,0.9987954562051724,0.9987954562051724,0.9474221050299098,0.9987954562051724
0.0053125,0.9951847266721969,0.9951847266721969,0.9951847266721969,0.9951847266721969,0.9398358027472011,0.9951847266721969
0.0054687500000000005,0.989176509964781,0.989176509964781,0.989176509964781,0.989176509964781,0.9276732285317604,0.989176509964781
0.005625,0.9807852804032304,0.9807852804032304,0.9807852804032304,0.9807852804032304,0.9116218618598091,0.9807852804032304
0.00578125,0.970031253194544,0.970031253194544,0.970031253194544,0.970031253194544,0.8925775697305222,0.970031253194544
0.0059375,0.9569403357322088,0.9569403357322088,0.9569403357322088,0.9569403357322088,0.871583057140618,0.9569403357322088
0.00609375,0.9415440651830207,0.9415440651830207,0.9415440651830207,0.9415440651830207,0.8497556061085013,0.9415440651830207
0.00625,0.9238795325112867,0.9238795325112867,0.9238795325112867,0.9238795325112867,0.8282086744200143,0.9238795325112867
0.0064062500000000005,0.9039892931234432,0.9039892931234432,0.9039892931234432,0.9039892931234432,0.8079723356887103,0.9039892931234432
0.0065625,0.881921264348355,0.881921264348355,0.881921264348355,0.881921264348355,0.7899176479626473,0.881921264348355
0.00671875,0.8577286100002721,0.8577286100002721,0.8577286100002721,0.8577286100002721,0.7746898318370404,0.8577286100002721
0.006875,0.8314696123025451,0.8314696123025451,0.8314696123025451,0.8314696123025451,0.7626546325646414,0.8314696123025451
0.00703125,0.8032075314806449,0.8032075314806449,0.8032075314806449,0.8032075314806449,0.7538614638689606,0.8032075314806449
0.0071875,0.7730104533627368,0.7730104533627368,0.7730104533627368,0.7730104533627368,0.7480259303134155,0.7730104533627368
0.0073437500000000005,0.740951125354959,0.740951125354959,0.740951125354959,0.740951125354959,0.7445331600287968,0.740951125354959
0.0075,0.7071067811865476,0.7071067811865476,0.7071067811865476,0.7071067811865476,0.7424621202458749,0.7071067811865476
0.00765625,0.6715589548470182,0.6715589548470182,0.6715589548470182,0.6715589548470182,0.7406298101497926,0.6715589548470182
0.0078125,0.6343932841636455,0.6343932841636455,0.6343932841636455,0.6343932841636455,0.7376530060904524,0.6343932841636455
0.00796875,0.5956993044924335,0.5956993044924335,0.5956993044924335,0.5956993044924335,0.7320241468371447,0.5956993044924335
0.008125,0.5555702330196022,0.5555702330196022,0.5555702330196022,0.5555702330196022,0.7221970572816994,0.5555702330196022
0.00828125,0.5141027441932218,0.5141027441932218,0.5141027441932218,0.5141027441932218,0.7066775719670259,0.5141027441932218
0.0084375,0.4713967368259974,0.4713967368259974,0.4713967368259974,0.4713967368259974,0.6841137742431914,0.4713967368259974
0.00859375,0.42755509343028203,0.42755509343028203,0.42755509343028203,0.42755509343028203,0.6533805345575281,0.42755509343028203
0.00875,0.38268343236508945,0.38268343236508945,0.38268343236508945,0.38268343236508945,0.6136533154929111,0.38268343236508945
0.008906250000000001,0.3368898533922199,0.3368898533922199,0.3368898533922199,0.3368898533922199,0.5644667958887388,0.3368898533922199
0.0090625,0.2902846772544624,0.2902846772544624,0.2902846772544624,0.2902846772544624,0.5057547179260927,0.2902846772544624
0.00921875,0.24298017990326407,0.24298017990326407,0.24298017990326407,0.24298017990326407,0.4378684296486191,0.24298017990326407
0.009375,0.19509032201612816,0.19509032201612816,0.19509032201612816,0.19509032201612816,0.3615728181993232,0.19509032201612816
0.00953125,0.1467304744553618,0.1467304744553618,0.1467304744553618,0.1467304744553618,0.27801963395460616,0.1467304744553618
0.0096875,0.0980171403295604,0.0980171403295604,0.0980171403295604,0.0980171403295604,0.18869951560032988,0.0980171403295604
0.00984375,0.049067674327417966,0.049067674327417966,0.049067674327417966,0.049067674327417966,0.09537526348604874,0.049067674327417966
0.01,1.2246467991473532e-16,1.2246467991473532e-16,1.2246467991473532e-16,1.2246467991473532e-16,2.3880612583373386e-16,1.2246467991473532e-16
0.01015625,-0.04906767432741817,-0.04906767432741817,-0.04906767432741817,-0.04906767432741817,-0.09537526348604855,-0.04906767432741817
0.0103125,-0.09801714032956059,-0.09801714032956059,-0.09801714032956059,-0.09801714032956059,-0.18869951560032955,-0.09801714032956059
0.01046875,-0.146730474455362,-0.146730474455362,-0.146730474455362,-0.146730474455362,-0.27801963395460605,-0.146730474455362
0.010625,-0.19509032201612836,-0.19509032201612836,-0.19509032201612836,-0.19509032201612836,-0.36157281819932313,-0.19509032201612836
0.010781250000000001,-0.24298017990326426,-0.24298017990326426,-0.24298017990326426,-0.24298017990326426,-0.43786842964861916,-0.24298017990326426
0.010937500000000001,-0.29028467725446255,-0.29028467725446255,-0.29028467725446255,-0.29028467725446255,-0.5057547179260928,-0.29028467725446255
0.01109375,-0.3368898533922201,-0.3368898533922201,-0.3368898533922201,-0.3368898533922201,-0.5644667958887389,-0.3368898533922201
0.01125,-0.38268343236508967,-0.38268343236508967,-0.38268343236508967,-0.38268343236508967,-0.6136533154929115,-0.38268343236508967
0.01140625,-0.4275550934302822,-0.4275550934302822,-0.4275550934302822,-0.4275550934302822,-0.6533805345575284,-0.4275550934302822
0.0115625,-0.47139673682599764,-0.47139673682599764,-0.47139673682599764,-0.47139673682599764,-0.6841137742431919,-0.47139673682599764
0.01171875,-0.5141027441932216,-0.5141027441932216,-0.5141027441932216,-0.5141027441932216,-0.7066775719670257,-0.5141027441932216
0.011875,-0.5555702330196023,-0.5555702330196023,-0.5555702330196023,-0.5555702330196023,-0.7221970572816997,-0.5555702330196023
0.01203125,-0.5956993044924332,-0.5956993044924332,-0.5956993044924332,-0.5956993044924332,-0.7320241468371448,-0.5956993044924332
0.0121875,-0.6343932841636456,-0.6343932841636456,-0.6343932841636456,-0.6343932841636456,-0.7376530060904528,-0.6343932841636456
0.01234375,-0.6715589548470184,-0.6715589548470184,-0.6715589548470184,-0.6715589548470184,-0.7406298101497931,-0.6715589548470184
0.0125,-0.7071067811865477,-0.7071067811865477,-0.7071067811865477,-0.7071067811865477,-0.7424621202458751,-0.7071067811865477
0.01265625,-0.7409511253549592,-0.7409511253549592,-0.7409511253549592,-0.7409511253549592,-0.7445331600287971,-0.7409511253549592
0.012812500000000001,-0.7730104533627372,-0.7730104533627372,-0.7730104533627372,-0.7730104533627372,-0.7480259303134161,-0.7730104533627372
0.012968750000000001,-0.803207531480645,-0.803207531480645,-0.803207531480645,-0.803207531480645,-0.7538614638689607,-0.803207531480645
0.013125,-0.8314696123025452,-0.8314696123025452,-0.8314696123025452,-0.8314696123025452,-0.7626546325646416,-0.8314696123025452
0.01328125,-0.857728610000272,-0.857728610000272,-0.857728610000272,-0.857728610000272,-0.7746898318370403,-0.857728610000272
0.0134375,-0.8819212643483549,-0.8819212643483549,-0.8819212643483549,-0.8819212643483549,-0.7899176479626472,-0.8819212643483549
0.01359375,-0.9039892931234436,-0.9039892931234436,-0.9039892931234436,-0.9039892931234436,-0.8079723356887105,-0.9039892931234436
0.01375,-0.9238795325112868,-0.9238795325112868,-0.9238795325112868,-0.9238795325112868,-0.8282086744200141,-0.9238795325112868
0.01390625,-0.9415440651830208,-0.9415440651830208,-0.9415440651830208,-0.9415440651830208,-0.8497556061085012,-0.9415440651830208
0.0140625,-0.9569403357322088,-0.9569403357322088,-0.9569403357322088,-0.9569403357322088,-0.871583057140618,-0.9569403357322088
0.01421875,-0.970031253194544,-0.970031253194544,-0.970031253194544,-0.970031253194544,-0.892577569730522,-0.970031253194544
0.014375,-0.9807852804032305,-0.9807852804032305,-0.9807852804032305,-0.9807852804032305,-0.9116218618598088,-0.9807852804032305
0.01453125,-0.989176509964781,-0.989176509964781,-0.989176509964781,-0.989176509964781,-0.9276732285317604,-0.989176509964781
0.014687500000000001,-0.9951847266721969,-0.9951847266721969,-0.9951847266721969,-0.9951847266721969,-0.939835802747201,-0.9951847266721969
0.014843750000000001,-0.9987954562051724,-0.9987954562051724,-0.9987954562051724,-0.9987954562051724,-0.9474221050299098,-0.9987954562051724
0.015,-1.0,-1.0,-1.0,-1.0,-0.95,-1.0
0.01515625,-0.9987954562051724,-0.9987954562051724,-0.9987954562051724,-0.9987954562051724,-0.9474221050299096,-0.9987954562051724
0.0153125,-0.9951847266721968,-0.9951847266721968,-0.9951847266721968,-0.9951847266721968,-0.9398358027472011,-0.9951847266721968
0.01546875,-0.9891765099647809,-0.9891765099647809,-0.9891765099647809,-0.9891765099647809,-0.9276732285317606,-0.9891765099647809
0.015625,-0.9807852804032304,-0.9807852804032304,-0.9807852804032304,-0.9807852804032304,-0.911621861859809,-0.9807852804032304
0.01578125,-0.970031253194544,-0.970031253194544,-0.970031253194544,-0.970031253194544,-0.8925775697305222,-0.970031253194544
0.0159375,-0.9569403357322089,-0.9569403357322089,-0.9569403357322089,-0.9569403357322089,-0.8715830571406182,-0.9569403357322089
0.01609375,-0.9415440651830206,-0.9415440651830206,-0.9415440651830206,-0.9415440651830206,-0.8497556061085014,-0.9415440651830206
0.01625,-0.9238795325112866,-0.9238795325112866,-0.9238795325112866,-0.9238795325112866,-0.8282086744200143,-0.9238795325112866
0.01640625,-0.9039892931234433,-0.9039892931234433,-0.9039892931234433,-0.9039892931234433,-0.8079723356887106,-0.9039892931234433
0.0165625,-0.881921264348355,-0.881921264348355,-0.881921264348355,-0.881921264348355,-0.7899176479626472,-0.881921264348355
0.01671875,-0.8577286100002718,-0.8577286100002718,-0.8577286100002718,-0.8577286100002718,-0.77468983183704,-0.8577286100002718
0.016875,-0.831469612302545,-0.831469612302545,-0.831469612302545,-0.831469612302545,-0.7626546325646413,-0.831469612302545
0.01703125,-0.8032075314806447,-0.8032075314806447,-0.8032075314806447,-0.8032075314806447,-0.7538614638689605,-0.8032075314806447
0.0171875,-0.7730104533627369,-0.7730104533627369,-0.7730104533627369,-0.7730104533627369,-0.7480259303134158,-0.7730104533627369
0.01734375,-0.7409511253549586,-0.7409511253549586,-0.7409511253549586,-0.7409511253549586,-0.7445331600287963,-0.7409511253549586
0.0175,-0.707106781186547,-0.707106781186547,-0.707106781186547,-0.707106781186547,-0.7424621202458743,-0.707106781186547
0.017656250000000002,-0.671558954847018,-0.671558954847018,-0.671558954847018,-0.671558954847018,-0.7406298101497927,-0.671558954847018
0.017812500000000002,-0.6343932841636453,-0.6343932841636453,-0.6343932841636453,-0.6343932841636453,-0.7376530060904523,-0.6343932841636453
0.017968750000000002,-0.5956993044924325,-0.5956993044924325,-0.5956993044924325,-0.5956993044924325,-0.7320241468371439,-0.5956993044924325
0.018125,-0.5555702330196022,-0.5555702330196022,-0.5555702330196022,-0.5555702330196022,-0.7221970572816989,-0.5555702330196022
0.01828125,-0.5141027441932219,-0.5141027441932219,-0.5141027441932219,-0.5141027441932219,-0.7066775719670256,-0.5141027441932219
0.0184375,-0.4713967368259979,-0.4713967368259979,-0.4713967368259979,-0.4713967368259979,-0.6841137742431918,-0.4713967368259979
0.01859375,-0.42755509343028253,-0.42755509343028253,-0.42755509343028253,-0.42755509343028253,-0.6533805345575285,-0.42755509343028253
0.01875,-0.38268343236508956,-0.38268343236508956,-0.38268343236508956,-0.38268343236508956,-0.613653315492911,-0.38268343236508956
0.01890625,-0.33688985339222,-0.33688985339222,-0.33688985339222,-0.33688985339222,-0.564466795888739,-0.33688985339222
0.0190625,-0.2902846772544625,-0.2902846772544625,-0.2902846772544625,-0.2902846772544625,-0.5057547179260928,-0.2902846772544625
0.01921875,-0.24298017990326418,-0.24298017990326418,-0.24298017990326418,-0.24298017990326418,-0.43786842964861905,-0.24298017990326418
0.019375,-0.19509032201612786,-0.19509032201612786,-0.19509032201612786,-0.19509032201612786,-0.3615728181993233,-0.19509032201612786
0.01953125,-0.1467304744553615,-0.1467304744553615,-0.1467304744553615,-0.1467304744553615,-0.27801963395460605,-0.1467304744553615
0.0196875,-0.0980171403295605,-0.0980171403295605,-0.0980171403295605,-0.0980171403295605,-0.18869951560032988,-0.0980171403295605
0.01984375,-0.04906767432741809,-0.04906767432741809,-0.04906767432741809,-0.04906767432741809,-0.09537526348604926,-0.04906767432741809
0.02,-2.4492935982947064e-16,-2.4492935982947064e-16,-2.4492935982947064e-16,-2.4492935982947064e-16,-4.776122516674677e-16,-2.4492935982947064e-16
0.02015625,0.04906767432741849,0.04906767432741849,0.04906767432741849,0.04906767432741849,0.09537526348604886,0.04906767432741849
0.0203125,0.09801714032956091,0.09801714032956091,0.09801714032956091,0.09801714032956091,0.18869951560032955,0.09801714032956091
0.02046875,0.1467304744553619,0.1467304744553619,0.1467304744553619,0.1467304744553619,0.2780196339546058,0.1467304744553619
0.020625,0.19509032201612825,0.19509032201612825,0.19509032201612825,0.19509032201612825,0.36157281819932297,0.19509032201612825
0.02078125,0.24298017990326456,0.24298017990326456,0.24298017990326456,0.24298017990326456,0.4378684296486193,0.24298017990326456
0.0209375,0.2902846772544629,0.2902846772544629,0.2902846772544629,0.2902846772544629,0.5057547179260931,0.2902846772544629
0.02109375,0.3368898533922204,0.3368898533922204,0.3368898533922204,0.3368898533922204,0.5644667958887394,0.3368898533922204
0.02125,0.38268343236508995,0.38268343236508995,0.38268343236508995,0.38268343236508995,0.6136533154929116,0.38268343236508995
0.02140625,0.4275550934302829,0.4275550934302829,0.4275550934302829,0.4275550934302829,0.6533805345575292,0.4275550934302829
0.021562500000000002,0.4713967368259983,0.4713967368259983,0.4713967368259983,0.4713967368259983,0.6841137742431923,0.4713967368259983
0.021718750000000002,0.5141027441932222,0.5141027441932222,0.5141027441932222,0.5141027441932222,0.7066775719670264,0.5141027441932222
0.021875000000000002,0.5555702330196025,0.5555702330196025,0.5555702330196025,0.5555702330196025,0.7221970572816997,0.5555702330196025
0.02203125,0.5956993044924328,0.5956993044924328,0.5956993044924328,0.5956993044924328,0.7320241468371449,0.5956993044924328
0.0221875,0.6343932841636455,0.6343932841636455,0.6343932841636455,0.6343932841636455,0.7376530060904528,0.6343932841636455
0.02234375,0.6715589548470183,0.6715589548470183,0.6715589548470183,0.6715589548470183,0.7406298101497936,0.6715589548470183
0.0225,0.7071067811865474,0.7071067811865474,0.7071067811865474,0.7071067811865474,0.7424621202458755,0.7071067811865474
0.02265625,0.7409511253549588,0.7409511253549588,0.7409511253549588,0.7409511253549588,0.7445331600287968,0.7409511253549588
0.0228125,0.7730104533627371,0.7730104533627371,0.7730104533627371,0.7730104533627371,0.7480259303134164,0.7730104533627371
0.02296875,0.8032075314806449,0.8032075314806449,0.8032075314806449,0.8032075314806449,0.7538614638689609,0.8032075314806449
0.023125,0.8314696123025452,0.8314696123025452,0.8314696123025452,0.8314696123025452,0.7626546325646414,0.8314696123025452
0.02328125,0.857728610000272,0.857728610000272,0.857728610000272,0.857728610000272,0.7746898318370404,0.857728610000272
0.0234375,0.8819212643483548,0.8819212643483548,0.8819212643483548,0.8819212643483548,0.7899176479626471,0.8819212643483548
0.02359375,0.9039892931234434,0.9039892931234434,0.9039892931234434,0.9039892931234434,0.8079723356887101,0.9039892931234434
0.02375,0.9238795325112868,0.9238795325112868,0.9238795325112868,0.9238795325112868,0.8282086744200148,0.9238795325112868
0.02390625,0.9415440651830208,0.9415440651830208,0.9415440651830208,0.9415440651830208,0.8497556061085012,0.9415440651830208
0.0240625,0.9569403357322088,0.9569403357322088,0.9569403357322088,0.9569403357322088,0.8715830571406175,0.9569403357322088
0.02421875,0.9700312531945441,0.9700312531945441,0.9700312531945441,0.9700312531945441,0.8925775697305224,0.9700312531945441
0.024375,0.9807852804032305,0.9807852804032305,0.9807852804032305,0.9807852804032305,0.9116218618598088,0.9807852804032305
0.02453125,0.989176509964781,0.989176509964781,0.989176509964781,0.989176509964781,0.9276732285317605,0.989176509964781
0.0246875,0.9951847266721969,0.9951847266721969,0.9951847266721969,0.9951847266721969,0.9398358027472011,0.9951847266721969
0.02484375,0.9987954562051724,0.9987954562051724,0.9987954562051724,0.9987954562051724,0.9474221050299096,0.9987954562051724
0.025,1.0,1.0,1.0,1.0,0.95,1.0
0.02515625,0.9987954562051724,0.9987954562051724,0.9987954562051724,0.9987954562051724,0.9474221050299096,0.9987954562051724
0.0253125,0.9951847266721968,0.9951847266721968,0.9951847266721968,0.9951847266721968,0.9398358027472012,0.9951847266721968
0.025468750000000002,0.9891765099647808,0.9891765099647808,0.9891765099647808,0.9891765099647808,0.9276732285317603,0.9891765099647808
0.025625000000000002,0.9807852804032303,0.9807852804032303,0.9807852804032303,0.9807852804032303,0.9116218618598089,0.9807852804032303
0.025781250000000002,0.9700312531945439,0.9700312531945439,0.9700312531945439,0.9700312531945439,0.8925775697305218,0.9700312531945439
0.025937500000000002,0.9569403357322087,0.9569403357322087,0.9569403357322087,0.9569403357322087,0.8715830571406182,0.9569403357322087
0.02609375,0.9415440651830207,0.9415440651830207,0.9415440651830207,0.9415440651830207,0.8497556061085015,0.9415440651830207
0.02625,0.9238795325112867,0.9238795325112867,0.9238795325112867,0.9238795325112867,0.8282086744200144,0.9238795325112867
0.02640625,0.9039892931234433,0.9039892931234433,0.9039892931234433,0.9039892931234433,0.8079723356887103,0.9039892931234433
0.0265625,0.8819212643483552,0.8819212643483552,0.8819212643483552,0.8819212643483552,0.7899176479626475,0.8819212643483552
0.02671875,0.8577286100002722,0.8577286100002722,0.8577286100002722,0.8577286100002722,0.7746898318370404,0.8577286100002722
0.026875,0.8314696123025456,0.8314696123025456,0.8314696123025456,0.8314696123025456,0.7626546325646415,0.8314696123025456
0.02703125,0.8032075314806454,0.8032075314806454,0.8032075314806454,0.8032075314806454,0.7538614638689611,0.8032075314806454
0.0271875,0.7730104533627364,0.7730104533627364,0.7730104533627364,0.7730104533627364,0.7480259303134146,0.7730104533627364
0.02734375,0.7409511253549586,0.7409511253549586,0.7409511253549586,0.7409511253549586,0.7445331600287959,0.7409511253549586
0.0275,0.7071067811865471,0.7071067811865471,0.7071067811865471,0.7071067811865471,0.7424621202458741,0.7071067811865471
0.02765625,0.6715589548470181,0.6715589548470181,0.6715589548470181,0.6715589548470181,0.7406298101497923,0.6715589548470181
0.0278125,0.6343932841636454,0.6343932841636454,0.6343932841636454,0.6343932841636454,0.7376530060904519,0.6343932841636454
0.02796875,0.5956993044924332,0.5956993044924332,0.5956993044924332,0.5956993044924332,0.7320241468371438,0.5956993044924332
0.028125,0.5555702330196023,0.5555702330196023,0.5555702330196023,0.5555702330196023,0.7221970572816994,0.5555702330196023
0.02828125,0.514102744193222,0.514102744193222,0.514102744193222,0.514102744193222,0.7066775719670256,0.514102744193222
0.0284375,0.47139673682599803,0.47139673682599803,0.47139673682599803,0.47139673682599803,0.684113774243192,0.47139673682599803
0.02859375,0.42755509343028103,0.42755509343028103,0.42755509343028103,0.42755509343028103,0.653380534557527,0.42755509343028103
0.02875,0.3826834323650889,0.3826834323650889,0.3826834323650889,0.3826834323650889,0.6136533154929105,0.3826834323650889
0.02890625,0.3368898533922193,0.3368898533922193,0.3368898533922193,0.3368898533922193,0.5644667958887382,0.3368898533922193
0.0290625,0.2902846772544618,0.2902846772544618,0.2902846772544618,0.2902846772544618,0.5057547179260922,0.2902846772544618
0.02921875,0.24298017990326343,0.24298017990326343,0.24298017990326343,0.24298017990326343,0.4378684296486183,0.24298017990326343
0.029375000000000002,0.19509032201612797,0.19509032201612797,0.19509032201612797,0.19509032201612797,0.36157281819932285,0.19509032201612797
0.029531250000000002,0.1467304744553616,0.1467304744553616,0.1467304744553616,0.1467304744553616,0.27801963395460627,0.1467304744553616
0.029687500000000002,0.09801714032956063,0.09801714032956063,0.09801714032956063,0.09801714032956063,0.18869951560032977,0.09801714032956063
0.029843750000000002,0.04906767432741644,0.04906767432741644,0.04906767432741644,0.04906767432741644,0.09537526348604719,0.04906767432741644
0.03,3.6739403974420594e-16,3.6739403974420594e-16,3.6739403974420594e-16,3.6739403974420594e-16,1.0716897453812517e-15,3.6739403974420594e-16
0.03015625,-0.04906767432741748,-0.04906767432741748,-0.04906767432741748,-0.04906767432741748,-0.09537526348604686,-0.04906767432741748
0.0303125,-0.0980171403295599,-0.0980171403295599,-0.0980171403295599,-0.0980171403295599,-0.18869951560032838,-0.0980171403295599
0.03046875,-0.1467304744553609,-0.1467304744553609,-0.1467304744553609,-0.1467304744553609,-0.2780196339546045,-0.1467304744553609
0.030625,-0.195090322016129,-0.195090322016129,-0.195090322016129,-0.195090322016129,-0.361572818199323,-0.195090322016129
0.03078125,-0.24298017990326443,-0.24298017990326443,-0.24298017990326443,-0.24298017990326443,-0.4378684296486189,-0.24298017990326443
0.0309375,-0.2902846772544628,-0.2902846772544628,-0.2902846772544628,-0.2902846772544628,-0.5057547179260928,-0.2902846772544628
0.03109375,-0.3368898533922203,-0.3368898533922203,-0.3368898533922203,-0.3368898533922203,-0.564466795888739,-0.3368898533922203
0.03125,-0.38268343236508984,-0.38268343236508984,-0.38268343236508984,-0.38268343236508984,-0.6136533154929116,-0.38268343236508984
0.031406250000000004,-0.4275550934302836,-0.4275550934302836,-0.4275550934302836,-0.4275550934302836,-0.6533805345575299,-0.4275550934302836
0.0315625,-0.4713967368259974,-0.4713967368259974,-0.4713967368259974,-0.4713967368259974,-0.6841137742431918,-0.4713967368259974
0.031718750000000004,-0.5141027441932229,-0.5141027441932229,-0.5141027441932229,-0.5141027441932229,-0.7066775719670269,-0.5141027441932229
0.031875,-0.5555702330196017,-0.5555702330196017,-0.5555702330196017,-0.5555702330196017,-0.7221970572816993,-0.5555702330196017
0.03203125,-0.5956993044924327,-0.5956993044924327,-0.5956993044924327,-0.5956993044924327,-0.7320241468371455,-0.5956993044924327
0.0321875,-0.6343932841636462,-0.6343932841636462,-0.6343932841636462,-0.6343932841636462,-0.7376530060904538,-0.6343932841636462
0.03234375,-0.6715589548470176,-0.6715589548470176,-0.6715589548470176,-0.6715589548470176,-0.7406298101497932,-0.6715589548470176
0.0325,-0.7071067811865479,-0.7071067811865479,-0.7071067811865479,-0.7071067811865479,-0.7424621202458759,-0.7071067811865479
0.03265625,-0.7409511253549581,-0.7409511253549581,-0.7409511253549581,-0.7409511253549581,-0.7445331600287968,-0.7409511253549581
0.0328125,-0.7730104533627371,-0.7730104533627371,-0.7730104533627371,-0.7730104533627371,-0.7480259303134159,-0.7730104533627371
0.03296875,-0.8032075314806449,-0.8032075314806449,-0.8032075314806449,-0.8032075314806449,-0.7538614638689609,-0.8032075314806449
0.033125,-0.8314696123025451,-0.8314696123025451,-0.8314696123025451,-0.8314696123025451,-0.7626546325646413,-0.8314696123025451
0.03328125,-0.8577286100002719,-0.8577286100002719,-0.8577286100002719,-0.8577286100002719,-0.7746898318370402,-0.8577286100002719
0.0334375,-0.8819212643483556,-0.8819212643483556,-0.8819212643483556,-0.8819212643483556,-0.7899176479626482,-0.8819212643483556
0.03359375,-0.903989293123443,-0.903989293123443,-0.903989293123443,-0.903989293123443,-0.8079723356887099,-0.903989293123443
0.03375,-0.9238795325112871,-0.9238795325112871,-0.9238795325112871,-0.9238795325112871,-0.8282086744200141,-0.9238795325112871
0.03390625,-0.9415440651830205,-0.9415440651830205,-0.9415440651830205,-0.9415440651830205,-0.8497556061085005,-0.9415440651830205
0.0340625,-0.956940335732209,-0.956940335732209,-0.956940335732209,-0.956940335732209,-0.871583057140618,-0.956940335732209
0.03421875,-0.9700312531945441,-0.9700312531945441,-0.9700312531945441,-0.9700312531945441,-0.8925775697305223,-0.9700312531945441
0.034375,-0.9807852804032305,-0.9807852804032305,-0.9807852804032305,-0.9807852804032305,-0.9116218618598088,-0.9807852804032305
0.03453125,-0.989176509964781,-0.989176509964781,-0.989176509964781,-0.989176509964781,-0.9276732285317605,-0.989176509964781
0.0346875,-0.995184726672197,-0.995184726672197,-0.995184726672197,-0.995184726672197,-0.9398358027472014,-0.995184726672197
0.03484375,-0.9987954562051724,-0.9987954562051724,-0.9987954562051724,-0.9987954562051724,-0.9474221050299095,-0.9987954562051724
0.035,-1.0,-1.0,-1.0,-1.0,-0.95,-1.0
0.03515625,-0.9987954562051724,-0.9987954562051724,-0.9987954562051724,-0.9987954562051724,-0.9474221050299099,-0.9987954562051724
0.035312500000000004,-0.9951847266721968,-0.9951847266721968,-0.9951847266721968,-0.9951847266721968,-0.9398358027472012,-0.9951847266721968
0.03546875,-0.9891765099647809,-0.9891765099647809,-0.9891765099647809,-0.9891765099647809,-0.9276732285317604,-0.9891765099647809
0.035625000000000004,-0.9807852804032303,-0.9807852804032303,-0.9807852804032303,-0.9807852804032303,-0.9116218618598086,-0.9807852804032303
0.03578125,-0.9700312531945439,-0.9700312531945439,-0.9700312531945439,-0.9700312531945439,-0.8925775697305223,-0.9700312531945439
0.035937500000000004,-0.9569403357322083,-0.9569403357322083,-0.9569403357322083,-0.9569403357322083,-0.8715830571406175,-0.9569403357322083
0.03609375,-0.9415440651830207,-0.9415440651830207,-0.9415440651830207,-0.9415440651830207,-0.8497556061085023,-0.9415440651830207
0.03625,-0.9238795325112867,-0.9238795325112867,-0.9238795325112867,-0.9238795325112867,-0.8282086744200148,-0.9238795325112867
0.03640625,-0.9039892931234434,-0.9039892931234434,-0.9039892931234434,-0.9039892931234434,-0.8079723356887106,-0.9039892931234434
0.0365625,-0.8819212643483552,-0.8819212643483552,-0.8819212643483552,-0.8819212643483552,-0.7899176479626477,-0.8819212643483552
0.03671875,-0.8577286100002715,-0.8577286100002715,-0.8577286100002715,-0.8577286100002715,-0.77468983183704,-0.8577286100002715
0.036875,-0.8314696123025456,-0.8314696123025456,-0.8314696123025456,-0.8314696123025456,-0.762654632564641,-0.8314696123025456
0.03703125,-0.8032075314806444,-0.8032075314806444,-0.8032075314806444,-0.8032075314806444,-0.7538614638689606,-0.8032075314806444
0.0371875,-0.7730104533627375,-0.7730104533627375,-0.7730104533627375,-0.7730104533627375,-0.7480259303134158,-0.7730104533627375
0.03734375,-0.7409511253549587,-0.7409511253549587,-0.7409511253549587,-0.7409511253549587,-0.7445331600287962,-0.7409511253549587
0.0375,-0.7071067811865472,-0.7071067811865472,-0.7071067811865472,-0.7071067811865472,-0.7424621202458738,-0.7071067811865472
0.03765625,-0.6715589548470182,-0.6715589548470182,-0.6715589548470182,-0.6715589548470182,-0.7406298101497923,-0.6715589548470182
0.0378125,-0.6343932841636455,-0.6343932841636455,-0.6343932841636455,-0.6343932841636455,-0.7376530060904513,-0.6343932841636455
0.03796875,-0.595699304492432,-0.595699304492432,-0.595699304492432,-0.595699304492432,-0.7320241468371431,-0.595699304492432
0.038125,-0.5555702330196024,-0.5555702330196024,-0.5555702330196024,-0.5555702330196024,-0.722197057281699,-0.5555702330196024
0.03828125,-0.5141027441932206,-0.5141027441932206,-0.5141027441932206,-0.5141027441932206,-0.7066775719670244,-0.5141027441932206
0.0384375,-0.47139673682599814,-0.47139673682599814,-0.47139673682599814,-0.47139673682599814,-0.6841137742431919,-0.47139673682599814
0.03859375,-0.42755509343028114,-0.42755509343028114,-0.42755509343028114,-0.42755509343028114,-0.6533805345575272,-0.42755509343028114
0.03875,-0.382683432365089,-0.382683432365089,-0.382683432365089,-0.382683432365089,-0.6136533154929105,-0.382683432365089
0.03890625,-0.3368898533922194,-0.3368898533922194,-0.3368898533922194,-0.3368898533922194,-0.564466795888738,-0.3368898533922194
0.0390625,-0.2902846772544619,-0.2902846772544619,-0.2902846772544619,-0.2902846772544619,-0.5057547179260924,-0.2902846772544619
0.039218750000000004,-0.24298017990326354,-0.24298017990326354,-0.24298017990326354,-0.24298017990326354,-0.43786842964861855,-0.24298017990326354
0.039375,-0.19509032201612808,-0.19509032201612808,-0.19509032201612808,-0.19509032201612808,-0.36157281819932324,-0.19509032201612808
0.039531250000000004,-0.14673047445535997,-0.14673047445535997,-0.14673047445535997,-0.14673047445535997,-0.278019633954604,-0.14673047445535997
0.0396875,-0.09801714032956076,-0.09801714032956076,-0.09801714032956076,-0.09801714032956076,-0.18869951560033082,-0.09801714032956076
0.039843750000000004,-0.04906767432741656,-0.04906767432741656,-0.04906767432741656,-0.04906767432741656,-0.09537526348604655,-0.04906767432741656
0.04,-4.898587196589413e-16,-4.898587196589413e-16,-4.898587196589413e-16,-4.898587196589413e-16,-9.552245033349355e-16,-4.898587196589413e-16
0.04015625,0.049067674327417356,0.049067674327417356,0.049067674327417356,0.049067674327417356,0.09537526348604575,0.049067674327417356
0.0403125,0.09801714032956155,0.09801714032956155,0.09801714032956155,0.09801714032956155,0.18869951560033013,0.09801714032956155
0.04046875,0.14673047445536078,0.14673047445536078,0.14673047445536078,0.14673047445536078,0.2780196339546035,0.14673047445536078
0.040625,0.19509032201612886,0.19509032201612886,0.19509032201612886,0.19509032201612886,0.36157281819932297,0.19509032201612886
0.04078125,0.2429801799032626,0.2429801799032626,0.2429801799032626,0.2429801799032626,0.4378684296486167,0.2429801799032626
0.0409375,0.2902846772544626,0.2902846772544626,0.2902846772544626,0.2902846772544626,0.5057547179260927,0.2902846772544626
0.04109375,0.33688985339222016,0.33688985339222016,0.33688985339222016,0.33688985339222016,0.5644667958887386,0.33688985339222016
0.04125,0.3826834323650897,0.3826834323650897,0.3826834323650897,0.3826834323650897,0.6136533154929119,0.3826834323650897
0.04140625,0.42755509343028186,0.42755509343028186,0.42755509343028186,0.42755509343028186,0.6533805345575285,0.42755509343028186
0.0415625,0.47139673682599886,0.47139673682599886,0.47139673682599886,0.47139673682599886,0.6841137742431929,0.47139673682599886
0.04171875,0.5141027441932212,0.5141027441932212,0.5141027441932212,0.5141027441932212,0.7066775719670255,0.5141027441932212
0.041875,0.5555702330196031,0.5555702330196031,0.5555702330196031,0.5555702330196031,0.722197057281701,0.5555702330196031
0.04203125,0.5956993044924326,0.5956993044924326,0.5956993044924326,0.5956993044924326,0.732024146837145,0.5956993044924326
0.0421875,0.634393284163646,0.634393284163646,0.634393284163646,0.634393284163646,0.7376530060904526,0.634393284163646
0.04234375,0.6715589548470188,0.6715589548470188,0.6715589548470188,0.6715589548470188,0.7406298101497948,0.6715589548470188
0.0425,0.7071067811865478,0.7071067811865478,0.7071067811865478,0.7071067811865478,0.7424621202458755,0.7071067811865478
0.04265625,0.7409511253549592,0.7409511253549592,0.7409511253549592,0.7409511253549592,0.7445331600287973,0.7409511253549592
0.0428125,0.7730104533627381,0.7730104533627381,0.7730104533627381,0.7730104533627381,0.748025930313417,0.7730104533627381
0.04296875,0.8032075314806448,0.8032075314806448,0.8032075314806448,0.8032075314806448,0.7538614638689614,0.8032075314806448
0.043125000000000004,0.831469612302546,0.831469612302546,0.831469612302546,0.831469612302546,0.7626546325646418,0.831469612302546
0.04328125,0.8577286100002718,0.8577286100002718,0.8577286100002718,0.8577286100002718,0.7746898318370405,0.8577286100002718
0.043437500000000004,0.8819212643483556,0.8819212643483556,0.8819212643483556,0.8819212643483556,0.7899176479626479,0.8819212643483556
0.04359375,0.9039892931234438,0.9039892931234438,0.9039892931234438,0.9039892931234438,0.8079723356887105,0.9039892931234438
0.043750000000000004,0.9238795325112871,0.9238795325112871,0.9238795325112871,0.9238795325112871,0.8282086744200151,0.9238795325112871
0.04390625,0.941544065183021,0.941544065183021,0.941544065183021,0.941544065183021,0.8497556061085002,0.941544065183021
0.0440625,0.9569403357322085,0.9569403357322085,0.9569403357322085,0.9569403357322085,0.8715830571406168,0.9569403357322085
0.04421875,0.9700312531945441,0.9700312531945441,0.9700312531945441,0.9700312531945441,0.8925775697305223,0.9700312531945441
0.044375,0.9807852804032304,0.9807852804032304,0.9807852804032304,0.9807852804032304,0.9116218618598086,0.9807852804032304
0.04453125,0.989176509964781,0.989176509964781,0.989176509964781,0.989176509964781,0.9276732285317599,0.989176509964781
0.0446875,0.9951847266721968,0.9951847266721968,0.9951847266721968,0.9951847266721968,0.9398358027472009,0.9951847266721968
0.04484375,0.9987954562051725,0.9987954562051725,0.9987954562051725,0.9987954562051725,0.9474221050299098,0.9987954562051725
0.045,1.0,1.0,1.0,1.0,0.95,1.0
0.04515625,0.9987954562051723,0.9987954562051723,0.9987954562051723,0.9987954562051723,0.9474221050299096,0.9987954562051723
0.0453125,0.9951847266721969,0.9951847266721969,0.9951847266721969,0.9951847266721969,0.9398358027472014,0.9951847266721969
0.04546875,0.9891765099647809,0.9891765099647809,0.9891765099647809,0.9891765099647809,0.9276732285317609,0.9891765099647809
0.045625,0.9807852804032303,0.9807852804032303,0.9807852804032303,0.9807852804032303,0.9116218618598093,0.9807852804032303
0.04578125,0.9700312531945439,0.9700312531945439,0.9700312531945439,0.9700312531945439,0.8925775697305224,0.9700312531945439
0.0459375,0.9569403357322088,0.9569403357322088,0.9569403357322088,0.9569403357322088,0.8715830571406179,0.9569403357322088
0.04609375,0.9415440651830201,0.9415440651830201,0.9415440651830201,0.9415440651830201,0.849755606108501,0.9415440651830201
0.04625,0.9238795325112868,0.9238795325112868,0.9238795325112868,0.9238795325112868,0.828208674420015,0.9238795325112868
0.04640625,0.9039892931234427,0.9039892931234427,0.9039892931234427,0.9039892931234427,0.8079723356887096,0.9039892931234427
0.0465625,0.8819212643483553,0.8819212643483553,0.8819212643483553,0.8819212643483553,0.7899176479626475,0.8819212643483553
0.04671875,0.8577286100002715,0.8577286100002715,0.8577286100002715,0.8577286100002715,0.7746898318370404,0.8577286100002715
0.046875,0.8314696123025457,0.8314696123025457,0.8314696123025457,0.8314696123025457,0.7626546325646415,0.8314696123025457
0.047031250000000004,0.8032075314806444,0.8032075314806444,0.8032075314806444,0.8032075314806444,0.75386146386896,0.8032075314806444
0.0471875,0.7730104533627365,0.7730104533627365,0.7730104533627365,0.7730104533627365,0.748025930313415,0.7730104533627365
0.047343750000000004,0.7409511253549588,0.7409511253549588,0.7409511253549588,0.7409511253549588,0.7445331600287968,0.7409511253549588
0.0475,0.7071067811865474,0.7071067811865474,0.7071067811865474,0.7071067811865474,0.7424621202458743,0.7071067811865474
0.047656250000000004,0.671558954847017,0.671558954847017,0.671558954847017,0.671558954847017,0.7406298101497917,0.671558954847017
0.0478125,0.6343932841636455,0.6343932841636455,0.6343932841636455,0.6343932841636455,0.7376530060904518,0.6343932841636455
0.047968750000000004,0.595699304492432,0.595699304492432,0.595699304492432,0.595699304492432,0.7320241468371439,0.595699304492432
0.048125,0.5555702330196025,0.5555702330196025,0.5555702330196025,0.5555702330196025,0.7221970572816989,0.5555702330196025
0.04828125,0.5141027441932222,0.5141027441932222,0.5141027441932222,0.5141027441932222,0.706677571967025,0.5141027441932222
0.0484375,0.4713967368259967,0.4713967368259967,0.4713967368259967,0.4713967368259967,0.6841137742431908,0.4713967368259967
0.04859375,0.42755509343028286,0.42755509343028286,0.42755509343028286,0.42755509343028286,0.6533805345575288,0.42755509343028286
0.04875,0.3826834323650891,0.3826834323650891,0.3826834323650891,0.3826834323650891,0.6136533154929107,0.3826834323650891
0.04890625,0.3368898533922212,0.3368898533922212,0.3368898533922212,0.3368898533922212,0.5644667958887405,0.3368898533922212
0.0490625,0.290284677254462,0.290284677254462,0.290284677254462,0.290284677254462,0.5057547179260921,0.290284677254462
0.04921875,0.24298017990326368,0.24298017990326368,0.24298017990326368,0.24298017990326368,0.43786842964861955,0.24298017990326368
0.049375,0.19509032201612822,0.19509032201612822,0.19509032201612822,0.19509032201612822,0.3615728181993237,0.19509032201612822
0.04953125,0.14673047445536186,0.14673047445536186,0.14673047445536186,0.14673047445536186,0.27801963395460677,0.14673047445536186
0.0496875,0.0980171403295591,0.0980171403295591,0.0980171403295591,0.0980171403295591,0.1886995156003291,0.0980171403295591
0.04984375,0.04906767432741846,0.04906767432741846,0.04906767432741846,0.04906767432741846,0.09537526348605117,0.04906767432741846
0.05,-1.164033439826574e-15,-5.82016719913287e-16,-1.746050159739861e-15,-5.82016719913287e-17,-1.4705046299317064e-15,-1.164033439826574e-15
0.05015625,-0.04906767432741724,-0.02453383716370862,-0.07360151149112586,-0.002453383716370862,-0.09537526348604708,-0.04906767432741724
0.0503125,-0.09801714032956142,-0.04900857016478071,-0.14702571049434213,-0.004900857016478071,-0.18869951560032971,-0.09801714032956142
0.05046875,-0.14673047445536241,-0.07336523722768121,-0.22009571168304362,-0.007336523722768121,-0.2780196339546058,-0.14673047445536241
0.050625,-0.19509032201612875,-0.09754516100806437,-0.2926354830241931,-0.009754516100806437,-0.36157281819932297,-0.19509032201612875
0.05078125,-0.2429801799032642,-0.1214900899516321,-0.3644702698548963,-0.012149008995163212,-0.4378684296486187,-0.2429801799032642
0.050937500000000004,-0.2902846772544642,-0.1451423386272321,-0.4354270158816963,-0.014514233862723212,-0.5057547179260946,-0.2902846772544642
0.05109375,-0.33688985339222005,-0.16844492669611003,-0.5053347800883301,-0.016844492669611005,-0.5644667958887387,-0.33688985339222005
0.051250000000000004,-0.3826834323650912,-0.1913417161825456,-0.5740251485476369,-0.019134171618254564,-0.613653315492913,-0.3826834323650912
0.05140625,-0.42755509343028175,-0.21377754671514088,-0.6413326401454227,-0.02137775467151409,-0.6533805345575283,-0.42755509343028175
0.051562500000000004,-0.47139673682599875,-0.23569836841299938,-0.7070951052389981,-0.02356983684129994,-0.6841137742431926,-0.47139673682599875
0.05171875,-0.5141027441932211,-0.25705137209661055,-0.7711541162898317,-0.025705137209661055,-0.7066775719670265,-0.5141027441932211
0.051875000000000004,-0.555570233019603,-0.2777851165098015,-0.8333553495294044,-0.02777851165098015,-0.7221970572817005,-0.555570233019603
0.05203125,-0.5956993044924325,-0.29784965224621623,-0.8935489567386488,-0.029784965224621623,-0.7320241468371445,-0.5956993044924325
0.0521875,-0.6343932841636459,-0.31719664208182297,-0.9515899262454689,-0.0317196642081823,-0.7376530060904538,-0.6343932841636459
0.05234375,-0.67155895484702,-0.33577947742351,-1.0073384322705299,-0.033577947742351004,-0.7406298101497955,-0.67155895484702
0.0525,-0.7071067811865477,-0.35355339059327384,-1.0606601717798214,-0.03535533905932738,-0.7424621202458767,-0.7071067811865477
0.05265625,-0.7409511253549603,-0.37047556267748016,-1.1114266880324406,-0.03704755626774802,-0.744533160028798,-0.7409511253549603
0.0528125,-0.7730104533627369,-0.38650522668136844,-1.1595156800441053,-0.038650522668136844,-0.7480259303134162,-0.7730104533627369
0.05296875,-0.8032075314806458,-0.4016037657403229,-1.2048112972209688,-0.04016037657403229,-0.753861463868962,-0.8032075314806458
0.053125,-0.831469612302545,-0.4157348061512725,-1.2472044184538176,-0.04157348061512725,-0.7626546325646412,-0.831469612302545
0.05328125,-0.8577286100002727,-0.42886430500013634,-1.286592915000409,-0.04288643050001364,-0.7746898318370405,-0.8577286100002727
0.0534375,-0.8819212643483547,-0.44096063217417736,-1.322881896522532,-0.04409606321741774,-0.7899176479626469,-0.8819212643483547
0.05359375,-0.9039892931234437,-0.45199464656172184,-1.3559839396851654,-0.04519946465617219,-0.8079723356887102,-0.9039892931234437
0.05375,-0.9238795325112863,-0.46193976625564315,-1.3858192987669296,-0.04619397662556432,-0.8282086744200138,-0.9238795325112863
0.05390625,-0.9415440651830209,-0.47077203259151046,-1.4123160977745313,-0.047077203259151046,-0.849755606108501,-0.9415440651830209
0.0540625,-0.9569403357322085,-0.47847016786610425,-1.4354105035983127,-0.04784701678661043,-0.8715830571406168,-0.9569403357322085
0.05421875,-0.9700312531945441,-0.48501562659727204,-1.4550468797918161,-0.04850156265972721,-0.8925775697305222,-0.9700312531945441
0.054375,-0.9807852804032308,-0.4903926402016154,-1.471177920604846,-0.04903926402016154,-0.9116218618598083,-0.9807852804032308
0.05453125,-0.9891765099647809,-0.49458825498239045,-1.4837647649471712,-0.049458825498239045,-0.9276732285317598,-0.9891765099647809
0.0546875,-0.995184726672197,-0.4975923633360985,-1.4927770900082955,-0.04975923633360985,-0.939835802747201,-0.995184726672197
0.054843750000000004,-0.9987954562051724,-0.4993977281025862,-1.4981931843077585,-0.049939772810258624,-0.9474221050299095,-0.9987954562051724
0.055,-1.0,-0.5,-1.5,-0.05,-0.95,-1.0
0.055156250000000004,-0.9987954562051723,-0.49939772810258615,-1.4981931843077585,-0.04993977281025862,-0.9474221050299096,-0.9987954562051723
0.0553125,-0.9951847266721968,-0.4975923633360984,-1.4927770900082953,-0.049759236333609846,-0.9398358027472009,-0.9951847266721968
0.055468750000000004,-0.9891765099647806,-0.4945882549823903,-1.4837647649471708,-0.04945882549823903,-0.9276732285317606,-0.9891765099647806
0.055625,-0.9807852804032303,-0.49039264020161516,-1.4711779206048454,-0.04903926402016152,-0.9116218618598092,-0.9807852804032303
0.055781250000000004,-0.9700312531945435,-0.48501562659727177,-1.4550468797918152,-0.04850156265972718,-0.8925775697305213,-0.9700312531945435
0.0559375,-0.9569403357322088,-0.4784701678661044,-1.4354105035983133,-0.04784701678661044,-0.8715830571406195,-0.9569403357322088
0.05609375,-0.9415440651830214,-0.4707720325915107,-1.4123160977745322,-0.047077203259151074,-0.8497556061085029,-0.9415440651830214
0.05625,-0.9238795325112868,-0.4619397662556434,-1.3858192987669302,-0.04619397662556435,-0.8282086744200143,-0.9238795325112868
0.05640625,-0.9039892931234442,-0.4519946465617221,-1.3559839396851663,-0.045199464656172215,-0.8079723356887114,-0.9039892931234442
0.0565625,-0.8819212643483553,-0.44096063217417764,-1.3228818965225329,-0.04409606321741777,-0.7899176479626477,-0.8819212643483553
0.05671875,-0.8577286100002716,-0.4288643050001358,-1.2865929150004074,-0.04288643050001358,-0.7746898318370393,-0.8577286100002716
0.056875,-0.8314696123025458,-0.4157348061512729,-1.2472044184538187,-0.04157348061512729,-0.7626546325646422,-0.8314696123025458
0.05703125,-0.8032075314806445,-0.40160376574032225,-1.2048112972209668,-0.04016037657403223,-0.7538614638689595,-0.8032075314806445
0.0571875,-0.7730104533627354,-0.3865052266813677,-1.159515680044103,-0.038650522668136775,-0.7480259303134136,-0.7730104533627354
0.05734375,-0.7409511253549589,-0.37047556267747944,-1.1114266880324384,-0.037047556267747944,-0.7445331600287959,-0.7409511253549589
0.0575,-0.7071067811865461,-0.35355339059327306,-1.0606601717798192,-0.035355339059327306,-0.7424621202458725,-0.7071067811865461
0.05765625,-0.6715589548470183,-0.33577947742350917,-1.0073384322705274,-0.03357794774235092,-0.740629810149791,-0.6715589548470183
0.0578125,-0.6343932841636443,-0.31719664208182213,-0.9515899262454663,-0.031719664208182216,-0.7376530060904511,-0.6343932841636443
0.05796875,-0.5956993044924336,-0.2978496522462168,-0.8935489567386503,-0.02978496522462168,-0.7320241468371441,-0.5956993044924336
0.058125,-0.5555702330196012,-0.2777851165098006,-0.8333553495294017,-0.02777851165098006,-0.7221970572816977,-0.5555702330196012
0.05828125,-0.5141027441932223,-0.25705137209661116,-0.7711541162898334,-0.025705137209661118,-0.7066775719670254,-0.5141027441932223
0.0584375,-0.4713967368259968,-0.2356983684129984,-0.7070951052389952,-0.023569836841299843,-0.684113774243191,-0.4713967368259968
0.05859375,-0.427555093430283,-0.2137775467151415,-0.6413326401454245,-0.02137775467151415,-0.6533805345575283,-0.427555093430283
0.058750000000000004,-0.3826834323650892,-0.1913417161825446,-0.5740251485476339,-0.019134171618254463,-0.6136533154929107,-0.3826834323650892
0.05890625,-0.33688985339222133,-0.16844492669611066,-0.505334780088332,-0.016844492669611067,-0.5644667958887404,-0.33688985339222133
0.059062500000000004,-0.2902846772544621,-0.14514233862723105,-0.4354270158816932,-0.014514233862723106,-0.5057547179260927,-0.2902846772544621
0.05921875,-0.24298017990326207,-0.12149008995163103,-0.3644702698548931,-0.012149008995163104,-0.43786842964861744,-0.24298017990326207
0.059375000000000004,-0.19509032201612833,-0.09754516100806417,-0.2926354830241925,-0.009754516100806417,-0.36157281819932324,-0.19509032201612833
0.05953125,-0.14673047445536022,-0.07336523722768011,-0.22009571168304032,-0.007336523722768011,-0.27801963395460444,-0.14673047445536022
0.059687500000000004,-0.09801714032955747,-0.049008570164778734,-0.14702571049433621,-0.0049008570164778735,-0.18869951560032672,-0.09801714032955747
0.05984375,-0.04906767432741681,-0.024533837163708404,-0.0736015114911252,-0.0024533837163708406,-0.09537526348604877,-0.04906767432741681
0.06,-7.347880794884119e-16,-3.6739403974420594e-16,-1.102182119232618e-15,-3.6739403974420595e-17,-2.1433794907625033e-15,-7.347880794884119e-16
0.06015625,0.04906767432741889,0.024533837163709445,0.07360151149112834,0.0024533837163709447,0.0953752634860481,0.04906767432741889
0.0603125,0.09801714032955954,0.04900857016477977,0.1470257104943393,0.004900857016477977,0.18869951560032627,0.09801714032955954
0.06046875,0.14673047445536228,0.07336523722768114,0.22009571168304343,0.007336523722768114,0.2780196339546063,0.14673047445536228
0.060625,0.1950903220161269,0.09754516100806344,0.29263548302419035,0.009754516100806345,0.36157281819932086,0.1950903220161269
0.06078125,0.2429801799032641,0.12149008995163205,0.36447026985489617,0.012149008995163205,0.4378684296486183,0.2429801799032641
0.0609375,0.2902846772544607,0.14514233862723036,0.4354270158816911,0.014514233862723037,0.5057547179260906,0.2902846772544607
0.06109375,0.33688985339221994,0.16844492669610997,0.5053347800883299,0.016844492669610998,0.5644667958887388,0.33688985339221994
0.06125,0.3826834323650911,0.19134171618254556,0.5740251485476366,0.019134171618254557,0.6136533154929131,0.3826834323650911
0.06140625,0.42755509343028164,0.21377754671514082,0.6413326401454225,0.021377754671514083,0.6533805345575282,0.42755509343028164
0.0615625,0.47139673682599864,0.23569836841299932,0.707095105238998,0.023569836841299933,0.6841137742431933,0.47139673682599864
0.06171875,0.5141027441932241,0.25705137209661205,0.7711541162898361,0.025705137209661208,0.7066775719670292,0.5141027441932241
0.061875,0.5555702330196028,0.2777851165098014,0.8333553495294043,0.027778511650980144,0.7221970572817016,0.5555702330196028
0.06203125,0.5956993044924352,0.2978496522462176,0.8935489567386529,0.029784965224621762,0.7320241468371468,0.5956993044924352
0.0621875,0.6343932841636458,0.3171966420818229,0.9515899262454688,0.03171966420818229,0.7376530060904537,0.6343932841636458
0.06234375,0.6715589548470199,0.33577947742350994,1.0073384322705299,0.033577947742351,0.7406298101497948,0.6715589548470199
0.0625,0.7071067811865476,0.3535533905932738,1.0606601717798214,0.03535533905932738,0.742462120245876,0.7071067811865476
0.06265625,0.7409511253549579,0.37047556267747894,1.1114266880324368,0.037047556267747896,0.7445331600287974,0.7409511253549579
0.06281250000000001,0.7730104533627391,0.38650522668136955,1.1595156800441087,0.038650522668136955,0.7480259303134171,0.7730104533627391
0.06296875,0.8032075314806457,0.40160376574032286,1.2048112972209686,0.04016037657403229,0.7538614638689614,0.8032075314806457
0.063125,0.8314696123025449,0.41573480615127245,1.2472044184538174,0.04157348061512725,0.7626546325646417,0.8314696123025449
0.06328125,0.8577286100002708,0.4288643050001354,1.2865929150004063,0.04288643050001354,0.7746898318370393,0.8577286100002708
0.06343750000000001,0.8819212643483563,0.44096063217417814,1.3228818965225344,0.04409606321741782,0.789917647962648,0.8819212643483563
0.06359375,0.9039892931234437,0.45199464656172184,1.3559839396851654,0.04519946465617219,0.807972335688711,0.9039892931234437
0.06375,0.9238795325112863,0.46193976625564315,1.3858192987669296,0.04619397662556432,0.8282086744200137,0.9238795325112863
0.06390625,0.9415440651830209,0.47077203259151046,1.4123160977745313,0.047077203259151046,0.8497556061085003,0.9415440651830209
0.0640625,0.9569403357322084,0.4784701678661042,1.4354105035983125,0.04784701678661042,0.8715830571406168,0.9569403357322084
0.06421875,0.970031253194544,0.485015626597272,1.455046879791816,0.0485015626597272,0.8925775697305222,0.970031253194544
0.064375,0.9807852804032308,0.4903926402016154,1.471177920604846,0.04903926402016154,0.9116218618598083,0.9807852804032308
0.06453125,0.9891765099647809,0.49458825498239045,1.4837647649471712,0.049458825498239045,0.9276732285317598,0.9891765099647809
0.0646875,0.9951847266721967,0.49759236333609835,1.492777090008295,0.04975923633360984,0.9398358027472004,0.9951847266721967
0.06484375,0.9987954562051725,0.49939772810258626,1.4981931843077587,0.04993977281025863,0.9474221050299095,0.9987954562051725
0.065,1.0,0.5,1.5,0.05,0.95,1.0
0.06515625,0.9987954562051724,0.4993977281025862,1.4981931843077585,0.049939772810258624,0.9474221050299099,0.9987954562051724
0.0653125,0.9951847266721972,0.4975923633360986,1.4927770900082957,0.04975923633360986,0.9398358027472017,0.9951847266721972
0.06546875,0.9891765099647807,0.49458825498239034,1.483764764947171,0.04945882549823904,0.9276732285317604,0.9891765099647807
0.065625,0.9807852804032304,0.4903926402016152,1.4711779206048456,0.049039264020161524,0.9116218618598094,0.9807852804032304
0.06578125,0.9700312531945444,0.4850156265972722,1.4550468797918166,0.04850156265972722,0.8925775697305229,0.9700312531945444
0.0659375,0.9569403357322088,0.4784701678661044,1.4354105035983133,0.04784701678661044,0.8715830571406188,0.9569403357322088
0.06609375,0.9415440651830203,0.4707720325915101,1.4123160977745304,0.04707720325915102,0.8497556061085014,0.9415440651830203
0.06625,0.9238795325112868,0.4619397662556434,1.3858192987669302,0.04619397662556435,0.8282086744200143,0.9238795325112868
0.06640625,0.9039892931234428,0.4519946465617214,1.355983939685164,0.04519946465617214,0.8079723356887103,0.9039892931234428
0.0665625,0.8819212643483554,0.4409606321741777,1.322881896522533,0.04409606321741777,0.7899176479626481,0.8819212643483554
0.06671875000000001,0.8577286100002716,0.4288643050001358,1.2865929150004074,0.04288643050001358,0.7746898318370402,0.8577286100002716
0.066875,0.8314696123025438,0.4157348061512719,1.2472044184538156,0.041573480615127195,0.7626546325646394,0.8314696123025438
0.06703125,0.8032075314806446,0.4016037657403223,1.2048112972209668,0.040160376574032236,0.75386146386896,0.8032075314806446
0.0671875,0.7730104533627379,0.38650522668136894,1.1595156800441069,0.0386505226681369,0.7480259303134151,0.7730104533627379
0.06734375000000001,0.7409511253549566,0.3704755626774783,1.1114266880324348,0.037047556267747826,0.7445331600287949,0.7409511253549566
0.0675,0.7071067811865462,0.3535533905932731,1.0606601717798194,0.03535533905932731,0.7424621202458732,0.7071067811865462
0.06765625,0.6715589548470184,0.3357794774235092,1.0073384322705277,0.03357794774235092,0.7406298101497917,0.6715589548470184
0.0678125,0.634393284163647,0.3171966420818235,0.9515899262454706,0.031719664208182355,0.7376530060904526,0.634393284163647
0.06796875000000001,0.5956993044924308,0.2978496522462154,0.8935489567386462,0.02978496522462154,0.7320241468371419,0.5956993044924308
0.068125,0.5555702330196013,0.27778511650980064,0.8333553495294019,0.027778511650980067,0.7221970572816983,0.5555702330196013
0.06828125,0.5141027441932224,0.2570513720966112,0.7711541162898337,0.025705137209661125,0.7066775719670259,0.5141027441932224
0.0684375,0.4713967368259969,0.23569836841299846,0.7070951052389953,0.023569836841299846,0.6841137742431904,0.4713967368259969
0.06859375,0.4275550934302831,0.21377754671514154,0.6413326401454247,0.021377754671514156,0.6533805345575289,0.4275550934302831
0.06875,0.38268343236508934,0.19134171618254467,0.574025148547634,0.019134171618254467,0.6136533154929107,0.38268343236508934
0.06890625,0.33688985339221805,0.16844492669610903,0.5053347800883271,0.016844492669610904,0.5644667958887375,0.33688985339221805
0.0690625,0.2902846772544622,0.1451423386272311,0.4354270158816933,0.014514233862723111,0.5057547179260931,0.2902846772544622
0.06921875,0.24298017990326562,0.12149008995163281,0.36447026985489844,0.012149008995163281,0.4378684296486218,0.24298017990326562
0.069375,0.19509032201612497,0.09754516100806249,0.29263548302418746,0.00975451610080625,0.3615728181993202,0.19509032201612497
0.06953125,0.14673047445536033,0.07336523722768017,0.22009571168304048,0.007336523722768017,0.2780196339546049,0.14673047445536033
0.0696875,0.09801714032956112,0.04900857016478056,0.14702571049434168,0.0049008570164780565,0.18869951560033194,0.09801714032956112
0.06984375,0.04906767432742048,0.02453383716371024,0.07360151149113071,0.002453383716371024,0.09537526348605305,0.04906767432742048
0.07,-2.6954609193973537e-15,-1.3477304596986769e-15,-4.043191379096031e-15,-1.347730459698677e-16,-2.058706481904389e-15,-2.6954609193973537e-15
0.07015625,-0.049067674327418764,-0.024533837163709382,-0.07360151149112815,-0.002453383716370938,-0.09537526348604874,-0.049067674327418764
0.0703125,-0.09801714032955941,-0.049008570164779705,-0.1470257104943391,-0.004900857016477971,-0.18869951560032788,-0.09801714032955941
0.07046875,-0.14673047445536216,-0.07336523722768108,-0.22009571168304326,-0.0073365237227681086,-0.2780196339546039,-0.14673047445536216
0.07062500000000001,-0.19509032201613025,-0.09754516100806512,-0.2926354830241954,-0.009754516100806514,-0.36157281819932563,-0.19509032201613025
0.07078125,-0.24298017990326395,-0.12149008995163198,-0.36447026985489595,-0.012149008995163198,-0.43786842964861783,-0.24298017990326395
0.0709375,-0.290284677254464,-0.145142338627232,-0.43542701588169597,-0.0145142338627232,-0.5057547179260936,-0.290284677254464
0.07109375,-0.33688985339221983,-0.16844492669610991,-0.5053347800883298,-0.01684449266961099,-0.5644667958887386,-0.33688985339221983
0.07125000000000001,-0.382683432365091,-0.1913417161825455,-0.5740251485476365,-0.01913417161825455,-0.6136533154929126,-0.382683432365091
0.07140625,-0.42755509343028475,-0.21377754671514237,-0.6413326401454271,-0.02137775467151424,-0.6533805345575309,-0.42755509343028475
0.0715625,-0.47139673682599853,-0.23569836841299927,-0.7070951052389978,-0.02356983684129993,-0.6841137742431931,-0.47139673682599853
0.07171875,-0.5141027441932209,-0.25705137209661044,-0.7711541162898313,-0.025705137209661045,-0.7066775719670257,-0.5141027441932209
0.07187500000000001,-0.5555702330196057,-0.27778511650980287,-0.8333553495294086,-0.02777851165098029,-0.7221970572817027,-0.5555702330196057
0.07203125,-0.5956993044924351,-0.29784965224621757,-0.8935489567386528,-0.02978496522462176,-0.7320241468371462,-0.5956993044924351
0.0721875,-0.6343932841636457,-0.31719664208182285,-0.9515899262454686,-0.031719664208182285,-0.737653006090454,-0.6343932841636457
0.07234375,-0.6715589548470172,-0.3357794774235086,-1.0073384322705259,-0.033577947742350865,-0.7406298101497941,-0.6715589548470172
0.0725,-0.7071067811865476,-0.3535533905932738,-1.0606601717798214,-0.03535533905932738,-0.7424621202458772,-0.7071067811865476
0.07265625,-0.7409511253549601,-0.37047556267748005,-1.1114266880324402,-0.03704755626774801,-0.7445331600287974,-0.7409511253549601
0.0728125,-0.7730104533627368,-0.3865052266813684,-1.159515680044105,-0.038650522668136844,-0.7480259303134165,-0.7730104533627368
0.07296875,-0.8032075314806456,-0.4016037657403228,-1.2048112972209684,-0.040160376574032285,-0.7538614638689619,-0.8032075314806456
0.073125,-0.8314696123025449,-0.41573480615127245,-1.2472044184538174,-0.04157348061512725,-0.762654632564641,-0.8314696123025449
0.07328125,-0.8577286100002726,-0.4288643050001363,-1.286592915000409,-0.04288643050001363,-0.7746898318370408,-0.8577286100002726
0.0734375,-0.8819212643483563,-0.44096063217417814,-1.3228818965225344,-0.04409606321741782,-0.7899176479626479,-0.8819212643483563
0.07359375,-0.9039892931234436,-0.4519946465617218,-1.3559839396851654,-0.04519946465617218,-0.8079723356887095,-0.9039892931234436
0.07375,-0.9238795325112863,-0.46193976625564315,-1.3858192987669296,-0.04619397662556432,-0.8282086744200141,-0.9238795325112863
0.07390625,-0.941544065183022,-0.470772032591511,-1.412316097774533,-0.0470772032591511,-0.8497556061085018,-0.941544065183022
0.0740625,-0.9569403357322094,-0.4784701678661047,-1.435410503598314,-0.04784701678661047,-0.8715830571406176,-0.9569403357322094
0.07421875,-0.970031253194544,-0.485015626597272,-1.455046879791816,-0.0485015626597272,-0.8925775697305222,-0.970031253194544
0.074375,-0.9807852804032301,-0.49039264020161505,-1.4711779206048452,-0.04903926402016151,-0.9116218618598082,-0.9807852804032301
0.07453125000000001,-0.9891765099647815,-0.49458825498239073,-1.4837647649471721,-0.04945882549823907,-0.9276732285317604,-0.9891765099647815
0.0746875,-0.995184726672197,-0.4975923633360985,-1.4927770900082955,-0.04975923633360985,-0.9398358027472012,-0.995184726672197
0.07484375,-0.9987954562051724,-0.4993977281025862,-1.4981931843077585,-0.049939772810258624,-0.9474221050299093,-0.9987954562051724
0.075,-1.0,-0.5,-1.5,-0.05,-0.95,-1.0
0.07515625000000001,-0.9987954562051723,-0.49939772810258615,-1.4981931843077585,-0.04993977281025862,-0.9474221050299094,-0.9987954562051723
0.0753125,-0.9951847266721968,-0.4975923633360984,-1.4927770900082953,-0.049759236333609846,-0.9398358027472017,-0.9951847266721968
0.07546875,-0.9891765099647807,-0.49458825498239034,-1.483764764947171,-0.04945882549823904,-0.9276732285317612,-0.9891765099647807
0.075625,-0.9807852804032304,-0.4903926402016152,-1.4711779206048456,-0.049039264020161524,-0.9116218618598094,-0.9807852804032304
0.07578125000000001,-0.9700312531945435,-0.48501562659727177,-1.4550468797918152,-0.04850156265972718,-0.8925775697305227,-0.9700312531945435
0.0759375,-0.9569403357322078,-0.4784701678661039,-1.4354105035983118,-0.047847016786610394,-0.8715830571406186,-0.9569403357322078
0.07609375,-0.9415440651830203,-0.4707720325915101,-1.4123160977745304,-0.04707720325915102,-0.8497556061085011,-0.9415440651830203
0.07625,-0.923879532511287,-0.4619397662556435,-1.3858192987669304,-0.04619397662556435,-0.8282086744200151,-0.923879532511287
0.07640625,-0.9039892931234443,-0.45199464656172217,-1.3559839396851665,-0.04519946465617222,-0.8079723356887121,-0.9039892931234443
0.0765625,-0.8819212643483537,-0.44096063217417686,-1.3228818965225306,-0.044096063217417686,-0.7899176479626457,-0.8819212643483537
0.07671875,-0.8577286100002717,-0.42886430500013584,-1.2865929150004076,-0.04288643050001359,-0.7746898318370401,-0.8577286100002717
0.076875,-0.8314696123025459,-0.41573480615127295,-1.247204418453819,-0.0415734806151273,-0.7626546325646423,-0.8314696123025459
0.07703125,-0.8032075314806446,-0.4016037657403223,-1.2048112972209668,-0.040160376574032236,-0.7538614638689585,-0.8032075314806446
0.0771875,-0.7730104533627357,-0.38650522668136783,-1.1595156800441035,-0.03865052266813679,-0.7480259303134147,-0.7730104533627357
0.07734375,-0.740951125354959,-0.3704755626774795,-1.1114266880324384,-0.03704755626774795,-0.7445331600287971,-0.740951125354959
0.0775,-0.7071067811865464,-0.3535533905932732,-1.0606601717798196,-0.03535533905932732,-0.7424621202458713,-0.7071067811865464
0.07765625,-0.6715589548470186,-0.3357794774235093,-1.0073384322705279,-0.03357794774235093,-0.7406298101497905,-0.6715589548470186
0.0778125,-0.6343932841636444,-0.3171966420818222,-0.9515899262454666,-0.03171966420818222,-0.7376530060904523,-0.6343932841636444
0.07796875,-0.5956993044924338,-0.2978496522462169,-0.8935489567386508,-0.029784965224621693,-0.7320241468371436,-0.5956993044924338
0.078125,-0.5555702330196014,-0.2777851165098007,-0.8333553495294022,-0.02777851165098007,-0.7221970572816971,-0.5555702330196014
0.07828125,-0.5141027441932225,-0.2570513720966113,-0.7711541162898339,-0.025705137209661128,-0.7066775719670249,-0.5141027441932225
0.07843750000000001,-0.47139673682599703,-0.23569836841299852,-0.7070951052389955,-0.023569836841299853,-0.6841137742431905,-0.47139673682599703
0.07859375,-0.42755509343028003,-0.21377754671514002,-0.64133264014542,-0.021377754671514003,-0.6533805345575256,-0.42755509343028003
0.07875,-0.38268343236508945,-0.19134171618254472,-0.5740251485476342,-0.019134171618254474,-0.6136533154929107,-0.38268343236508945
0.07890625,-0.33688985339222155,-0.16844492669611077,-0.5053347800883323,-0.016844492669611077,-0.5644667958887412,-0.33688985339222155
0.07906250000000001,-0.29028467725445894,-0.14514233862722947,-0.4354270158816884,-0.014514233862722948,-0.5057547179260888,-0.29028467725445894
0.07921875,-0.2429801799032623,-0.12149008995163114,-0.36447026985489345,-0.012149008995163114,-0.43786842964861683,-0.2429801799032623
0.079375,-0.19509032201612858,-0.09754516100806429,-0.29263548302419284,-0.00975451610080643,-0.3615728181993249,-0.19509032201612858
0.07953125,-0.14673047445536397,-0.07336523722768198,-0.22009571168304595,-0.007336523722768199,-0.2780196339546099,-0.14673047445536397
0.07968750000000001,-0.0980171403295577,-0.04900857016477885,-0.14702571049433655,-0.004900857016477886,-0.18869951560032555,-0.0980171403295577
0.07984375,-0.04906767432741705,-0.024533837163708525,-0.07360151149112558,-0.0024533837163708528,-0.09537526348604855,-0.04906767432741705
0.08,-9.797174393178826e-16,-4.898587196589413e-16,-1.4695761589768238e-15,-4.898587196589413e-17,-1.910449006669871e-15,-9.797174393178826e-16
0.08015625,0.04906767432741864,0.02453383716370932,0.07360151149112795,0.002453383716370932,0.09537526348604694,0.39822915416667237
0.0803125,0.09801714032955929,0.04900857016477964,0.14702571049433893,0.004900857016477965,0.18869951560032416,0.5856720963437259
0.08046875,0.14673047445536205,0.07336523722768103,0.2200957116830431,0.007336523722768103,0.27801963395460644,0.487271126641066
0.080625,0.19509032201613014,0.09754516100806507,0.2926354830241952,0.009754516100806507,0.3615728181993244,0.19509032201612872
0.08078125,0.24298017990326384,0.12149008995163192,0.3644702698548958,0.012149008995163193,0.4378684296486169,-0.08915249362204805
0.0809375,0.29028467725446044,0.14514233862723022,0.43542701588169064,0.014514233862723023,0.5057547179260896,-0.1735870659098162
0.08109375,0.33688985339222305,0.16844492669611152,0.5053347800883345,0.016844492669611154,0.5644667958887425,0.012957564794518928
0.08125,0.3826834323650909,0.19134171618254545,0.5740251485476363,0.019134171618254547,0.6136533154929127,0.3826834323650936
0.08140625,0.4275550934302814,0.2137775467151407,0.6413326401454221,0.021377754671514072,0.6533805345575281,0.7434894653256483
0.0815625,0.4713967368259953,0.23569836841299766,0.707095105238993,0.023569836841299766,0.6841137742431916,0.9126451881182932
0.08171875,0.5141027441932239,0.25705137209661194,0.7711541162898359,0.025705137209661194,0.7066775719670284,0.8222366686532161
0.081875,0.5555702330196027,0.27778511650980137,0.8333553495294042,0.027778511650980137,0.7221970572817009,0.5555702330195991
0.08203125,0.5956993044924322,0.2978496522462161,0.8935489567386483,0.029784965224621613,0.7320241468371447,0.2951732337344071
0.0821875,0.6343932841636457,0.31719664208182285,0.9515899262454686,0.031719664208182285,0.7376530060904549,0.21466477377904186
0.08234375000000001,0.6715589548470198,0.3357794774235099,1.0073384322705297,0.03357794774235099,0.7406298101497956,0.378452899213796
0.0825,0.7071067811865475,0.35355339059327373,1.0606601717798212,0.035355339059327376,0.7424621202458758,0.7071067811865523
0.08265625,0.7409511253549601,0.37047556267748005,1.1114266880324402,0.03704755626774801,0.7445331600288001,1.026820366689578
0.0828125,0.7730104533627367,0.38650522668136833,1.1595156800441049,0.03865052266813684,0.7480259303134171,1.1722685627424254
0.08296875000000001,0.8032075314806456,0.4016037657403228,1.2048112972209684,0.040160376574032285,0.7538614638689604,1.0820186360983108
0.083125,0.8314696123025468,0.4157348061512734,1.2472044184538202,0.04157348061512734,0.7626546325646438,0.8314696123025415
0.08328125,0.8577286100002725,0.4288643050001362,1.2865929150004087,0.042886430500013624,0.7746898318370413,0.5858013760830876
0.0834375,0.8819212643483545,0.44096063217417725,1.3228818965225317,0.04409606321741773,0.7899176479626469,0.5021352027358701
0.08359375000000001,0.903989293123445,0.4519946465617225,1.3559839396851676,0.04519946465617225,0.8079723356887117,0.6387759665335759
0.08375,0.9238795325112875,0.46193976625564376,1.3858192987669313,0.046193976625564376,0.8282086744200142,0.9238795325112938
0.08390625,0.9415440651830208,0.4707720325915104,1.4123160977745313,0.047077203259151046,0.8497556061085,1.2002092514081366
0.0840625,0.9569403357322084,0.4784701678661042,1.4354105035983125,0.04784701678661042,0.8715830571406175,1.3182040125532446
0.08421875,0.970031253194544,0.485015626597272,1.455046879791816,0.0485015626597272,0.8925775697305215,1.2223099732165625
0.084375,0.9807852804032308,0.4903926402016154,1.471177920604846,0.04903926402016154,0.9116218618598094,0.9807852804032235
0.08453125,0.9891765099647809,0.49458825498239045,1.4837647649471712,0.049458825498239045,0.9276732285317593,0.7431265737334932
0.0846875,0.995184726672197,0.4975923633360985,1.4927770900082955,0.04975923633360985,0.9398358027472002,0.6515400872767109
0.08484375,0.9987954562051724,0.4993977281025862,1.4981931843077585,0.049939772810258624,0.9474221050299091,0.7588205145448519
0.085,1.0,0.5,1.5,0.05,0.95,1.000000000000008
0.08515625,0.9987954562051723,0.49939772810258615,1.4981931843077585,0.04993977281025862,0.9474221050299096,1.2328453954448984
0.0853125,0.9951847266721968,0.4975923633360984,1.4927770900082953,0.049759236333609846,0.9398358027472014,1.3220696192371206
0.08546875,0.9891765099647812,0.4945882549823906,1.483764764947172,0.049458825498239066,0.9276732285317613,1.2174477356149196
0.085625,0.9807852804032298,0.4903926402016149,1.4711779206048448,0.04903926402016149,0.9116218618598093,0.9807852804032222
0.08578125,0.9700312531945435,0.48501562659727177,1.4550468797918152,0.04850156265972718,0.8925775697305234,0.747396064187112
0.0859375,0.9569403357322089,0.47847016786610447,1.4354105035983133,0.04784701678661045,0.8715830571406187,0.6459978074996988
0.08609375,0.9415440651830215,0.47077203259151074,1.4123160977745322,0.047077203259151074,0.8497556061085029,0.7244057585777685
0.08625000000000001,0.9238795325112856,0.4619397662556428,1.3858192987669284,0.046193976625564286,0.8282086744200134,0.9238795325112938
0.08640625,0.9039892931234429,0.45199464656172145,1.3559839396851643,0.045199464656172146,0.8079723356887087,1.1157664358365904
0.0865625,0.8819212643483555,0.44096063217417775,1.3228818965225333,0.044096063217417776,0.7899176479626469,1.177698946531763
0.08671875,0.8577286100002717,0.42886430500013584,1.2865929150004076,0.04288643050001359,0.7746898318370407,1.064276956429446
0.08687500000000001,0.831469612302544,0.415734806151272,1.247204418453816,0.0415734806151272,0.7626546325646397,0.8314696123025351
0.08703125,0.8032075314806447,0.40160376574032236,1.204811297220967,0.040160376574032236,0.7538614638689601,0.6017588818952111
0.0871875,0.7730104533627358,0.3865052266813679,1.1595156800441035,0.03865052266813679,0.748025930313414,0.4916580189592579
0.08734375,0.7409511253549591,0.37047556267747955,1.1114266880324386,0.03704755626774796,0.7445331600287961,0.5444762606495621
0.08750000000000001,0.7071067811865464,0.3535533905932732,1.0606601717798196,0.03535533905932732,0.7424621202458747,0.7071067811865557
0.08765625,0.671558954847016,0.335779477423508,1.007338432270524,0.0335779477423508,0.740629810149789,0.8631828378586146
0.0878125,0.6343932841636445,0.31719664208182224,0.9515899262454668,0.03171966420818222,0.7376530060904497,0.9020239984231396
0.08796875,0.5956993044924339,0.29784965224621696,0.8935489567386509,0.029784965224621696,0.7320241468371422,0.7825919769750037
0.088125,0.5555702330196044,0.2777851165098022,0.8333553495294066,0.02777851165098022,0.7221970572816989,0.5555702330196132
0.08828125,0.5141027441932196,0.2570513720966098,0.7711541162898293,0.02570513720966098,0.7066775719670235,0.3318244682355038
0.0884375,0.47139673682599714,0.23569836841299857,0.7070951052389958,0.02356983684129986,0.684113774243191,0.21681852652222255
0.08859375,0.4275550934302833,0.21377754671514165,0.6413326401454249,0.021377754671514166,0.6533805345575291,0.24977728414128864
0.08875,0.38268343236508956,0.19134171618254478,0.5740251485476343,0.01913417161825448,0.6136533154929111,0.38268343236508207
0.08890625,0.33688985339221833,0.16844492669610917,0.5053347800883274,0.016844492669610918,0.5644667958887373,0.5102783129304592
0.0890625,0.29028467725446244,0.14514233862723122,0.43542701588169364,0.014514233862723123,0.5057547179260928,0.5324469617321437
0.08921875,0.24298017990326243,0.12149008995163121,0.3644702698548936,0.012149008995163121,0.4378684296486177,0.4120876631222299
0.089375,0.1950903220161287,0.09754516100806435,0.29263548302419307,0.009754516100806436,0.3615728181993262,0.195090322016135
0.08953125,0.14673047445536058,0.07336523722768029,0.22009571168304087,0.00733652372276803,0.27801963395460383,-0.018201730126266163
0.0896875,0.09801714032955783,0.049008570164778914,0.14702571049433674,0.004900857016477892,0.18869951560032597,-0.13233475016992505
0.08984375,0.049067674327417175,0.024533837163708588,0.07360151149112576,0.002453383716370859,0.09537526348605173,-0.11179233961372487
0.09,1.102182119232618e-15,5.51091059616309e-16,1.6532731788489269e-15,5.5109105961630896e-17,5.169061759484031e-15,-4.127044774205203e-15
0.09015625000000001,-0.04906767432742207,-0.024533837163711034,-0.0736015114911331,-0.0024533837163711034,-0.09537526348605356,0.10782069171839329
0.0903125,-0.0980171403295627,-0.04900857016478135,-0.14702571049434404,-0.0049008570164781355,-0.18869951560033058,0.12110035590291189
0.09046875,-0.14673047445536191,-0.07336523722768096,-0.22009571168304287,-0.007336523722768096,-0.27801963395460494,0.006284304031046933
0.090625,-0.19509032201612653,-0.09754516100806326,-0.2926354830241898,-0.009754516100806326,-0.36157281819932047,-0.19509032201612228
0.09078125000000001,-0.24298017990326717,-0.12149008995163359,-0.3644702698549008,-0.012149008995163359,-0.43786842964862144,-0.392217010047886
0.0909375,-0.2902846772544637,-0.14514233862723186,-0.4354270158816956,-0.014514233862723186,-0.5057547179260939,-0.4987156870937179
0.09109375,-0.33688985339221955,-0.16844492669610978,-0.5053347800883293,-0.016844492669610977,-0.5644667958887389,-0.48244201307195
0.09125,-0.3826834323650908,-0.1913417161825454,-0.5740251485476362,-0.01913417161825454,-0.6136533154929127,-0.3826834323650941
0.09140625000000001,-0.4275550934302845,-0.21377754671514226,-0.6413326401454268,-0.02137775467151423,-0.6533805345575305,-0.28559662937750846
0.0915625,-0.4713967368259983,-0.23569836841299915,-0.7070951052389974,-0.023569836841299915,-0.6841137742431925,-0.2731310272885019
0.09171875,-0.5141027441932238,-0.2570513720966119,-0.7711541162898357,-0.02570513720966119,-0.7066775719670281,-0.37564924710623726
0.091875,-0.5555702330196026,-0.2777851165098013,-0.8333553495294039,-0.027778511650980133,-0.7221970572817006,-0.5555702330196001
0.09203125,-0.5956993044924321,-0.29784965224621607,-0.8935489567386482,-0.02978496522462161,-0.7320241468371472,-0.7307343725563515
0.0921875,-0.6343932841636483,-0.31719664208182413,-0.9515899262454723,-0.03171966420818242,-0.7376530060904565,-0.8229894609452266
0.09234375,-0.6715589548470197,-0.33577947742350983,-1.0073384322705294,-0.03357794774235098,-0.7406298101497955,-0.8032599952011846
0.0925,-0.7071067811865474,-0.3535533905932737,-1.060660171779821,-0.03535533905932737,-0.742462120245876,-0.7071067811865505
0.09265625,-0.7409511253549576,-0.3704755626774788,-1.1114266880324364,-0.03704755626774788,-0.7445331600287979,-0.6125017952731012
0.0928125,-0.7730104533627389,-0.38650522668136944,-1.1595156800441084,-0.03865052266813695,-0.7480259303134171,-0.5936122206597632
0.09296875,-0.8032075314806455,-0.40160376574032275,-1.2048112972209681,-0.04016037657403228,-0.7538614638689609,-0.6779296266584083
0.093125,-0.8314696123025447,-0.41573480615127234,-1.247204418453817,-0.04157348061512724,-0.7626546325646418,-0.8314696123025423
0.09328125,-0.8577286100002725,-0.4288643050001362,-1.2865929150004087,-0.042886430500013624,-0.774689831837041,-0.9799133923315393
0.0934375,-0.8819212643483562,-0.4409606321741781,-1.3228818965225342,-0.04409606321741781,-0.7899176479626472,-1.052570141998853
0.09359375,-0.9039892931234434,-0.4519946465617217,-1.3559839396851652,-0.045199464656172174,-0.807972335688711,-1.023157322430155
0.09375,-0.9238795325112862,-0.4619397662556431,-1.3858192987669293,-0.04619397662556431,-0.8282086744200137,-0.9238795325112878
0.09390625,-0.9415440651830208,-0.4707720325915104,-1.4123160977745313,-0.047077203259151046,-0.8497556061085008,-0.8253183050033044
0.09406250000000001,-0.9569403357322094,-0.4784701678661047,-1.435410503598314,-0.04784701678661047,-0.8715830571406176,-0.7946141020530346
0.09421875,-0.9700312531945439,-0.48501562659727193,-1.4550468797918157,-0.048501562659727195,-0.8925775697305206,-0.8566751172582368
0.094375,-0.9807852804032307,-0.4903926402016153,-1.471177920604846,-0.04903926402016154,-0.9116218618598075,-0.9807852804032297
0.09453125,-0.9891765099647809,-0.49458825498239045,-1.4837647649471712,-0.049458825498239045,-0.9276732285317597,-1.0997338729326909
0.09468750000000001,-0.9951847266721969,-0.49759236333609846,-1.4927770900082953,-0.049759236333609846,-0.9398358027472012,-1.1495942165162067
0.09484375,-0.9987954562051725,-0.49939772810258626,-1.4981931843077587,-0.04993977281025863,-0.9474221050299098,-1.1066231481554902
0.095,-1.0,-0.5,-1.5,-0.05,-0.95,-1.0000000000000004
0.09515625,-0.9987954562051724,-0.4993977281025862,-1.4981931843077585,-0.049939772810258624,-0.9474221050299103,-0.8936300394548905
0.09531250000000001,-0.9951847266721965,-0.49759236333609824,-1.4927770900082948,-0.049759236333609826,-0.9398358027472012,-0.8483058765104301
0.09546875,-0.9891765099647807,-0.49458825498239034,-1.483764764947171,-0.04945882549823904,-0.9276732285317604,-0.8866076366056401
0.095625,-0.9807852804032304,-0.4903926402016152,-1.4711779206048456,-0.049039264020161524,-0.9116218618598094,-0.9807852804032305
0.09578125,-0.9700312531945445,-0.48501562659727226,-1.4550468797918168,-0.04850156265972723,-0.8925775697305237,-1.0700676920472934
0.09593750000000001,-0.9569403357322079,-0.47847016786610397,-1.435410503598312,-0.0478470167866104,-0.8715830571406158,-1.0966558198429115
0.09609375,-0.9415440651830204,-0.4707720325915102,-1.4123160977745306,-0.04707720325915102,-0.8497556061085028,-1.0391105955601219
0.09625,-0.9238795325112871,-0.46193976625564354,-1.3858192987669307,-0.046193976625564355,-0.8282086744200168,-0.9238795325112865
0.09640625,-0.903989293123443,-0.4519946465617215,-1.3559839396851645,-0.04519946465617215,-0.8079723356887103,-0.8088316889644416
0.0965625,-0.8819212643483555,-0.44096063217417775,-1.3228818965225333,-0.044096063217417776,-0.7899176479626479,-0.7490197848038922
0.09671875,-0.8577286100002718,-0.4288643050001359,-1.2865929150004076,-0.04288643050001359,-0.774689831837041,-0.7649204554591303
0.096875,-0.831469612302544,-0.415734806151272,-1.247204418453816,-0.0415734806151272,-0.7626546325646391,-0.831469612302545
0.09703125,-0.8032075314806448,-0.4016037657403224,-1.2048112972209672,-0.04016037657403224,-0.7538614638689597,-0.8937242445216788
0.0971875,-0.7730104533627381,-0.38650522668136905,-1.159515680044107,-0.03865052266813691,-0.7480259303134159,-0.8994302512651113
0.09734375,-0.7409511253549568,-0.3704755626774784,-1.1114266880324353,-0.03704755626774784,-0.7445331600287936,-0.8292329727880998
0.0975,-0.7071067811865465,-0.35355339059327323,-1.0606601717798196,-0.03535533905932733,-0.7424621202458725,-0.7071067811865451
0.09765625,-0.6715589548470188,-0.3357794774235094,-1.007338432270528,-0.03357794774235094,-0.7406298101497918,-0.5854567939932995
0.0978125,-0.6343932841636474,-0.3171966420818237,-0.951589926245471,-0.03171966420818237,-0.7376530060904515,-0.5141390525594762
0.09796875000000001,-0.5956993044924311,-0.29784965224621557,-0.8935489567386468,-0.029784965224621558,-0.7320241468371432,-0.5117230135647429
0.098125,-0.5555702330196015,-0.27778511650980076,-0.8333553495294023,-0.027778511650980078,-0.7221970572816994,-0.5555702330196032
0.09828125,-0.5141027441932227,-0.25705137209661133,-0.771154116289834,-0.025705137209661135,-0.7066775719670242,-0.5960056531103742
0.0984375,-0.47139673682599725,-0.23569836841299863,-0.7070951052389959,-0.023569836841299863,-0.6841137742431892,-0.5857861003486085
0.09859375000000001,-0.4275550934302802,-0.2137775467151401,-0.6413326401454202,-0.02137775467151401,-0.6533805345575259,-0.5074358123211293
0.09875,-0.38268343236508967,-0.19134171618254484,-0.5740251485476345,-0.019134171618254484,-0.6136533154929116,-0.38268343236508773
0.09890625,-0.33688985339221844,-0.16844492669610922,-0.5053347800883277,-0.01684449266961092,-0.5644667958887377,-0.25898139647802165
0.0990625,-0.29028467725446255,-0.14514233862723128,-0.43542701588169386,-0.014514233862723129,-0.5057547179260933,-0.1814741488218461
0.09921875000000001,-0.24298017990326254,-0.12149008995163127,-0.36447026985489384,-0.012149008995163128,-0.43786842964861816,-0.1669952896440171
0.099375,-0.19509032201612533,-0.09754516100806267,-0.292635483024188,-0.009754516100806267,-0.3615728181993213,-0.19509032201612758
0.09953125,-0.1467304744553607,-0.07336523722768035,-0.22009571168304104,-0.007336523722768035,-0.2780196339546063,-0.220839291089591
0.0996875,-0.09801714032956149,-0.049008570164780746,-0.14702571049434224,-0.004900857016478075,-0.18869951560033446,-0.20152091667013783
0.09984375000000001,-0.04906767432741375,-0.024533837163706874,-0.07360151149112062,-0.0024533837163706875,-0.09537526348604372,-0.12134673775946542
0.1,2.328066879653148e-15,1.164033439826574e-15,3.492100319479722e-15,1.164033439826574e-16,2.941009259863413e-15,4.801585885146521e-15
0.10015625,0.0490676743274184,0.0245338371637092,0.07360151149112759,0.00245338371637092,0.09537526348604748,0.1195621613248265
0.1003125,0.09801714032955905,0.049008570164779525,0.14702571049433857,0.0049008570164779525,0.1886995156003266,0.19647297793165608
0.10046875,0.1467304744553618,0.0733652372276809,0.2200957116830427,0.00733652372276809,0.2780196339546024,0.21548444636728764
0.100625,0.19509032201612989,0.09754516100806494,0.29263548302419484,0.009754516100806495,0.3615728181993235,0.1950903220161272
0.10078125,0.24298017990326362,0.12149008995163181,0.36447026985489545,0.012149008995163182,0.4378684296486176,0.17592374960624585
0.1009375,0.2902846772544636,0.1451423386272318,0.4354270158816954,0.01451423386272318,0.5057547179260934,0.19663058751348508
0.10109375,0.33688985339221944,0.16844492669610972,0.5053347800883292,0.016844492669610973,0.5644667958887384,0.2714890522583002
0.10125,0.38268343236509067,0.19134171618254533,0.574025148547636,0.019134171618254536,0.6136533154929131,0.38268343236509356
0.10140625,0.4275550934302844,0.2137775467151422,0.6413326401454267,0.02137775467151422,0.6533805345575319,0.49134114303078913
0.1015625,0.4713967368259982,0.2356983684129991,0.7070951052389973,0.023569836841299912,0.6841137742431942,0.5604832627124474
0.10171875,0.5141027441932206,0.2570513720966103,0.7711541162898308,0.025705137209661028,0.7066775719670273,0.576313910617724
0.10187500000000001,0.5555702330196054,0.2777851165098027,0.8333553495294082,0.027778511650980272,0.7221970572817028,0.5555702330196024
0.10203125,0.5956993044924349,0.29784965224621746,0.8935489567386523,0.02978496522462175,0.7320241468371471,0.5350241372397726
0.1021875,0.6343932841636455,0.31719664208182274,0.9515899262454682,0.03171966420818228,0.7376530060904537,0.5496515594139104
0.10234375,0.6715589548470169,0.33577947742350844,1.0073384322705254,0.033577947742350844,0.7406298101497928,0.6123818628115185
0.10250000000000001,0.7071067811865498,0.3535533905932749,1.0606601717798247,0.035355339059327494,0.7424621202458785,0.7071067811865529
0.10265625,0.7409511253549599,0.37047556267747994,1.1114266880324397,0.03704755626774799,0.7445331600287989,0.7986671297821946
0.1028125,0.7730104533627365,0.3865052266813683,1.1595156800441049,0.03865052266813683,0.7480259303134161,0.853619275427625
0.10296875,0.8032075314806433,0.40160376574032164,1.204811297220965,0.04016037657403217,0.7538614638689592,0.859498522681196
0.10312500000000001,0.8314696123025467,0.41573480615127334,1.24720441845382,0.041573480615127334,0.7626546325646429,0.8314696123025446
0.10328125,0.8577286100002723,0.42886430500013617,1.2865929150004085,0.04288643050001362,0.7746898318370405,0.8028274483244738
0.1034375,0.8819212643483544,0.4409606321741772,1.3228818965225315,0.04409606321741772,0.7899176479626444,0.8052437809258901
0.10359375,0.9039892931234419,0.45199464656172095,1.3559839396851627,0.0451994646561721,0.8079723356887079,0.8504436459591657
0.10375000000000001,0.9238795325112875,0.46193976625564376,1.3858192987669313,0.046193976625564376,0.8282086744200139,0.9238795325112898
0.10390625,0.9415440651830207,0.47077203259151035,1.412316097774531,0.04707720325915104,0.8497556061084997,0.9937676656083113
0.1040625,0.9569403357322083,0.47847016786610413,1.4354105035983125,0.047847016786610415,0.8715830571406172,1.029878214160322
0.10421875,0.9700312531945448,0.4850156265972724,1.455046879791817,0.04850156265972724,0.8925775697305223,1.0209654483311381
0.104375,0.9807852804032307,0.4903926402016153,1.471177920604846,0.04903926402016154,0.9116218618598081,0.9807852804032333
0.10453125,0.9891765099647809,0.49458825498239045,1.4837647649471712,0.049458825498239045,0.9276732285317593,0.9394998845868763
0.1046875,0.9951847266721973,0.49759236333609863,1.492777090008296,0.04975923633360987,0.9398358027472006,0.9258040705507197
0.10484375,0.9987954562051725,0.49939772810258626,1.4981931843077587,0.04993977281025863,0.9474221050299092,0.9503453510779839
0.105,1.0,0.5,1.5,0.05,0.95,0.9999999999999978
0.10515625,0.9987954562051721,0.49939772810258604,1.498193184307758,0.049939772810258604,0.9474221050299094,1.046049323974534
0.1053125,0.9951847266721965,0.49759236333609824,1.4927770900082948,0.049759236333609826,0.939835802747201,1.0611816482661116
0.10546875,0.9891765099647807,0.49458825498239034,1.483764764947171,0.04945882549823904,0.9276732285317599,1.0352636755819153
0.105625,0.9807852804032305,0.49039264020161527,1.4711779206048459,0.04903926402016153,0.911621861859809,0.9807852804032315
0.10578125000000001,0.9700312531945428,0.4850156265972714,1.4550468797918141,0.04850156265972714,0.8925775697305227,0.9250819837508589
0.1059375,0.9569403357322079,0.47847016786610397,1.435410503598312,0.0478470167866104,0.8715830571406179,0.8941621219856093
0.10609375,0.9415440651830204,0.4707720325915102,1.4123160977745306,0.04707720325915102,0.8497556061085021,0.8977045971561651
0.10625,0.9238795325112871,0.46193976625564354,1.3858192987669307,0.046193976625564355,0.828208674420016,0.9238795325112854
0.10640625000000001,0.9039892931234415,0.4519946465617207,1.3559839396851623,0.04519946465617208,0.8079723356887077,0.9467463608280838
0.1065625,0.8819212643483539,0.44096063217417697,1.3228818965225309,0.0440960632174177,0.7899176479626477,0.9416377484817138
0.10671875,0.8577286100002719,0.42886430500013595,1.2865929150004078,0.042886430500013596,0.7746898318370417,0.8994300019418753
0.106875,0.8314696123025461,0.41573480615127306,1.2472044184538191,0.041573480615127306,0.7626546325646412,0.8314696123025467
0.10703125000000001,0.8032075314806427,0.40160376574032136,1.2048112972209641,0.04016037657403214,0.753861463868959,0.7625357505746169
0.1071875,0.7730104533627359,0.38650522668136794,1.1595156800441038,0.038650522668136796,0.7480259303134151,0.7162063765273541
0.10734375,0.7409511253549593,0.37047556267747966,1.111426688032439,0.037047556267747965,0.7445331600287957,0.7012835342974699
0.1075,0.707106781186549,0.3535533905932745,1.0606601717798236,0.03535533905932745,0.742462120245875,0.7071067811865479
0.10765625000000001,0.6715589548470162,0.3357794774235081,1.0073384322705243,0.03357794774235081,0.7406298101497905,0.7102471495916739
0.1078125,0.6343932841636447,0.31719664208182236,0.951589926245467,0.03171966420818224,0.7376530060904499,0.6884269934810593
0.10796875,0.5956993044924341,0.29784965224621707,0.8935489567386512,0.029784965224621707,0.7320241468371435,0.6334322843053799
0.108125,0.5555702330196046,0.2777851165098023,0.8333553495294069,0.027778511650980234,0.7221970572816998,0.5555702330196047
0.10828125,0.5141027441932198,0.2570513720966099,0.7711541162898297,0.02570513720966099,0.7066775719670215,0.47730139497129
0.1084375,0.47139673682599736,0.23569836841299868,0.707095105238996,0.02356983684129987,0.6841137742431915,0.4199982826083542
0.10859375,0.42755509343028353,0.21377754671514176,0.6413326401454253,0.021377754671514176,0.6533805345575294,0.39166237275811877
0.10875,0.3826834323650865,0.19134171618254325,0.5740251485476298,0.019134171618254328,0.6136533154929076,0.38268343236508584
0.10890625,0.33688985339221855,0.16844492669610928,0.5053347800883279,0.01684449266961093,0.5644667958887377,0.37189637963344524
0.1090625,0.29028467725446266,0.14514233862723133,0.43542701588169397,0.014514233862723134,0.5057547179260924,0.3391763992801377
0.10921875,0.2429801799032661,0.12149008995163305,0.36447026985489916,0.012149008995163305,0.4378684296486221,0.27712239193201466
0.109375,0.19509032201612544,0.09754516100806272,0.2926354830241882,0.009754516100806273,0.36157281819932174,0.19509032201612522
0.10953125,0.14673047445536083,0.07336523722768042,0.22009571168304126,0.007336523722768042,0.2780196339546068,0.11343123664515001
0.10968750000000001,0.0980171403295616,0.0490085701647808,0.1470257104943424,0.004900857016478081,0.18869951560033285,0.05150989572422988
0.10984375,0.049067674327413865,0.024533837163706933,0.07360151149112079,0.0024533837163706936,0.09537526348604691,0.016590597628126598
0.11,-2.2056021997384123e-15,-1.1028010998692062e-15,-3.3084032996076183e-15,-1.1028010998692062e-16,3.1760349295074727e-16,-2.4722360824289998e-15
0.11015625,-0.04906767432741827,-0.024533837163709136,-0.07360151149112741,-0.002453383716370914,-0.0953752634860443,-0.017392459508898443
0.11031250000000001,-0.098017140329566,-0.049008570164783,-0.147025710494349,-0.0049008570164783,-0.18869951560033532,-0.05377808080852238
0.11046875,-0.1467304744553652,-0.0733652372276826,-0.22009571168304778,-0.0073365237227682595,-0.2780196339546095,-0.11583732347723627
0.110625,-0.19509032201612977,-0.09754516100806489,-0.2926354830241947,-0.00975451610080649,-0.3615728181993231,-0.19509032201613027
0.11078125,-0.24298017990326348,-0.12149008995163174,-0.3644702698548952,-0.012149008995163175,-0.43786842964861705,-0.27311057626602026
0.11093750000000001,-0.29028467725446694,-0.14514233862723347,-0.4354270158817004,-0.014514233862723347,-0.5057547179260977,-0.3323661723831221
0.11109375,-0.3368898533922227,-0.16844492669611136,-0.5053347800883341,-0.016844492669611136,-0.5644667958887414,-0.36627632761816226
0.11125,-0.38268343236509056,-0.19134171618254528,-0.5740251485476359,-0.01913417161825453,-0.6136533154929127,-0.3826834323650905
0.11140625,-0.4275550934302811,-0.21377754671514054,-0.6413326401454216,-0.021377754671514055,-0.6533805345575282,-0.39889417383815706
0.11156250000000001,-0.47139673682600125,-0.23569836841300063,-0.7070951052390019,-0.023569836841300065,-0.6841137742431949,-0.431367580432641
0.11171875,-0.5141027441932235,-0.2570513720966118,-0.7711541162898353,-0.02570513720966118,-0.7066775719670273,-0.4861494652271785
0.111875,-0.5555702330196024,-0.2777851165098012,-0.8333553495294036,-0.027778511650980123,-0.7221970572817024,-0.5555702330196021
0.11203125,-0.5956993044924319,-0.29784965224621596,-0.8935489567386479,-0.029784965224621596,-0.7320241468371469,-0.622962414541709
0.1121875,-0.6343932841636426,-0.3171966420818213,-0.9515899262454639,-0.03171966420818213,-0.7376530060904536,-0.6724701955629477
0.11234375,-0.6715589548470194,-0.3357794774235097,-1.0073384322705292,-0.033577947742350976,-0.7406298101497942,-0.6981489363107987
0.1125,-0.7071067811865471,-0.35355339059327356,-1.0606601717798207,-0.035355339059327355,-0.7424621202458761,-0.7071067811865468
0.11265625,-0.7409511253549574,-0.3704755626774787,-1.1114266880324362,-0.037047556267747875,-0.7445331600287968,-0.7150176528726843
0.1128125,-0.7730104533627342,-0.3865052266813671,-1.1595156800441013,-0.03865052266813671,-0.7480259303134141,-0.7367905748456085
0.11296875,-0.8032075314806454,-0.4016037657403227,-1.2048112972209681,-0.04016037657403227,-0.7538614638689619,-0.7779143587153705
0.113125,-0.8314696123025446,-0.4157348061512723,-1.247204418453817,-0.04157348061512723,-0.7626546325646408,-0.8314696123025445
0.11328125,-0.8577286100002705,-0.4288643050001352,-1.2865929150004056,-0.04288643050001353,-0.7746898318370382,-0.8823972921048887
0.1134375,-0.881921264348356,-0.440960632174178,-1.3228818965225342,-0.044096063217417804,-0.7899176479626489,-0.9163746785456873
0.11359375000000001,-0.9039892931234433,-0.45199464656172167,-1.355983939685165,-0.04519946465617217,-0.8079723356887104,-0.9280489032967532
0.11375,-0.9238795325112861,-0.46193976625564304,-1.385819298766929,-0.046193976625564306,-0.8282086744200132,-0.9238795325112856
0.11390625,-0.9415440651830219,-0.47077203259151096,-1.4123160977745328,-0.0470772032591511,-0.8497556061085034,-0.918078488901455
0.1140625,-0.9569403357322093,-0.47847016786610463,-1.4354105035983138,-0.04784701678661046,-0.8715830571406161,-0.924167234373197
0.11421875000000001,-0.9700312531945439,-0.48501562659727193,-1.4550468797918157,-0.048501562659727195,-0.8925775697305205,-0.9471450440556752
0.114375,-0.9807852804032313,-0.49039264020161566,-1.471177920604847,-0.049039264020161566,-0.9116218618598094,-0.9807852804032314
0.11453125,-0.9891765099647813,-0.4945882549823907,-1.4837647649471721,-0.04945882549823907,-0.9276732285317602,-1.0114976565866742
0.1146875,-0.9951847266721969,-0.49759236333609846,-1.4927770900082953,-0.049759236333609846,-0.9398358027472005,-1.0263594650170336
0.11484375000000001,-0.9987954562051726,-0.4993977281025863,-1.498193184307759,-0.04993977281025863,-0.9474221050299101,-1.0205654917533418
0.115,-1.0,-0.5,-1.5,-0.05,-0.95,-0.9999999999999993
0.11515625,-0.9987954562051723,-0.49939772810258615,-1.4981931843077585,-0.04993977281025862,-0.9474221050299101,-0.9775629247498333
0.1153125,-0.9951847266721969,-0.49759236333609846,-1.4927770900082953,-0.049759236333609846,-0.9398358027472018,-0.9655303982574776
0.11546875000000001,-0.9891765099647802,-0.4945882549823901,-1.4837647649471704,-0.04945882549823902,-0.9276732285317599,-0.9684682115789355
0.115625,-0.9807852804032298,-0.4903926402016149,-1.4711779206048448,-0.04903926402016149,-0.9116218618598089,-0.9807852804032301
0.11578125,-0.9700312531945436,-0.4850156265972718,-1.4550468797918155,-0.04850156265972719,-0.8925775697305215,-0.9902282618714994
0.1159375,-0.956940335732209,-0.4784701678661045,-1.4354105035983136,-0.047847016786610456,-0.8715830571406182,-0.9851484054840978
0.11609375,-0.9415440651830217,-0.47077203259151085,-1.4123160977745326,-0.04707720325915109,-0.8497556061085025,-0.9612424079389792
0.11625,-0.9238795325112857,-0.46193976625564287,-1.3858192987669287,-0.04619397662556429,-0.8282086744200139,-0.923879532511285
0.11640625,-0.9039892931234431,-0.45199464656172156,-1.3559839396851647,-0.04519946465617216,-0.807972335688711,-0.8847773041830268
0.1165625,-0.8819212643483556,-0.4409606321741778,-1.3228818965225333,-0.04409606321741778,-0.7899176479626485,-0.8550889183919905
0.11671875,-0.8577286100002738,-0.4288643050001369,-1.2865929150004107,-0.04288643050001369,-0.7746898318370428,-0.8389909667569063
0.116875,-0.8314696123025441,-0.41573480615127206,-1.2472044184538162,-0.04157348061512721,-0.7626546325646401,-0.8314696123025446
0.11703125,-0.8032075314806449,-0.40160376574032247,-1.2048112972209675,-0.04016037657403225,-0.7538614638689607,-0.8214825406639515
0.1171875,-0.7730104533627382,-0.3865052266813691,-1.1595156800441073,-0.038650522668136914,-0.7480259303134144,-0.7985341703648154
0.11734375,-0.7409511253549618,-0.3704755626774809,-1.1114266880324426,-0.03704755626774809,-0.7445331600287963,-0.7587749229538496
0.11750000000000001,-0.7071067811865467,-0.35355339059327334,-1.06066017177982,-0.035355339059327334,-0.7424621202458739,-0.7071067811865458
0.11765625,-0.6715589548470189,-0.33577947742350944,-1.0073384322705283,-0.03357794774235095,-0.7406298101497917,-0.654175228378837
0.1178125,-0.6343932841636476,-0.3171966420818238,-0.9515899262454715,-0.03171966420818238,-0.7376530060904527,-0.6101143735286426
0.11796875,-0.5956993044924314,-0.2978496522462157,-0.893548956738647,-0.029784965224621568,-0.7320241468371407,-0.5787447837600239
0.11812500000000001,-0.5555702330196017,-0.27778511650980087,-0.8333553495294026,-0.027778511650980088,-0.7221970572816973,-0.5555702330196023
0.11828125,-0.5141027441932229,-0.25705137209661144,-0.7711541162898343,-0.025705137209661146,-0.706677571967025,-0.5306386563172296
0.1184375,-0.4713967368259943,-0.23569836841299716,-0.7070951052389914,-0.023569836841299718,-0.6841137742431865,-0.49449155101683434
0.11859375,-0.4275550934302804,-0.2137775467151402,-0.6413326401454207,-0.021377754671514024,-0.653380534557525,-0.4436827324292535
0.11875000000000001,-0.3826834323650899,-0.19134171618254495,-0.5740251485476349,-0.019134171618254495,-0.6136533154929116,-0.38268343236508895
0.11890625,-0.33688985339221533,-0.16844492669610767,-0.505334780088323,-0.01684449266961077,-0.5644667958887342,-0.3211604072189022
0.1190625,-0.2902846772544594,-0.1451423386272297,-0.4354270158816891,-0.01451423386272297,-0.5057547179260895,-0.26831621044275566
0.11921875,-0.2429801799032628,-0.1214900899516314,-0.36447026985489417,-0.01214900899516314,-0.4378684296486191,-0.2276390951397142
0.11937500000000001,-0.1950903220161221,-0.09754516100806104,-0.29263548302418313,-0.009754516100806104,-0.36157281819931697,-0.19509032201612275
0.11953125,-0.14673047445535745,-0.07336523722767872,-0.22009571168303615,-0.007336523722767873,-0.27801963395460183,-0.1616927864865133
0.1196875,-0.09801714032955819,-0.049008570164779094,-0.14702571049433727,-0.00490085701647791,-0.18869951560032971,-0.11891419237201814
0.11984375,-0.049067674327417536,-0.024533837163708768,-0.0736015114911263,-0.002453383716370877,-0.09537526348605087,-0.06366056555826428
0.12,-1.4695761589768238e-15,-7.347880794884119e-16,-2.204364238465236e-15,-7.347880794884119e-17,-4.286758981525007e-15,-2.2085836859953683e-15
0.12015625,0.0490676743274217,0.0490676743274217,0.0490676743274217,0.0490676743274217,0.0953752634860523,0.06330026579001805
0.1203125,0.09801714032956234,0.09801714032956234,0.09801714032956234,0.09801714032956234,0.18869951560032883,0.117895031117673
0.12046875,0.14673047445536155,0.14673047445536155,0.14673047445536155,0.14673047445536155,0.27801963395460344,0.16061166198268156
0.120625,0.19509032201612617,0.19509032201612617,0.19509032201612617,0.19509032201612617,0.3615728181993175,0.19509032201612653
0.12078125,0.2429801799032668,0.2429801799032668,0.2429801799032668,0.2429801799032668,0.43786842964862166,0.22944172011714728
0.1209375,0.2902846772544634,0.2902846772544634,0.2902846772544634,0.2902846772544634,0.5057547179260938,0.27137624263980087
0.12109375,0.3368898533922192,0.3368898533922192,0.3368898533922192,0.3368898533922192,0.5644667958887376,0.32368565936922034
0.12125,0.3826834323650872,0.3826834323650872,0.3826834323650872,0.3826834323650872,0.6136533154929089,0.3826834323650866
0.12140625000000001,0.4275550934302842,0.4275550934302842,0.4275550934302842,0.4275550934302842,0.6533805345575315,0.4404332747412606
0.1215625,0.471396736825998,0.471396736825998,0.471396736825998,0.471396736825998,0.6841137742431934,0.4893829962027128
0.12171875,0.5141027441932204,0.5141027441932204,0.5141027441932204,0.5141027441932204,0.7066775719670265,0.5266629620747135
0.121875,0.5555702330195993,0.5555702330195993,0.5555702330195993,0.5555702330195993,0.7221970572816993,0.5555702330195995
0.12203125000000001,0.5956993044924347,0.5956993044924347,0.5956993044924347,0.5956993044924347,0.732024146837146,0.5834491994953785
0.1221875,0.6343932841636453,0.6343932841636453,0.6343932841636453,0.6343932841636453,0.7376530060904525,0.6172842250078122
0.12234375,0.6715589548470168,0.6715589548470168,0.6715589548470168,0.6715589548470168,0.7406298101497917,0.6596113060200007
0.1225,0.7071067811865496,0.7071067811865496,0.7071067811865496,0.7071067811865496,0.7424621202458808,0.7071067811865492
0.12265625000000001,0.7409511253549598,0.7409511253549598,0.7409511253549598,0.7409511253549598,0.7445331600287977,0.7526037856813826
0.1228125,0.7730104533627363,0.7730104533627363,0.7730104533627363,0.7730104533627363,0.7480259303134149,0.7892850938572881
0.12296875,0.8032075314806474,0.8032075314806474,0.8032075314806474,0.8032075314806474,0.7538614638689645,0.8145724865985067
0.123125,0.8314696123025465,0.8314696123025465,0.8314696123025465,0.8314696123025465,0.7626546325646434,0.8314696123025466
0.12328125000000001,0.8577286100002722,0.8577286100002722,0.8577286100002722,0.8577286100002722,0.7746898318370385,0.8466442566240665
0.1234375,0.8819212643483576,0.8819212643483576,0.8819212643483576,0.8819212643483576,0.7899176479626491,0.8664403474367691
0.12359375,0.9039892931234449,0.9039892931234449,0.9039892931234449,0.9039892931234449,0.8079723356887105,0.8931786134072074
0.12375,0.9238795325112874,0.9238795325112874,0.9238795325112874,0.9238795325112874,0.8282086744200128,0.9238795325112872
0.12390625000000001,0.941544065183023,0.941544065183023,0.941544065183023,0.941544065183023,0.8497556061085036,0.9520878282660337
0.1240625,0.9569403357322103,0.9569403357322103,0.9569403357322103,0.9569403357322103,0.871583057140619,0.9716662394167639
0.12421875,0.9700312531945446,0.9700312531945446,0.9700312531945446,0.9700312531945446,0.892577569730522,0.9803146898394829
0.124375,0.9807852804032307,0.9807852804032307,0.9807852804032307,0.9807852804032307,0.9116218618598092,0.9807852804032307
0.12453125,0.9891765099647808,0.9891765099647808,0.9891765099647808,0.9891765099647808,0.92767322853176,0.9791469722752574
0.1246875,0.9951847266721973,0.9951847266721973,0.9951847266721973,0.9951847266721973,0.9398358027472005,0.9811770137850864
0.12484375,0.9987954562051725,0.9987954562051725,0.9987954562051725,0.9987954562051725,0.9474221050299095,0.9890135486835185
0.125,1.0,1.0,1.0,1.0,0.95,0.9999999999999999
0.12515625,0.9987954562051725,0.9987954562051725,0.9987954562051725,0.9987954562051725,0.9474221050299103,1.0083358475695863
0.1253125,0.9951847266721973,0.9951847266721973,0.9951847266721973,0.9951847266721973,0.9398358027472018,1.008509275340375
0.12546875,0.9891765099647818,0.9891765099647818,0.9891765099647818,0.9891765099647818,0.927673228531762,0.9984813482271245
0.12562500000000001,0.9807852804032291,0.9807852804032291,0.9807852804032291,0.9807852804032291,0.9116218618598089,0.9807852804032282
0.12578125,0.9700312531945429,0.9700312531945429,0.9700312531945429,0.9700312531945429,0.8925775697305215,0.9609561522074593
0.1259375,0.956940335732208,0.956940335732208,0.956940335732208,0.956940335732208,0.8715830571406182,0.9442656329708455
0.12609375,0.9415440651830205,0.9415440651830205,0.9415440651830205,0.9415440651830205,0.8497556061085023,0.9326930292376606
0.12625,0.9238795325112872,0.9238795325112872,0.9238795325112872,0.9238795325112872,0.8282086744200144,0.9238795325112872
0.12640625,0.9039892931234447,0.9039892931234447,0.9039892931234447,0.9039892931234447,0.8079723356887116,0.9126217962126735
0.1265625,0.8819212643483574,0.8819212643483574,0.8819212643483574,0.8819212643483574,0.7899176479626495,0.8939778145617658
0.12671875,0.857728610000272,0.857728610000272,0.857728610000272,0.857728610000272,0.7746898318370381,0.8661479758288124
0.12687500000000002,0.8314696123025422,0.8314696123025422,0.8314696123025422,0.8314696123025422,0.7626546325646396,0.8314696123025413
0.12703125,0.8032075314806428,0.8032075314806428,0.8032075314806428,0.8032075314806428,0.75386146386896,0.7949960405350748
0.1271875,0.773010453362736,0.773010453362736,0.773010453362736,0.773010453362736,0.7480259303134144,0.7615419080417716
0.12734375,0.7409511253549594,0.7409511253549594,0.7409511253549594,0.7409511253549594,0.7445331600287969,0.7329423768432164
0.1275,0.7071067811865492,0.7071067811865492,0.7071067811865492,0.7071067811865492,0.7424621202458763,0.7071067811865492
0.12765625,0.6715589548470164,0.6715589548470164,0.6715589548470164,0.6715589548470164,0.7406298101497868,0.6793699666534615
0.1278125,0.6343932841636449,0.6343932841636449,0.6343932841636449,0.6343932841636449,0.7376530060904474,0.6453025019291663
0.12796875,0.5956993044924342,0.5956993044924342,0.5956993044924342,0.5956993044924342,0.7320241468371408,0.603317461730231
0.128125,0.5555702330196048,0.5555702330196048,0.5555702330196048,0.5555702330196048,0.7221970572816971,0.5555702330196055
0.12828125,0.51410274419322,0.51410274419322,0.51410274419322,0.51410274419322,0.7066775719670251,0.5066726799278065
0.1284375,0.4713967368259976,0.4713967368259976,0.4713967368259976,0.4713967368259976,0.6841137742431921,0.4610195678891477
0.12859375,0.42755509343027737,0.42755509343027737,0.42755509343027737,0.42755509343027737,0.6533805345575222,0.4203084781052125
0.12875,0.38268343236508673,0.38268343236508673,0.38268343236508673,0.38268343236508673,0.6136533154929077,0.38268343236508684
0.12890625,0.3368898533922188,0.3368898533922188,0.3368898533922188,0.3368898533922188,0.5644667958887375,0.34395754914741095
0.1290625,0.29028467725446294,0.29028467725446294,0.29028467725446294,0.29028467725446294,0.505754717926095,0.3001557456902093
0.12921875,0.24298017990326634,0.24298017990326634,0.24298017990326634,0.24298017990326634,0.43786842964862394,0.24987337362850634
0.129375,0.19509032201613266,0.19509032201613266,0.19509032201613266,0.19509032201613266,0.36157281819933124,0.1950903220161332
0.12953125000000001,0.14673047445535403,0.14673047445535403,0.14673047445535403,0.14673047445535403,0.2780196339545987,0.14000747428959595
0.1296875,0.09801714032955477,0.09801714032955477,0.09801714032955477,0.09801714032955477,0.18869951560032458,0.08862748958221257
0.12984375,0.049067674327414115,0.049067674327414115,0.049067674327414115,0.049067674327414115,0.09537526348604564,0.042510665627182635
0.13,-1.9606728399089416e-15,-1.9606728399089416e-15,-1.9606728399089416e-15,-1.9606728399089416e-15,1.1504871124982647e-15,-1.7901127108027446e-15
0.13015625,-0.04906767432741803,-0.04906767432741803,-0.04906767432741803,-0.04906767432741803,-0.09537526348604558,-0.042672558748826195
0.1303125,-0.09801714032955869,-0.09801714032955869,-0.09801714032955869,-0.09801714032955869,-0.18869951560032489,-0.08908542825290167
0.13046875,-0.14673047445535792,-0.14673047445535792,-0.14673047445535792,-0.14673047445535792,-0.2780196339545976,-0.14049325484299013
0.130625,-0.19509032201612256,-0.19509032201612256,-0.19509032201612256,-0.19509032201612256,-0.36157281819931364,-0.19509032201612214
0.13078125000000002,-0.24298017990327014,-0.24298017990327014,-0.24298017990327014,-0.24298017990327014,-0.43786842964862627,-0.24906340201471006
0.1309375,-0.29028467725446666,-0.29028467725446666,-0.29028467725446666,-0.29028467725446666,-0.5057547179260968,-0.2987807845929512
0.13109375,-0.33688985339222244,-0.33688985339222244,-0.33688985339222244,-0.33688985339222244,-0.5644667958887415,-0.342822880214579
0.13125,-0.38268343236509034,-0.38268343236509034,-0.38268343236509034,-0.38268343236509034,-0.6136533154929126,-0.3826834323650901
0.13140625,-0.42755509343028086,-0.42755509343028086,-0.42755509343028086,-0.42755509343028086,-0.6533805345575273,-0.42176855356210624
0.1315625,-0.47139673682599476,-0.47139673682599476,-0.47139673682599476,-0.47139673682599476,-0.6841137742431899,-0.4633149895319118
0.13171875,-0.5141027441932233,-0.5141027441932233,-0.5141027441932233,-0.5141027441932233,-0.7066775719670292,-0.5084590745034454
0.131875,-0.5555702330196022,-0.5555702330196022,-0.5555702330196022,-0.5555702330196022,-0.7221970572817019,-0.5555702330196018
0.13203125,-0.5956993044924317,-0.5956993044924317,-0.5956993044924317,-0.5956993044924317,-0.7320241468371493,-0.6012036314810855
0.1321875,-0.6343932841636479,-0.6343932841636479,-0.6343932841636479,-0.6343932841636479,-0.737653006090454,-0.6420808799911586
0.13234375,-0.6715589548470193,-0.6715589548470193,-0.6715589548470193,-0.6715589548470193,-0.7406298101497942,-0.6769273795180987
0.1325,-0.707106781186547,-0.707106781186547,-0.707106781186547,-0.707106781186547,-0.7424621202458749,-0.707106781186547
0.13265625,-0.7409511253549621,-0.7409511253549621,-0.7409511253549621,-0.7409511253549621,-0.7445331600288003,-0.7357152475612807
0.1328125,-0.7730104533627385,-0.7730104533627385,-0.7730104533627385,-0.7730104533627385,-0.7480259303134176,-0.7656977860079415
0.13296875,-0.8032075314806452,-0.8032075314806452,-0.8032075314806452,-0.8032075314806452,-0.7538614638689629,-0.7981009279702986
0.133125,-0.8314696123025445,-0.8314696123025445,-0.8314696123025445,-0.8314696123025445,-0.7626546325646415,-0.831469612302544
0.13328125,-0.8577286100002703,-0.8577286100002703,-0.8577286100002703,-0.8577286100002703,-0.7746898318370383,-0.8627091310207097
0.13343750000000001,-0.8819212643483558,-0.8819212643483558,-0.8819212643483558,-0.8819212643483558,-0.7899176479626477,-0.8888772887078247
0.13359375,-0.9039892931234463,-0.9039892931234463,-0.9039892931234463,-0.9039892931234463,-0.807972335688713,-0.9088468446417461
0.13375,-0.9238795325112886,-0.9238795325112886,-0.9238795325112886,-0.9238795325112886,-0.8282086744200174,-0.9238795325112884
0.13390625,-0.9415440651830218,-0.9415440651830218,-0.9415440651830218,-0.9415440651830218,-0.8497556061085003,-0.9368064470390354
0.1340625,-0.9569403357322092,-0.9569403357322092,-0.9569403357322092,-0.9569403357322092,-0.8715830571406158,-0.9503235606839386
0.13421875,-0.9700312531945438,-0.9700312531945438,-0.9700312531945438,-0.9700312531945438,-0.892577569730519,-0.9654106072593086
0.134375,-0.9807852804032299,-0.9807852804032299,-0.9807852804032299,-0.9807852804032299,-0.9116218618598066,-0.9807852804032297
0.13453125,-0.9891765099647802,-0.9891765099647802,-0.9891765099647802,-0.9891765099647802,-0.927673228531758,-0.9936830717453883
0.13468750000000002,-0.9951847266721976,-0.9951847266721976,-0.9951847266721976,-0.9951847266721976,-0.9398358027472026,-1.0014787977934145
0.13484375,-0.9987954562051726,-0.9987954562051726,-0.9987954562051726,-0.9987954562051726,-0.9474221050299094,-1.0031907505789677
0.135,-1.0,-1.0,-1.0,-1.0,-0.95,-0.9999999999999999
0.13515625,-0.9987954562051723,-0.9987954562051723,-0.9987954562051723,-0.9987954562051723,-0.9474221050299102,-0.9945086820361272
0.1353125,-0.9951847266721969,-0.9951847266721969,-0.9951847266721969,-0.9951847266721969,-0.9398358027472018,-0.9891976210217951
0.13546875,-0.9891765099647812,-0.9891765099647812,-0.9891765099647812,-0.9891765099647812,-0.9276732285317619,-0.9849955766270846
0.135625,-0.9807852804032312,-0.9807852804032312,-0.9807852804032312,-0.9807852804032312,-0.9116218618598115,-0.9807852804032309
0.13578125,-0.9700312531945438,-0.9700312531945438,-0.9700312531945438,-0.9700312531945438,-0.8925775697305229,-0.9741089589203288
0.13593750000000002,-0.956940335732207,-0.956940335732207,-0.956940335732207,-0.956940335732207,-0.8715830571406165,-0.9626354467944638
0.13609375,-0.9415440651830194,-0.9415440651830194,-0.9415440651830194,-0.9415440651830194,-0.8497556061085023,-0.945521091995712
0.13625,-0.9238795325112859,-0.9238795325112859,-0.9238795325112859,-0.9238795325112859,-0.8282086744200143,-0.9238795325112855
0.13640625,-0.9039892931234431,-0.9039892931234431,-0.9039892931234431,-0.9039892931234431,-0.8079723356887093,-0.9001104594526211
0.1365625,-0.8819212643483557,-0.8819212643483557,-0.8819212643483557,-0.8819212643483557,-0.7899176479626492,-0.8765039071301376
0.13671875,-0.8577286100002702,-0.8577286100002702,-0.8577286100002702,-0.8577286100002702,-0.7746898318370378,-0.8539455450740084
0.136875,-0.8314696123025443,-0.8314696123025443,-0.8314696123025443,-0.8314696123025443,-0.7626546325646375,-0.8314696123025442
0.13703125,-0.803207531480645,-0.803207531480645,-0.803207531480645,-0.803207531480645,-0.7538614638689596,-0.8068971922010748
0.1371875,-0.7730104533627383,-0.7730104533627383,-0.7730104533627383,-0.7730104533627383,-0.7480259303134136,-0.7781636029517387
0.13734375000000001,-0.7409511253549571,-0.7409511253549571,-0.7409511253549571,-0.7409511253549571,-0.7445331600287942,-0.7445496880276138
0.1375,-0.7071067811865468,-0.7071067811865468,-0.7071067811865468,-0.7071067811865468,-0.742462120245875,-0.7071067811865467
0.13765625,-0.6715589548470139,-0.6715589548470139,-0.6715589548470139,-0.6715589548470139,-0.7406298101497878,-0.6680492410033163
0.1378125,-0.6343932841636423,-0.6343932841636423,-0.6343932841636423,-0.6343932841636423,-0.7376530060904475,-0.6294914566457314
0.13796875,-0.5956993044924316,-0.5956993044924316,-0.5956993044924316,-0.5956993044924316,-0.7320241468371419,-0.5922762457922904
0.138125,-0.555570233019602,-0.555570233019602,-0.555570233019602,-0.555570233019602,-0.7221970572816977,-0.5555702330196017
0.13828125,-0.5141027441932231,-0.5141027441932231,-0.5141027441932231,-0.5141027441932231,-0.7066775719670231,-0.5174412872729256
0.1384375,-0.4713967368260008,-0.4713967368260008,-0.4713967368260008,-0.4713967368260008,-0.6841137742431915,-0.47605949939486497
0.13859375000000002,-0.42755509343027426,-0.42755509343027426,-0.42755509343027426,-0.42755509343027426,-0.6533805345575207,-0.43081120758764135
0.13875,-0.38268343236508356,-0.38268343236508356,-0.38268343236508356,-0.38268343236508356,-0.6136533154929059,-0.3826834323650833
0.13890625,-0.33688985339221555,-0.33688985339221555,-0.33688985339221555,-0.33688985339221555,-0.5644667958887339,-0.3337141329798392
0.1390625,-0.29028467725445967,-0.29028467725445967,-0.29028467725445967,-0.29028467725445967,-0.5057547179260904,-0.28584932029949556
0.13921875,-0.242980179903263,-0.242980179903263,-0.242980179903263,-0.242980179903263,-0.437868429648621,-0.23988286830724184
0.139375,-0.19509032201612928,-0.19509032201612928,-0.19509032201612928,-0.19509032201612928,-0.3615728181993264,-0.19509032201612928
0.13953125,-0.14673047445536472,-0.14673047445536472,-0.14673047445536472,-0.14673047445536472,-0.2780196339546137,-0.14975131315560444
0.1396875,-0.0980171403295655,-0.0980171403295655,-0.0980171403295655,-0.0980171403295655,-0.18869951560033812,-0.10223618237329127
0.13984375000000002,-0.04906767432741069,-0.04906767432741069,-0.04906767432741069,-0.04906767432741069,-0.09537526348603763,-0.052013928254393146
0.14,5.3909218387947074e-15,5.3909218387947074e-15,5.3909218387947074e-15,5.3909218387947074e-15,4.117412963808778e-15,5.57644835787708e-15
0.14015625,0.04906767432742146,0.04906767432742146,0.04906767432742146,0.04906767432742146,0.0953752634860487,0.051941184985760266
0.1403125,0.0980171403295621,0.0980171403295621,0.0980171403295621,0.0980171403295621,0.18869951560033002,0.10203041726475968
0.14046875,0.1467304744553613,0.1467304744553613,0.1467304744553613,0.1467304744553613,0.27801963395460255,0.14953303788275799
0.140625,0.19509032201612592,0.19509032201612592,0.19509032201612592,0.19509032201612592,0.3615728181993202,0.195090322016126
0.14078125,0.2429801799032666,0.2429801799032666,0.2429801799032666,0.2429801799032666,0.4378684296486198,0.24024681201343848
0.1409375,0.29028467725446316,0.29028467725446316,0.29028467725446316,0.29028467725446316,0.5057547179260913,0.28646713014503317
0.14109375,0.336889853392219,0.336889853392219,0.336889853392219,0.336889853392219,0.5644667958887382,0.3342239725960495
0.14125000000000001,0.3826834323650935,0.3826834323650935,0.3826834323650935,0.3826834323650935,0.6136533154929162,0.3826834323650938
0.14140625,0.427555093430284,0.427555093430284,0.427555093430284,0.427555093430284,0.6533805345575308,0.43015515339507404
0.1415625,0.4713967368259978,0.4713967368259978,0.4713967368259978,0.4713967368259978,0.6841137742431928,0.4750280999659052
0.14171875,0.5141027441932202,0.5141027441932202,0.5141027441932202,0.5141027441932202,0.7066775719670257,0.5166386084487478
0.141875,0.5555702330196051,0.5555702330196051,0.5555702330196051,0.5555702330196051,0.7221970572817047,0.5555702330196051
0.14203125,0.5956993044924345,0.5956993044924345,0.5956993044924345,0.5956993044924345,0.7320241468371477,0.59322605094846
0.1421875,0.634393284163645,0.634393284163645,0.634393284163645,0.634393284163645,0.7376530060904549,0.6309390246939178
0.14234375,0.6715589548470166,0.6715589548470166,0.6715589548470166,0.6715589548470166,0.7406298101497953,0.669146766150619
0.14250000000000002,0.7071067811865495,0.7071067811865495,0.7071067811865495,0.7071067811865495,0.7424621202458775,0.7071067811865497
0.14265625,0.7409511253549597,0.7409511253549597,0.7409511253549597,0.7409511253549597,0.7445331600287965,0.7433037569002389
0.1428125,0.7730104533627407,0.7730104533627407,0.7730104533627407,0.7730104533627407,0.7480259303134201,0.7762962466102055
0.14296875,0.8032075314806473,0.8032075314806473,0.8032075314806473,0.8032075314806473,0.7538614638689614,0.8055020763461085
0.143125,0.8314696123025463,0.8314696123025463,0.8314696123025463,0.8314696123025463,0.7626546325646425,0.8314696123025463
0.14328125,0.8577286100002721,0.8577286100002721,0.8577286100002721,0.8577286100002721,0.774689831837042,0.8554907176493941
0.1434375,0.8819212643483542,0.8819212643483542,0.8819212643483542,0.8819212643483542,0.7899176479626451,0.8787957211285399
0.14359375,0.9039892931234417,0.9039892931234417,0.9039892931234417,0.9039892931234417,0.8079723356887065,0.9018066545315777
0.14375000000000002,0.92387953251129,0.92387953251129,0.92387953251129,0.92387953251129,0.8282086744200176,0.9238795325112903
0.14390625,0.941544065183023,0.941544065183023,0.941544065183023,0.941544065183023,0.8497556061085051,0.9436728142360435
0.1440625,0.9569403357322102,0.9569403357322102,0.9569403357322102,0.9569403357322102,0.8715830571406187,0.9599134444104462
0.14421875,0.9700312531945446,0.9700312531945446,0.9700312531945446,0.9700312531945446,0.8925775697305234,0.9721074432461764
0.144375,0.9807852804032305,0.9807852804032305,0.9807852804032305,0.9807852804032305,0.9116218618598055,0.9807852804032304
0.14453125,0.9891765099647808,0.9891765099647808,0.9891765099647808,0.9891765099647808,0.9276732285317582,0.9871515812281698
0.1446875,0.9951847266721966,0.9951847266721966,0.9951847266721966,0.9951847266721966,0.9398358027471998,0.99235661821522
0.14484375,0.9987954562051722,0.9987954562051722,0.9987954562051722,0.9987954562051722,0.9474221050299085,0.9968205231372044
0.145,1.0,1.0,1.0,1.0,0.95,0.9999999999999999
0.14515625000000001,0.9987954562051722,0.9987954562051722,0.9987954562051722,0.9987954562051722,0.9474221050299092,1.0007216280019537
0.1453125,0.9951847266721966,0.9951847266721966,0.9951847266721966,0.9951847266721966,0.9398358027472025,0.997874906652152
0.14546875,0.9891765099647808,0.9891765099647808,0.9891765099647808,0.9891765099647808,0.9276732285317619,0.9910551244104511
0.145625,0.9807852804032305,0.9807852804032305,0.9807852804032305,0.9807852804032305,0.9116218618598102,0.9807852804032305
0.14578125,0.9700312531945446,0.9700312531945446,0.9700312531945446,0.9700312531945446,0.892577569730526,0.9681990219048028
0.1459375,0.9569403357322082,0.9569403357322082,0.9569403357322082,0.9569403357322082,0.8715830571406196,0.9543813573780718
0.14609375,0.9415440651830206,0.9415440651830206,0.9415440651830206,0.9415440651830206,0.8497556061085019,0.9397570718450068
0.14625,0.9238795325112873,0.9238795325112873,0.9238795325112873,0.9238795325112873,0.8282086744200176,0.9238795325112872
0.14640625000000002,0.9039892931234417,0.9039892931234417,0.9039892931234417,0.9039892931234417,0.8079723356887112,0.9057321654387352
0.1465625,0.8819212643483542,0.8819212643483542,0.8819212643483542,0.8819212643483542,0.789917647962647,0.884355439855469
0.14671875,0.8577286100002721,0.8577286100002721,0.8577286100002721,0.8577286100002721,0.7746898318370432,0.8594284506447775
0.146875,0.8314696123025425,0.8314696123025425,0.8314696123025425,0.8314696123025425,0.7626546325646392,0.8314696123025423
0.14703125,0.803207531480643,0.803207531480643,0.803207531480643,0.803207531480643,0.753861463868957,0.8015496600511882
0.1471875,0.7730104533627362,0.7730104533627362,0.7730104533627362,0.7730104533627362,0.7480259303134149,0.7706949939959696
0.14734375,0.7409511253549597,0.7409511253549597,0.7409511253549597,0.7409511253549597,0.744533160028795,0.7393341869169437
0.1475,0.7071067811865495,0.7071067811865495,0.7071067811865495,0.7071067811865495,0.7424621202458725,0.7071067811865493
0.14765625000000002,0.6715589548470166,0.6715589548470166,0.6715589548470166,0.6715589548470166,0.7406298101497929,0.6731359709327531
0.1478125,0.6343932841636396,0.6343932841636396,0.6343932841636396,0.6343932841636396,0.7376530060904468,0.6365958172445438
0.14796875,0.5956993044924288,0.5956993044924288,0.5956993044924288,0.5956993044924288,0.7320241468371391,0.5972373839122755
0.148125,0.5555702330195991,0.5555702330195991,0.5555702330195991,0.5555702330195991,0.7221970572816958,0.5555702330195991
0.14828125,0.5141027441932202,0.5141027441932202,0.5141027441932202,0.5141027441932202,0.7066775719670232,0.5126026400895568
0.1484375,0.4713967368259978,0.4713967368259978,0.4713967368259978,0.4713967368259978,0.684113774243191,0.4693016225510055
0.14859375,0.427555093430284,0.427555093430284,0.427555093430284,0.427555093430284,0.653380534557529,0.42609202702890664
0.14875,0.3826834323650935,0.3826834323650935,0.3826834323650935,0.3826834323650935,0.6136533154929151,0.3826834323650934
0.14890625,0.3368898533922257,0.3368898533922257,0.3368898533922257,0.3368898533922257,0.5644667958887458,0.33831679655544455
0.14906250000000001,0.29028467725445634,0.29028467725445634,0.29028467725445634,0.29028467725445634,0.5057547179260847,0.29227761160052046
0.14921875,0.24298017990325968,0.24298017990325968,0.24298017990325968,0.24298017990325968,0.4378684296486139,0.24437189171424814
0.149375,0.19509032201612592,0.19509032201612592,0.19509032201612592,0.19509032201612592,0.3615728181993218,0.1950903220161258
0.14953125,0.1467304744553613,0.1467304744553613,0.1467304744553613,0.1467304744553613,0.27801963395460466,0.1453731241314173
0.1496875,0.09801714032956209,0.09801714032956209,0.09801714032956209,0.09801714032956209,0.18869951560033502,0.09612140253848779
0.14984375,0.04906767432742146,0.04906767432742146,0.04906767432742146,0.04906767432742146,0.09537526348605843,0.04774383710238398
0.15,-1.7157434800794711e-15,-1.7157434800794711e-15,-1.7157434800794711e-15,-1.7157434800794711e-15,2.6939134678058826e-15,-1.7411035110782853e-15
0.15015625,-0.049067674327417786,-0.049067674327417786,-0.049067674327417786,-0.049067674327417786,-0.09537526348604199,-0.047776522759926755
0.15031250000000002,-0.09801714032956552,-0.09801714032956552,-0.09801714032956552,-0.09801714032956552,-0.18869951560033565,-0.09621385876155765
0.15046875,-0.14673047445536472,-0.14673047445536472,-0.14673047445536472,-0.14673047445536472,-0.2780196339546116,-0.14547120153365983
0.150625,-0.1950903220161293,-0.1950903220161293,-0.1950903220161293,-0.1950903220161293,-0.36157281819932324,-0.19509032201612936
0.15078125,-0.242980179903263,-0.242980179903263,-0.242980179903263,-0.242980179903263,-0.4378684296486159,-0.24420836126575074
0.1509375,-0.29028467725446644,-0.29028467725446644,-0.29028467725446644,-0.29028467725446644,-0.5057547179260969,-0.2920000117426153
0.15109375,-0.3368898533922222,-0.3368898533922222,-0.3368898533922222,-0.3368898533922222,-0.564466795888741,-0.338087710848825
0.15125,-0.3826834323650901,-0.3826834323650901,-0.3826834323650901,-0.3826834323650901,-0.613653315492912,-0.38268343236509017
0.15140625,-0.42755509343028064,-0.42755509343028064,-0.42755509343028064,-0.42755509343028064,-0.6533805345575286,-0.426386811179659
0.15156250000000002,-0.4713967368260008,-0.4713967368260008,-0.4713967368260008,-0.4713967368260008,-0.6841137742431959,-0.46976506018801273
0.15171875,-0.5141027441932231,-0.5141027441932231,-0.5141027441932231,-0.5141027441932231,-0.7066775719670284,-0.512963306934145
0.151875,-0.5555702330196078,-0.5555702330196078,-0.5555702330196078,-0.5555702330196078,-0.7221970572817064,-0.555570233019608
0.15203125,-0.5956993044924372,-0.5956993044924372,-0.5956993044924372,-0.5956993044924372,-0.7320241468371503,-0.5968106089453505
0.1521875,-0.6343932841636477,-0.6343932841636477,-0.6343932841636477,-0.6343932841636477,-0.7376530060904576,-0.6359453829929723
0.15234375,-0.6715589548470191,-0.6715589548470191,-0.6715589548470191,-0.6715589548470191,-0.7406298101497955,-0.6726428210952267
0.1525,-0.7071067811865468,-0.7071067811865468,-0.7071067811865468,-0.7071067811865468,-0.742462120245877,-0.7071067811865468
0.15265625,-0.7409511253549571,-0.7409511253549571,-0.7409511253549571,-0.7409511253549571,-0.7445331600287992,-0.7398940198597673
0.1528125,-0.7730104533627339,-0.7730104533627339,-0.7730104533627339,-0.7730104533627339,-0.7480259303134145,-0.7715340512865472
0.15296875000000001,-0.8032075314806493,-0.8032075314806493,-0.8032075314806493,-0.8032075314806493,-0.753861463868964,-0.8021765260131312
0.153125,-0.8314696123025482,-0.8314696123025482,-0.8314696123025482,-0.8314696123025482,-0.7626546325646449,-0.8314696123025483
0.15328125,-0.8577286100002739,-0.8577286100002739,-0.8577286100002739,-0.8577286100002739,-0.7746898318370402,-0.8587341598520999
0.1534375,-0.8819212643483557,-0.8819212643483557,-0.8819212643483557,-0.8819212643483557,-0.7899176479626474,-0.8833256614456185
0.15359375,-0.9039892931234431,-0.9039892931234431,-0.9039892931234431,-0.9039892931234431,-0.8079723356887112,-0.9049700158609676
0.15375,-0.9238795325112859,-0.9238795325112859,-0.9238795325112859,-0.9238795325112859,-0.8282086744200117,-0.9238795325112859
0.15390625,-0.9415440651830194,-0.9415440651830194,-0.9415440651830194,-0.9415440651830194,-0.8497556061084994,-0.9405875565761602
0.1540625,-0.9569403357322092,-0.9569403357322092,-0.9569403357322092,-0.9569403357322092,-0.8715830571406161,-0.9556044318896094
0.15421875000000002,-0.9700312531945454,-0.9700312531945454,-0.9700312531945454,-0.9700312531945454,-0.8925775697305218,-0.9690983608693353
0.154375,-0.9807852804032312,-0.9807852804032312,-0.9807852804032312,-0.9807852804032312,-0.9116218618598091,-0.9807852804032313
0.15453125,-0.9891765099647812,-0.9891765099647812,-0.9891765099647812,-0.9891765099647812,-0.9276732285317609,-0.9900863690964139
0.1546875,-0.9951847266721969,-0.9951847266721969,-0.9951847266721969,-0.9951847266721969,-0.9398358027472005,-0.9964554777155814
0.15484375,-0.9987954562051723,-0.9987954562051723,-0.9987954562051723,-0.9987954562051723,-0.9474221050299095,-0.9996828508348031
0.155,-1.0,-1.0,-1.0,-1.0,-0.95,-1.0
0.15515625,-0.9987954562051723,-0.9987954562051723,-0.9987954562051723,-0.9987954562051723,-0.9474221050299105,-0.9979299714270127
0.1553125,-0.9951847266721969,-0.9951847266721969,-0.9951847266721969,-0.9951847266721969,-0.9398358027472026,-0.9939759508885146
0.15546875000000002,-0.9891765099647802,-0.9891765099647802,-0.9891765099647802,-0.9891765099647802,-0.927673228531759,-0.9883323940819316
0.155625,-0.9807852804032299,-0.9807852804032299,-0.9807852804032299,-0.9807852804032299,-0.911621861859809,-0.98078528040323
0.15578125,-0.9700312531945438,-0.9700312531945438,-0.9700312531945438,-0.9700312531945438,-0.8925775697305217,-0.9708545277819867
0.1559375,-0.9569403357322092,-0.9569403357322092,-0.9569403357322092,-0.9569403357322092,-0.8715830571406198,-0.9580901588252716
0.15609375,-0.9415440651830195,-0.9415440651830195,-0.9415440651830195,-0.9415440651830195,-0.8497556061085036,-0.9423470130484736
0.15625,-0.923879532511286,-0.923879532511286,-0.923879532511286,-0.923879532511286,-0.8282086744200154,-0.923879532511286
0.15640625,-0.9039892931234432,-0.9039892931234432,-0.9039892931234432,-0.9039892931234432,-0.8079723356887101,-0.9032061701114239
0.1565625,-0.8819212643483558,-0.8819212643483558,-0.8819212643483558,-0.8819212643483558,-0.7899176479626496,-0.8808275187892644
0.15671875,-0.857728610000274,-0.857728610000274,-0.857728610000274,-0.857728610000274,-0.7746898318370413,-0.856964822364314
0.15687500000000001,-0.8314696123025445,-0.8314696123025445,-0.8314696123025445,-0.8314696123025445,-0.7626546325646405,-0.8314696123025445
0.15703125,-0.803207531480641,-0.803207531480641,-0.803207531480641,-0.803207531480641,-0.7538614638689585,-0.8039524611326775
0.1571875,-0.773010453362734,-0.773010453362734,-0.773010453362734,-0.773010453362734,-0.7480259303134121,-0.7740508563214588
0.15734375,-0.7409511253549573,-0.7409511253549573,-0.7409511253549573,-0.7409511253549573,-0.7445331600287923,-0.7416776626283523
0.1575,-0.707106781186547,-0.707106781186547,-0.707106781186547,-0.707106781186547,-0.7424621202458729,-0.707106781186547
0.15765625,-0.6715589548470193,-0.6715589548470193,-0.6715589548470193,-0.6715589548470193,-0.7406298101497906,-0.6708503558428192
0.1578125,-0.6343932841636479,-0.6343932841636479,-0.6343932841636479,-0.6343932841636479,-0.7376530060904504,-0.6334036222559714
0.15796875,-0.5956993044924375,-0.5956993044924375,-0.5956993044924375,-0.5956993044924375,-0.732024146837145,-0.5950082008599876
0.15812500000000002,-0.5555702330195963,-0.5555702330195963,-0.5555702330195963,-0.5555702330195963,-0.7221970572816933,-0.5555702330195964
0.15828125,-0.5141027441932172,-0.5141027441932172,-0.5141027441932172,-0.5141027441932172,-0.7066775719670204,-0.5147767844161844
0.1584375,-0.47139673682599476,-0.47139673682599476,-0.47139673682599476,-0.47139673682599476,-0.6841137742431876,-0.47233813235288424
0.15859375,-0.42755509343028086,-0.42755509343028086,-0.42755509343028086,-0.42755509343028086,-0.6533805345575262,-0.42821249154084645
0.15875,-0.38268343236509034,-0.38268343236509034,-0.38268343236509034,-0.38268343236509034,-0.6136533154929122,-0.38268343236509034
0.15890625,-0.33688985339222244,-0.33688985339222244,-0.33688985339222244,-0.33688985339222244,-0.564466795888741,-0.33624868649883916
0.1590625,-0.29028467725446666,-0.29028467725446666,-0.29028467725446666,-0.29028467725446666,-0.5057547179260984,-0.289389194129196
0.15921875,-0.24298017990326326,-0.24298017990326326,-0.24298017990326326,-0.24298017990326326,-0.4378684296486219,-0.24235484347688208
0.15937500000000002,-0.19509032201612256,-0.19509032201612256,-0.19509032201612256,-0.19509032201612256,-0.36157281819931525,-0.1950903220161226
0.15953125,-0.14673047445535792,-0.14673047445535792,-0.14673047445535792,-0.14673047445535792,-0.2780196339546016,-0.1473403712703599
0.1596875,-0.09801714032955867,-0.09801714032955867,-0.09801714032955867,-0.09801714032955867,-0.1886995156003294,-0.09886895022745996
0.15984375,-0.04906767432741803,-0.04906767432741803,-0.04906767432741803,-0.04906767432741803,-0.09537526348604833,-0.0496625127364039
0.16,-1.959434878635765e-15,-1.959434878635765e-15,-1.959434878635765e-15,-1.959434878635765e-15,-3.820898013339742e-15,-1.9724577317313968e-15
0.16015625,0.049067674327421214,0.049067674327421214,0.049067674327421214,0.049067674327421214,0.09537526348604787,0.049647826123760314
0.1603125,0.09801714032956185,0.09801714032956185,0.09801714032956185,0.09801714032956185,0.18869951560032666,0.0988274069685265
0.16046875,0.14673047445536108,0.14673047445536108,0.14673047445536108,0.14673047445536108,0.2780196339545996,0.14729630225281168
0.160625,0.1950903220161257,0.1950903220161257,0.1950903220161257,0.1950903220161257,0.36157281819931425,0.19509032201612575
0.16078125000000001,0.24298017990326634,0.24298017990326634,0.24298017990326634,0.24298017990326634,0.437868429648623,0.24242832244391163
0.1609375,0.29028467725446294,0.29028467725446294,0.29028467725446294,0.29028467725446294,0.5057547179260934,0.2895139277857885
0.16109375,0.33688985339222544,0.33688985339222544,0.33688985339222544,0.33688985339222544,0.5644667958887435,0.33635162134209007
0.16125,0.3826834323650933,0.3826834323650933,0.3826834323650933,0.3826834323650933,0.6136533154929165,0.3826834323650933
0.16140625,0.42755509343028375,0.42755509343028375,0.42755509343028375,0.42755509343028375,0.6533805345575315,0.42808003648375215
0.1615625,0.4713967368259976,0.4713967368259976,0.4713967368259976,0.4713967368259976,0.6841137742431941,0.472129896399519
0.16171875,0.51410274419322,0.51410274419322,0.51410274419322,0.51410274419322,0.7066775719670276,0.5146147263565182
0.161875,0.555570233019599,0.555570233019599,0.555570233019599,0.555570233019599,0.7221970572817009,0.555570233019599
0.16203125000000002,0.59569930449244,0.59569930449244,0.59569930449244,0.59569930449244,0.7320241468371531,0.5951999632137935
0.1621875,0.6343932841636504,0.6343932841636504,0.6343932841636504,0.6343932841636504,0.7376530060904583,0.6336958812044624
0.16234375,0.6715589548470217,0.6715589548470217,0.6715589548470217,0.6715589548470217,0.740629810149798,0.671071942348473
0.1625,0.7071067811865492,0.7071067811865492,0.7071067811865492,0.7071067811865492,0.7424621202458798,0.7071067811865492
0.16265625,0.7409511253549594,0.7409511253549594,0.7409511253549594,0.7409511253549594,0.7445331600287983,0.7414261134720757
0.1628125,0.773010453362736,0.773010453362736,0.773010453362736,0.773010453362736,0.7480259303134171,0.7736738435782495
0.16296875,0.8032075314806428,0.8032075314806428,0.8032075314806428,0.8032075314806428,0.7538614638689622,0.803670792099362
0.163125,0.8314696123025422,0.8314696123025422,0.8314696123025422,0.8314696123025422,0.7626546325646385,0.8314696123025422
0.16328125000000002,0.8577286100002757,0.8577286100002757,0.8577286100002757,0.8577286100002757,0.7746898318370427,0.8572767873269864
0.1634375,0.8819212643483574,0.8819212643483574,0.8819212643483574,0.8819212643483574,0.7899176479626498,0.8812902280554351
0.16359375,0.9039892931234447,0.9039892931234447,0.9039892931234447,0.9039892931234447,0.8079723356887093,0.9035486259917066
0.16375,0.9238795325112872,0.9238795325112872,0.9238795325112872,0.9238795325112872,0.8282086744200138,0.9238795325112872
0.16390625,0.9415440651830205,0.9415440651830205,0.9415440651830205,0.9415440651830205,0.8497556061085014,0.9419738522045097
0.1640625,0.956940335732208,0.956940335732208,0.956940335732208,0.956940335732208,0.8715830571406153,0.9575405960219636
0.16421875,0.9700312531945445,0.9700312531945445,0.9700312531945445,0.9700312531945445,0.8925775697305219,0.9704504287366641
0.164375,0.9807852804032305,0.9807852804032305,0.9807852804032305,0.9807852804032305,0.911621861859809,0.9807852804032305
0.16453125,0.9891765099647808,0.9891765099647808,0.9891765099647808,0.9891765099647808,0.9276732285317589,0.9887676839036718
0.16468750000000001,0.9951847266721973,0.9951847266721973,0.9951847266721973,0.9951847266721973,0.9398358027471998,0.9946137414222225
0.16484375,0.9987954562051725,0.9987954562051725,0.9987954562051725,0.9987954562051725,0.9474221050299091,0.9983967240954773
0.165,1.0,1.0,1.0,1.0,0.95,1.0
0.16515625,0.9987954562051722,0.9987954562051722,0.9987954562051722,0.9987954562051722,0.9474221050299102,0.9991843435840019
0.1653125,0.9951847266721966,0.9951847266721966,0.9951847266721966,0.9951847266721966,0.939835802747202,0.9957278646429285
0.16546875,0.9891765099647808,0.9891765099647808,0.9891765099647808,0.9891765099647808,0.927673228531763,0.9895557956800161
0.165625,0.9807852804032307,0.9807852804032307,0.9807852804032307,0.9807852804032307,0.9116218618598115,0.9807852804032307
0.16578125,0.9700312531945446,0.9700312531945446,0.9700312531945446,0.9700312531945446,0.8925775697305245,0.9696613320769849
0.16593750000000002,0.9569403357322082,0.9569403357322082,0.9569403357322082,0.9569403357322082,0.8715830571406186,0.9564236869128844
0.16609375,0.9415440651830183,0.9415440651830183,0.9415440651830183,0.9415440651830183,0.8497556061084988,0.9411832774503937
0.16625,0.9238795325112846,0.9238795325112846,0.9238795325112846,0.9238795325112846,0.8282086744200106,0.9238795325112846
0.16640625,0.9039892931234418,0.9039892931234418,0.9039892931234418,0.9039892931234418,0.8079723356887096,0.9043411729752088
0.1665625,0.8819212643483543,0.8819212643483543,0.8819212643483543,0.8819212643483543,0.7899176479626454,0.8824127159074286
0.16671875,0.8577286100002722,0.8577286100002722,0.8577286100002722,0.8577286100002722,0.7746898318370377,0.8580718019075436
0.166875,0.8314696123025465,0.8314696123025465,0.8314696123025465,0.8314696123025465,0.7626546325646419,0.8314696123025465
0.16703125,0.8032075314806474,0.8032075314806474,0.8032075314806474,0.8032075314806474,0.7538614638689602,0.8028728130117576
0.16718750000000002,0.7730104533627319,0.7730104533627319,0.7730104533627319,0.7730104533627319,0.7480259303134096,0.7725429701790236
0.16734375,0.740951125354955,0.740951125354955,0.740951125354955,0.740951125354955,0.7445331600287931,0.7406246711145079
0.1675,0.7071067811865446,0.7071067811865446,0.7071067811865446,0.7071067811865446,0.7424621202458702,0.7071067811865446
0.16765625,0.6715589548470168,0.6715589548470168,0.6715589548470168,0.6715589548470168,0.740629810149788,0.6718773489035486
0.1678125,0.6343932841636453,0.6343932841636453,0.6343932841636453,0.6343932841636453,0.7376530060904497,0.6348379679234478
0.16796875,0.5956993044924347,0.5956993044924347,0.5956993044924347,0.5956993044924347,0.7320241468371425,0.596009837371701
0.168125,0.5555702330196052,0.5555702330196052,0.5555702330196052,0.5555702330196052,0.7221970572816987,0.5555702330196052
0.16828125,0.5141027441932204,0.5141027441932204,0.5141027441932204,0.5141027441932204,0.7066775719670213,0.5137998783980613
0.1684375,0.471396736825998,0.471396736825998,0.471396736825998,0.471396736825998,0.6841137742431895,0.47097374054907615
0.16859375000000001,0.4275550934302778,0.4275550934302778,0.4275550934302778,0.4275550934302778,0.6533805345575252,0.42725970541824476
0.16875,0.3826834323650872,0.3826834323650872,0.3826834323650872,0.3826834323650872,0.6136533154929089,0.3826834323650872
0.16890625,0.3368898533922192,0.3368898533922192,0.3368898533922192,0.3368898533922192,0.5644667958887387,0.3371779482482494
0.1690625,0.2902846772544634,0.2902846772544634,0.2902846772544634,0.2902846772544634,0.5057547179260957,0.2906870437595257
0.16921875,0.24298017990325993,0.24298017990325993,0.24298017990325993,0.24298017990325993,0.4378684296486167,0.24326116167195053
0.169375,0.19509032201612617,0.19509032201612617,0.19509032201612617,0.19509032201612617,0.36157281819932585,0.19509032201612617
0.16953125,0.14673047445536155,0.14673047445536155,0.14673047445536155,0.14673047445536155,0.2780196339546136,0.14645643015125837
0.1696875,0.09801714032956234,0.09801714032956234,0.09801714032956234,0.09801714032956234,0.18869951560033837,0.09763439747051356
0.16984375000000002,0.0490676743274146,0.0490676743274146,0.0490676743274146,0.0490676743274146,0.09537526348604519,0.04880039620128786
0.17,-1.4708141202500005e-15,-1.4708141202500005e-15,-1.4708141202500005e-15,-1.4708141202500005e-15,6.846261443129999e-16,-1.45617786356718e-15
0.17015625,-0.049067674327424635,-0.049067674327424635,-0.049067674327424635,-0.049067674327424635,-0.09537526348605521,-0.048806995321744824
0.1703125,-0.09801714032956527,-0.09801714032956527,-0.09801714032956527,-0.09801714032956527,-0.18869951560033227,-0.09765306406002054
0.17046875,-0.14673047445536447,-0.14673047445536447,-0.14673047445536447,-0.14673047445536447,-0.2780196339546048,-0.14647623163726728
0.170625,-0.19509032201612905,-0.19509032201612905,-0.19509032201612905,-0.19509032201612905,-0.36157281819932235,-0.19509032201612905
0.17078125,-0.2429801799032628,-0.2429801799032628,-0.2429801799032628,-0.2429801799032628,-0.437868429648615,-0.243228145443815
0.1709375,-0.2902846772544594,-0.2902846772544594,-0.2902846772544594,-0.2902846772544594,-0.5057547179260892,-0.2906309973148128
0.17109375000000002,-0.336889853392222,-0.336889853392222,-0.336889853392222,-0.336889853392222,-0.5644667958887424,-0.337131696641764
0.17125,-0.38268343236509644,-0.38268343236509644,-0.38268343236509644,-0.38268343236509644,-0.6136533154929191,-0.38268343236509644
0.17140625,-0.42755509343028686,-0.42755509343028686,-0.42755509343028686,-0.42755509343028686,-0.6533805345575343,-0.42731922131185135
0.1715625,-0.4713967368260006,-0.4713967368260006,-0.4713967368260006,-0.4713967368260006,-0.6841137742431973,-0.47106730699429755
0.17171875,-0.5141027441932229,-0.5141027441932229,-0.5141027441932229,-0.5141027441932229,-0.7066775719670302,-0.5138726957781417
0.171875,-0.5555702330196017,-0.5555702330196017,-0.5555702330196017,-0.5555702330196017,-0.7221970572817036,-0.5555702330196017
0.17203125,-0.5956993044924314,-0.5956993044924314,-0.5956993044924314,-0.5956993044924314,-0.732024146837147,-0.5959236729919065
0.1721875,-0.634393284163642,-0.634393284163642,-0.634393284163642,-0.634393284163642,-0.7376530060904546,-0.6347066475128663
0.17234375,-0.6715589548470189,-0.6715589548470189,-0.6715589548470189,-0.6715589548470189,-0.7406298101497978,-0.6717777836685039
0.17250000000000001,-0.7071067811865517,-0.7071067811865517,-0.7071067811865517,-0.7071067811865517,-0.7424621202458774,-0.7071067811865517
0.17265625,-0.7409511253549618,-0.7409511253549618,-0.7409511253549618,-0.7409511253549618,-0.7445331600287997,-0.7407376994363299
0.1728125,-0.7730104533627382,-0.7730104533627382,-0.7730104533627382,-0.7730104533627382,-0.7480259303134189,-0.772712372924396
0.17296875,-0.8032075314806449,-0.8032075314806449,-0.8032075314806449,-0.8032075314806449,-0.7538614638689607,-0.8029993750667196
0.173125,-0.8314696123025441,-0.8314696123025441,-0.8314696123025441,-0.8314696123025441,-0.7626546325646422,-0.8314696123025441
0.17328125,-0.8577286100002701,-0.8577286100002701,-0.8577286100002701,-0.8577286100002701,-0.7746898318370379,-0.8579316270140238
0.1734375,-0.8819212643483556,-0.8819212643483556,-0.8819212643483556,-0.8819212643483556,-0.7899176479626453,-0.8822048072321748
0.17359375,-0.9039892931234431,-0.9039892931234431,-0.9039892931234431,-0.9039892931234431,-0.8079723356887082,-0.9041872976292675
0.17375000000000002,-0.9238795325112885,-0.9238795325112885,-0.9238795325112885,-0.9238795325112885,-0.828208674420016,-0.9238795325112885
0.17390625,-0.9415440651830217,-0.9415440651830217,-0.9415440651830217,-0.9415440651830217,-0.8497556061084998,-0.941350949425865
0.1740625,-0.956940335732209,-0.956940335732209,-0.956940335732209,-0.956940335732209,-0.8715830571406171,-0.9566706213980125
0.17421875,-0.9700312531945436,-0.9700312531945436,-0.9700312531945436,-0.9700312531945436,-0.8925775697305188,-0.9698429054824198
0.174375,-0.9807852804032312,-0.9807852804032312,-0.9807852804032312,-0.9807852804032312,-0.911621861859808,-0.9807852804032312
0.17453125,-0.9891765099647812,-0.9891765099647812,-0.9891765099647812,-0.9891765099647812,-0.9276732285317599,-0.9893602073553235
0.1746875,-0.9951847266721969,-0.9951847266721969,-0.9951847266721969,-0.9951847266721969,-0.9398358027471998,-0.9954412868830943
0.17484375,-0.9987954562051723,-0.9987954562051723,-0.9987954562051723,-0.9987954562051723,-0.9474221050299091,-0.9989746180909819
0.17500000000000002,-1.0,-1.0,-1.0,-1.0,-0.95,-1.0
0.17515625,-0.9987954562051723,-0.9987954562051723,-0.9987954562051723,-0.9987954562051723,-0.9474221050299088,-0.9986207178420845
0.1753125,-0.9951847266721963,-0.9951847266721963,-0.9951847266721963,-0.9951847266721963,-0.9398358027472025,-0.9949406790504346
0.17546875,-0.9891765099647803,-0.9891765099647803,-0.9891765099647803,-0.9891765099647803,-0.927673228531762,-0.9890060859072493
0.175625,-0.98078528040323,-0.98078528040323,-0.98078528040323,-0.98078528040323,-0.9116218618598128,-0.98078528040323
0.17578125,-0.9700312531945439,-0.9700312531945439,-0.9700312531945439,-0.9700312531945439,-0.8925775697305258,-0.9701974694671021
0.1759375,-0.9569403357322093,-0.9569403357322093,-0.9569403357322093,-0.9569403357322093,-0.8715830571406213,-0.9571724810110084
0.17609375,-0.9415440651830219,-0.9415440651830219,-0.9415440651830219,-0.9415440651830219,-0.8497556061085073,-0.9417061775611884
0.17625,-0.9238795325112887,-0.9238795325112887,-0.9238795325112887,-0.9238795325112887,-0.8282086744200191,-0.9238795325112887
0.17640625000000001,-0.9039892931234403,-0.9039892931234403,-0.9039892931234403,-0.9039892931234403,-0.8079723356887074,-0.9038311833141521
0.1765625,-0.8819212643483526,-0.8819212643483526,-0.8819212643483526,-0.8819212643483526,-0.7899176479626473,-0.8817004409283999
0.17671875,-0.8577286100002705,-0.8577286100002705,-0.8577286100002705,-0.8577286100002705,-0.7746898318370394,-0.8575744039360828
0.176875,-0.8314696123025446,-0.8314696123025446,-0.8314696123025446,-0.8314696123025446,-0.7626546325646393,-0.8314696123025446
0.17703125,-0.8032075314806454,-0.8032075314806454,-0.8032075314806454,-0.8032075314806454,-0.7538614638689618,-0.8033579301835425
0.1771875,-0.7730104533627387,-0.7730104533627387,-0.7730104533627387,-0.7730104533627387,-0.748025930313416,-0.7732205070974165
0.17734375,-0.7409511253549622,-0.7409511253549622,-0.7409511253549622,-0.7409511253549622,-0.7445331600287967,-0.741097810700654
0.1775,-0.7071067811865471,-0.7071067811865471,-0.7071067811865471,-0.7071067811865471,-0.7424621202458727,-0.7071067811865471
0.17765625000000002,-0.6715589548470142,-0.6715589548470142,-0.6715589548470142,-0.6715589548470142,-0.7406298101497878,-0.6714158911754117
0.1778125,-0.6343932841636426,-0.6343932841636426,-0.6343932841636426,-0.6343932841636426,-0.737653006090447,-0.6341934748704907
0.17796875,-0.5956993044924319,-0.5956993044924319,-0.5956993044924319,-0.5956993044924319,-0.7320241468371412,-0.5955597730754668
0.178125,-0.5555702330196024,-0.5555702330196024,-0.5555702330196024,-0.5555702330196024,-0.7221970572816968,-0.5555702330196024
0.17828125,-0.5141027441932235,-0.5141027441932235,-0.5141027441932235,-0.5141027441932235,-0.7066775719670246,-0.514238830567229
0.1784375,-0.471396736825995,-0.471396736825995,-0.471396736825995,-0.471396736825995,-0.6841137742431864,-0.4715868013049297
0.17859375,-0.4275550934302811,-0.4275550934302811,-0.4275550934302811,-0.4275550934302811,-0.6533805345575254,-0.4276878198197405
0.17875,-0.38268343236509056,-0.38268343236509056,-0.38268343236509056,-0.38268343236509056,-0.613653315492912,-0.38268343236509056
0.17890625000000002,-0.336889853392216,-0.336889853392216,-0.336889853392216,-0.336889853392216,-0.5644667958887336,-0.33676040402898844
0.1790625,-0.2902846772544601,-0.2902846772544601,-0.2902846772544601,-0.2902846772544601,-0.5057547179260895,-0.290103882329545
0.17921875,-0.24298017990326348,-0.24298017990326348,-0.24298017990326348,-0.24298017990326348,-0.43786842964861866,-0.2428539266562019
0.179375,-0.1950903220161228,-0.1950903220161228,-0.1950903220161228,-0.1950903220161228,-0.3615728181993161,-0.1950903220161228
0.17953125,-0.14673047445535817,-0.14673047445535817,-0.14673047445535817,-0.14673047445535817,-0.2780196339546025,-0.1468536104986431
0.1796875,-0.09801714032955892,-0.09801714032955892,-0.09801714032955892,-0.09801714032955892,-0.18869951560033527,-0.09818911778193858
0.17984375,-0.04906767432741827,-0.04906767432741827,-0.04906767432741827,-0.04906767432741827,-0.09537526348605468,-0.04918777013096201
0.18,-2.204364238465236e-15,-2.204364238465236e-15,-2.204364238465236e-15,-2.204364238465236e-15,-1.0338123518968061e-14,-2.2076508243331906e-15
0.18015625,0.04906767432741387,0.04906767432741387,0.04906767432741387,0.04906767432741387,0.09537526348603442,0.049184804955003075
0.18031250000000001,0.09801714032956868,0.09801714032956868,0.09801714032956868,0.09801714032956868,0.18869951560033948,0.09818073034262288
0.18046875,0.14673047445536785,0.14673047445536785,0.14673047445536785,0.14673047445536785,0.2780196339546117,0.1468447131174577
0.180625,0.1950903220161324,0.1950903220161324,0.1950903220161324,0.1950903220161324,0.3615728181993254,0.1950903220161324
0.18078125,0.2429801799032661,0.2429801799032661,0.2429801799032661,0.2429801799032661,0.43786842964862116,0.242868761803793
0.1809375,0.29028467725446266,0.29028467725446266,0.29028467725446266,0.29028467725446266,0.5057547179260922,0.29012906562049107
0.18109375,0.33688985339221855,0.33688985339221855,0.33688985339221855,0.33688985339221855,0.5644667958887363,0.3367811862154231
0.18125,0.3826834323650865,0.3826834323650865,0.3826834323650865,0.3826834323650865,0.6136533154929089,0.3826834323650865
0.18140625,0.42755509343027714,0.42755509343027714,0.42755509343027714,0.42755509343027714,0.6533805345575243,0.4276610776049179
0.18156250000000002,0.47139673682600364,0.47139673682600364,0.47139673682600364,0.47139673682600364,0.6841137742432001,0.47154475919103206
0.18171875,0.5141027441932259,0.5141027441932259,0.5141027441932259,0.5141027441932259,0.7066775719670328,0.5142061116092711
0.181875,0.5555702330196046,0.5555702330196046,0.5555702330196046,0.5555702330196046,0.7221970572817054,0.5555702330196046
0.18203125,0.5956993044924341,0.5956993044924341,0.5956993044924341,0.5956993044924341,0.7320241468371499,0.5955984892269844
0.1821875,0.6343932841636447,0.6343932841636447,0.6343932841636447,0.6343932841636447,0.7376530060904554,0.6342524809345454
0.18234375,0.6715589548470162,0.6715589548470162,0.6715589548470162,0.6715589548470162,0.7406298101497953,0.6714606287193393
0.1825,0.707106781186549,0.707106781186549,0.707106781186549,0.707106781186549,0.742462120245882,0.707106781186549
0.18265625,0.7409511253549593,0.7409511253549593,0.7409511253549593,0.7409511253549593,0.7445331600288004,0.7410470238018939
0.18281250000000002,0.7730104533627404,0.7730104533627404,0.7730104533627404,0.7730104533627404,0.7480259303134178,0.7731443895373243
0.18296875,0.8032075314806469,0.8032075314806469,0.8032075314806469,0.8032075314806469,0.7538614638689632,0.8033010621864903
0.183125,0.8314696123025461,0.8314696123025461,0.8314696123025461,0.8314696123025461,0.7626546325646406,0.8314696123025461
0.18328125,0.8577286100002719,0.8577286100002719,0.8577286100002719,0.8577286100002719,0.7746898318370404,0.8576373885757838
0.1834375,0.8819212643483573,0.8819212643483573,0.8819212643483573,0.8819212643483573,0.7899176479626513,0.881793860318088
0.18359375,0.9039892931234446,0.9039892931234446,0.9039892931234446,0.9039892931234446,0.8079723356887109,0.9039003239639519
0.18375,0.9238795325112871,0.9238795325112871,0.9238795325112871,0.9238795325112871,0.8282086744200153,0.9238795325112871
0.18390625,0.9415440651830204,0.9415440651830204,0.9415440651830204,0.9415440651830204,0.8497556061085029,0.9416308376861383
0.1840625,0.9569403357322079,0.9569403357322079,0.9569403357322079,0.9569403357322079,0.8715830571406111,0.9570615261946
0.18421875000000001,0.9700312531945445,0.9700312531945445,0.9700312531945445,0.9700312531945445,0.8925775697305204,0.970115883276927
0.184375,0.9807852804032319,0.9807852804032319,0.9807852804032319,0.9807852804032319,0.9116218618598092,0.9807852804032319
0.18453125,0.9891765099647818,0.9891765099647818,0.9891765099647818,0.9891765099647818,0.9276732285317592,0.9890939694065785
0.1846875,0.9951847266721973,0.9951847266721973,0.9951847266721973,0.9951847266721973,0.9398358027472005,0.995069446738401
0.18484375,0.9987954562051725,0.9987954562051725,0.9987954562051725,0.9987954562051725,0.9474221050299094,0.9987149535806124
0.185,1.0,1.0,1.0,1.0,0.95,1.0
0.18515625,0.9987954562051725,0.9987954562051725,0.9987954562051725,0.9987954562051725,0.9474221050299103,0.9988739712128503
0.1853125,0.9951847266721973,0.9951847266721973,0.9951847266721973,0.9951847266721973,0.9398358027472019,0.9952943843372787
0.18546875000000002,0.9891765099647798,0.9891765099647798,0.9891765099647798,0.9891765099647798,0.927673228531759,0.9892530864300109
0.185625,0.9807852804032293,0.9807852804032293,0.9807852804032293,0.9807852804032293,0.9116218618598068,0.9807852804032293
0.18578125,0.970031253194543,0.970031253194543,0.970031253194543,0.970031253194543,0.8925775697305244,0.969956567408975
0.1859375,0.9569403357322083,0.9569403357322083,0.9569403357322083,0.9569403357322083,0.8715830571406229,0.9568360261345608
0.18609375,0.9415440651830207,0.9415440651830207,0.9415440651830207,0.9415440651830207,0.8497556061085052,0.9414712233960686
0.18625,0.9238795325112874,0.9238795325112874,0.9238795325112874,0.9238795325112874,0.828208674420017,0.9238795325112874
0.18640625,0.9039892931234449,0.9039892931234449,0.9039892931234449,0.9039892931234449,0.8079723356887157,0.9040603364402692
0.1865625,0.8819212643483544,0.8819212643483544,0.8819212643483544,0.8819212643483544,0.7899176479626477,0.8820204867068946
0.18671875000000002,0.8577286100002687,0.8577286100002687,0.8577286100002687,0.8577286100002687,0.774689831837037,0.8577978992513507
0.186875,0.8314696123025427,0.8314696123025427,0.8314696123025427,0.8314696123025427,0.762654632564641,0.8314696123025427
0.18703125,0.8032075314806433,0.8032075314806433,0.8032075314806433,0.8032075314806433,0.7538614638689591,0.8031399529872659
0.1871875,0.7730104533627365,0.7730104533627365,0.7730104533627365,0.7730104533627365,0.7480259303134134,0.7729160701357248
0.18734375,0.7409511253549599,0.7409511253549599,0.7409511253549599,0.7409511253549599,0.7445331600287974,0.740885215380529
0.1875,0.7071067811865498,0.7071067811865498,0.7071067811865498,0.7071067811865498,0.7424621202458751,0.7071067811865498
0.18765625,0.6715589548470169,0.6715589548470169,0.6715589548470169,0.6715589548470169,0.7406298101497878,0.6716232374983808
0.1878125,0.6343932841636455,0.6343932841636455,0.6343932841636455,0.6343932841636455,0.73765300609045,0.6344830642663584
0.18796875000000002,0.5956993044924291,0.5956993044924291,0.5956993044924291,0.5956993044924291,0.7320241468371385,0.5957619999994759
0.18812500000000001,0.5555702330195995,0.5555702330195995,0.5555702330195995,0.5555702330195995,0.7221970572816943,0.5555702330195995
0.18828125,0.5141027441932206,0.5141027441932206,0.5141027441932206,0.5141027441932206,0.7066775719670222,0.5140415966437583
0.1884375,0.4713967368259982,0.4713967368259982,0.4713967368259982,0.4713967368259982,0.6841137742431899,0.47131133535056297
0.18859375,0.42755509343027803,0.42755509343027803,0.42755509343027803,0.42755509343027803,0.6533805345575227,0.42749545561919117
0.18875,0.3826834323650874,0.3826834323650874,0.3826834323650874,0.3826834323650874,0.6136533154929076,0.3826834323650874
0.18890625,0.33688985339221944,0.33688985339221944,0.33688985339221944,0.33688985339221944,0.5644667958887387,0.3369480187405041
0.1890625,0.2902846772544636,0.2902846772544636,0.2902846772544636,0.2902846772544636,0.5057547179260967,0.29036591365079334
0.18921875,0.24298017990326706,0.24298017990326706,0.24298017990326706,0.24298017990326706,0.4378684296486245,0.24303690914398568
0.18937500000000002,0.19509032201612642,0.19509032201612642,0.19509032201612642,0.19509032201612642,0.36157281819932,0.19509032201612642
0.18953125,0.14673047445535478,0.14673047445535478,0.14673047445535478,0.14673047445535478,0.27801963395459944,0.14667514586458008
0.1896875,0.09801714032955551,0.09801714032955551,0.09801714032955551,0.09801714032955551,0.18869951560032308,0.09793986587902624
0.18984375,0.04906767432741485,0.04906767432741485,0.04906767432741485,0.04906767432741485,0.09537526348604604,0.049013711804413725
0.19,-1.22588476042053e-15,-1.22588476042053e-15,-1.22588476042053e-15,-1.22588476042053e-15,1.5175097638605176e-15,-1.2232251028044986e-15
0.19015625,-0.04906767432741729,-0.04906767432741729,-0.04906767432741729,-0.04906767432741729,-0.09537526348604176,-0.04901504414385623
0.1903125,-0.09801714032955795,-0.09801714032955795,-0.09801714032955795,-0.09801714032955795,-0.18869951560031933,-0.09794363459845239
0.19046875,-0.1467304744553572,-0.1467304744553572,-0.1467304744553572,-0.1467304744553572,-0.27801963395459267,-0.1466791437156582
0.19062500000000002,-0.19509032201613577,-0.19509032201613577,-0.19509032201613577,-0.19509032201613577,-0.36157281819933196,-0.19509032201613577
0.19078125,-0.24298017990326942,-0.24298017990326942,-0.24298017990326942,-0.24298017990326942,-0.4378684296486241,-0.2430302432824896
0.1909375,-0.290284677254466,-0.290284677254466,-0.290284677254466,-0.290284677254466,-0.505754717926095,-0.29035459806876307
0.19109375,-0.33688985339222177,-0.33688985339222177,-0.33688985339222177,-0.33688985339222177,-0.5644667958887414,-0.33693868070220484
0.19125,-0.38268343236508967,-0.38268343236508967,-0.38268343236508967,-0.38268343236508967,-0.6136533154929118,-0.38268343236508967
0.19140625,-0.42755509343028025,-0.42755509343028025,-0.42755509343028025,-0.42755509343028025,-0.6533805345575271,-0.4275074716708761
0.1915625,-0.4713967368259941,-0.4713967368259941,-0.4713967368259941,-0.4713967368259941,-0.6841137742431902,-0.4713302260900497
0.19171875,-0.5141027441932227,-0.5141027441932227,-0.5141027441932227,-0.5141027441932227,-0.7066775719670295,-0.5140562982192476
0.19187500000000002,-0.5555702330196075,-0.5555702330196075,-0.5555702330196075,-0.5555702330196075,-0.7221970572817025,-0.5555702330196075
0.19203125000000001,-0.5956993044924368,-0.5956993044924368,-0.5956993044924368,-0.5956993044924368,-0.7320241468371509,-0.5957446037112285
0.1921875,-0.6343932841636474,-0.6343932841636474,-0.6343932841636474,-0.6343932841636474,-0.7376530060904579,-0.6344565511327229
0.19234375,-0.6715589548470188,-0.6715589548470188,-0.6715589548470188,-0.6715589548470188,-0.7406298101497979,-0.6716031356241134
0.1925,-0.7071067811865465,-0.7071067811865465,-0.7071067811865465,-0.7071067811865465,-0.7424621202458765,-0.7071067811865465
0.19265625,-0.7409511253549615,-0.7409511253549615,-0.7409511253549615,-0.7409511253549615,-0.7445331600288029,-0.7409080354051399
0.1928125,-0.7730104533627381,-0.7730104533627381,-0.7730104533627381,-0.7730104533627381,-0.7480259303134213,-0.7729502719601545
0.19296875,-0.8032075314806448,-0.8032075314806448,-0.8032075314806448,-0.8032075314806448,-0.753861463868962,-0.803165505425475
0.193125,-0.831469612302544,-0.831469612302544,-0.831469612302544,-0.831469612302544,-0.7626546325646422,-0.831469612302544
0.19328125000000002,-0.8577286100002736,-0.8577286100002736,-0.8577286100002736,-0.8577286100002736,-0.7746898318370428,-0.8577695984284441
0.1934375,-0.8819212643483555,-0.8819212643483555,-0.8819212643483555,-0.8819212643483555,-0.7899176479626461,-0.8819785106693008
0.19359375,-0.903989293123446,-0.903989293123446,-0.903989293123446,-0.903989293123446,-0.8079723356887132,-0.9040292695437192
0.19375,-0.9238795325112884,-0.9238795325112884,-0.9238795325112884,-0.9238795325112884,-0.8282086744200174,-0.9238795325112884
0.19390625,-0.9415440651830216,-0.9415440651830216,-0.9415440651830216,-0.9415440651830216,-0.8497556061085012,-0.9415050757840817
0.1940625,-0.9569403357322089,-0.9569403357322089,-0.9569403357322089,-0.9569403357322089,-0.8715830571406185,-0.9568858813472814
0.19421875,-0.9700312531945436,-0.9700312531945436,-0.9700312531945436,-0.9700312531945436,-0.8925775697305229,-0.9699932264472936
0.194375,-0.9807852804032298,-0.9807852804032298,-0.9807852804032298,-0.9807852804032298,-0.9116218618598076,-0.9807852804032298
0.19453125000000002,-0.9891765099647822,-0.9891765099647822,-0.9891765099647822,-0.9891765099647822,-0.92767322853176,-0.9892135978282974
0.1946875,-0.9951847266721976,-0.9951847266721976,-0.9951847266721976,-0.9951847266721976,-0.939835802747201,-0.9952365252854337
0.19484375,-0.9987954562051726,-0.9987954562051726,-0.9987954562051726,-0.9987954562051726,-0.9474221050299091,-0.998831628366075
0.195,-1.0,-1.0,-1.0,-1.0,-0.95,-1.0
0.19515625,-0.9987954562051723,-0.9987954562051723,-0.9987954562051723,-0.9987954562051723,-0.9474221050299099,-0.9987601771381048
0.1953125,-0.9951847266721969,-0.9951847266721969,-0.9951847266721969,-0.9951847266721969,-0.9398358027472026,-0.9951354543071383
0.19546875,-0.9891765099647813,-0.9891765099647813,-0.9891765099647813,-0.9891765099647813,-0.9276732285317622,-0.9891421019409833
0.195625,-0.9807852804032314,-0.9807852804032314,-0.9807852804032314,-0.9807852804032314,-0.9116218618598106,-0.9807852804032314
0.19578125000000002,-0.9700312531945422,-0.9700312531945422,-0.9700312531945422,-0.9700312531945422,-0.8925775697305204,-0.9700648116812057
0.19593750000000001,-0.9569403357322073,-0.9569403357322073,-0.9569403357322073,-0.9569403357322073,-0.8715830571406155,-0.9569872050556657
0.19609375,-0.9415440651830196,-0.9415440651830196,-0.9415440651830196,-0.9415440651830196,-0.8497556061084978,-0.9415767951076952
0.19625,-0.9238795325112862,-0.9238795325112862,-0.9238795325112862,-0.9238795325112862,-0.8282086744200137,-0.9238795325112862
0.19640625,-0.9039892931234434,-0.9039892931234434,-0.9039892931234434,-0.9039892931234434,-0.8079723356887135,-0.9039573713034874
0.1965625,-0.8819212643483562,-0.8819212643483562,-0.8819212643483562,-0.8819212643483562,-0.7899176479626486,-0.881876680868776
0.19671875,-0.8577286100002706,-0.8577286100002706,-0.8577286100002706,-0.8577286100002706,-0.7746898318370404,-0.8576974763328574
0.196875,-0.8314696123025447,-0.8314696123025447,-0.8314696123025447,-0.8314696123025447,-0.7626546325646393,-0.8314696123025447
0.19703125,-0.8032075314806455,-0.8032075314806455,-0.8032075314806455,-0.8032075314806455,-0.7538614638689565,-0.8032378964550714
0.19718750000000002,-0.7730104533627343,-0.7730104533627343,-0.7730104533627343,-0.7730104533627343,-0.7480259303134145,-0.7730528624803575
0.19734375,-0.7409511253549576,-0.7409511253549576,-0.7409511253549576,-0.7409511253549576,-0.7445331600287947,-0.7409807406154936
0.1975,-0.7071067811865474,-0.7071067811865474,-0.7071067811865474,-0.7071067811865474,-0.7424621202458723,-0.7071067811865474
0.19765625,-0.6715589548470144,-0.6715589548470144,-0.6715589548470144,-0.6715589548470144,-0.7406298101497878,-0.6715300707898664
0.1978125,-0.6343932841636428,-0.6343932841636428,-0.6343932841636428,-0.6343932841636428,-0.7376530060904474,-0.6343529433630924
0.19796875,-0.5956993044924321,-0.5956993044924321,-0.5956993044924321,-0.5956993044924321,-0.7320241468371401,-0.5956711335851961
0.198125,-0.5555702330196026,-0.5555702330196026,-0.5555702330196026,-0.5555702330196026,-0.7221970572816974,-0.5555702330196026
0.19828125,-0.5141027441932238,-0.5141027441932238,-0.5141027441932238,-0.5141027441932238,-0.7066775719670253,-0.514130219558282
0.19843750000000002,-0.4713967368259952,-0.4713967368259952,-0.4713967368259952,-0.4713967368259952,-0.6841137742431872,-0.47143511018248657
0.19859375,-0.4275550934302749,-0.4275550934302749,-0.4275550934302749,-0.4275550934302749,-0.6533805345575188,-0.4275818904261528
0.19875,-0.38268343236508423,-0.38268343236508423,-0.38268343236508423,-0.38268343236508423,-0.6136533154929048,-0.38268343236508423
0.19890625,-0.3368898533922162,-0.3368898533922162,-0.3368898533922162,-0.3368898533922162,-0.5644667958887358,-0.3368637180165239
0.1990625,-0.29028467725446033,-0.29028467725446033,-0.29028467725446033,-0.29028467725446033,-0.5057547179260911,-0.2902481753886489
0.19921875,-0.24298017990326373,-0.24298017990326373,-0.24298017990326373,-0.24298017990326373,-0.4378684296486215,-0.24295468981229648
0.199375,-0.19509032201613,-0.19509032201613,-0.19509032201613,-0.19509032201613,-0.3615728181993306,-0.19509032201613
0.19953125,-0.14673047445536544,-0.14673047445536544,-0.14673047445536544,-0.14673047445536544,-0.2780196339546146,-0.1467553351937443
0.19968750000000002,-0.0980171403295521,-0.0980171403295521,-0.0980171403295521,-0.0980171403295521,-0.18869951560031997,-0.09805186197836115
0.19984375000000001,-0.04906767432741142,-0.04906767432741142,-0.04906767432741142,-0.04906767432741142,-0.09537526348604292,-0.04909192125197267
